2012.08.10 00:00;113.459;113.602;111.517;113.253
2012.08.11 00:00;113.253;113.253;113.253;113.253
2012.08.12 00:00;113.253;113.253;113.253;113.253
2012.08.13 00:00;113.253;114.759;112.768;113.206
2012.08.14 00:00;113.19;114.02;112.859;113.662
2012.08.15 00:00;113.656;116.338;113.128;116.073
2012.08.16 00:00;116.053;116.918;115.165;115.871
2012.08.17 00:00;115.866;116.229;114.138;115.138
2012.08.20 00:00;115.138;115.945;114.156;114.805
2012.08.21 00:00;114.81;116.82;114.753;115.911
2012.08.22 00:00;115.916;116.459;114.713;116.282
2012.08.23 00:00;116.277;117.531;115.453;115.568
2012.08.24 00:00;115.558;116.361;114.069;114.527
2012.08.27 00:00;114.527;116.44;112.476;113.474
2012.08.28 00:00;113.479;113.962;112.57;113.337
2012.08.29 00:00;113.332;114.118;112.308;113.457
2012.08.30 00:00;113.447;114.196;113.016;113.532
2012.08.31 00:00;113.512;115.614;113.1;115.584
2012.09.03 00:00;115.569;116.59;114.608;116.575
2012.09.04 00:00;116.575;117.155;114.446;114.707
2012.09.05 00:00;114.722;114.84;113.194;114.017
2012.09.06 00:00;114.022;115.529;113.068;113.088
2012.09.07 00:00;113.093;115.006;112.705;114.713
2012.09.08 00:00;114.713;114.713;114.713;114.713
2012.09.10 00:00;114.693;115.225;114.095;114.925
2012.09.11 00:00;114.92;115.477;114.541;115.048
2012.09.12 00:00;115.053;116.611;114.941;115.562
2012.09.13 00:00;115.552;117.49;114.974;116.278
2012.09.14 00:00;116.273;118.542;116.127;117.265
2012.09.15 00:00;117.265;117.265;117.265;117.265
2012.09.16 00:00;117.265;117.265;117.265;117.265
2012.09.17 00:00;117.265;117.544;111.981;113.833
2012.09.18 00:00;113.843;114.907;112.082;112.132
2012.09.19 00:00;112.137;113.447;107.878;108.508
2012.09.20 00:00;108.513;111.002;107.547;110.991
2012.09.21 00:00;110.997;112.137;110.511;111.963
2012.09.23 00:00;111.963;111.963;111.963;111.963
2012.09.24 00:00;111.948;111.948;109.168;110.213
2012.09.25 00:00;110.203;111.819;109.807;110.321
2012.09.26 00:00;110.328;110.581;108.836;110.324
2012.09.27 00:00;110.319;112.818;110.016;112.782
2012.09.28 00:00;112.777;113.699;111.864;112.435
2012.09.29 00:00;112.435;112.435;112.435;112.435
2012.09.30 00:00;112.435;112.435;112.435;112.435
2012.10.01 00:00;112.4;113.535;111.763;112.347
2012.10.02 00:00;112.347;112.681;111.508;111.555
2012.10.03 00:00;111.567;111.579;107.881;108.202
2012.10.04 00:00;108.182;112.891;108.182;112.479
2012.10.05 00:00;112.494;113.224;110.736;112.08
2012.10.06 00:00;112.08;112.08;112.08;112.08
2012.10.07 00:00;112.065;112.065;112.065;112.065
2012.10.08 00:00;112.07;112.377;110.669;112.362
2012.10.09 00:00;112.367;114.83;112.089;114.624
2012.10.10 00:00;114.629;115.7;113.883;114.724
2012.10.11 00:00;114.729;116.087;114.521;115.792
2012.10.12 00:00;115.787;115.99;113.995;114.636
2012.10.14 00:00;114.626;114.626;114.626;114.626
2012.10.15 00:00;114.626;115.443;113.441;115.39
2012.10.16 00:00;115.354;115.827;114.436;114.556
2012.10.17 00:00;114.551;115.236;113.715;114.046
2012.10.18 00:00;114.031;114.969;112.457;113.334
2012.10.19 00:00;113.324;114.114;110.744;110.885
2012.10.20 00:00;110.885;110.885;110.885;110.885
2012.10.21 00:00;110.865;110.885;110.865;110.865
2012.10.22 00:00;110.865;111.714;109.855;110.446
2012.10.23 00:00;110.441;110.527;108.009;108.876
2012.10.24 00:00;108.871;110.01;107.452;108.489
2012.10.25 00:00;108.484;109.914;108.099;109.037
2012.10.26 00:00;109.042;110.25;108.015;110.22
2012.10.28 00:00;110.22;110.22;110.22;110.22
2012.10.29 00:00;110.22;110.782;109.037;109.541
2012.10.30 00:00;109.536;110.591;109.139;109.22
2012.10.31 00:00;109.225;110.227;108.759;108.853
2012.11.01 00:00;108.858;109.457;108.188;108.527
2012.11.02 00:00;108.532;109.195;105.906;106.124
2012.11.03 00:00;106.124;106.124;106.124;106.124
2012.11.05 00:00;105.83;108.475;105.067;108.367
2012.11.06 00:00;108.372;111.59;107.422;111.286
2012.11.07 00:00;111.301;111.885;106.785;106.924
2012.11.08 00:00;106.929;108.386;106.407;107.248
2012.11.09 00:00;107.253;109.978;106.448;109.556
2012.11.12 00:00;109.202;110.481;108.66;108.815
2012.11.13 00:00;108.86;109.031;107.474;108.071
2012.11.14 00:00;108.066;110.171;107.734;109.591
2012.11.15 00:00;109.586;110.432;108.141;108.38
2012.11.16 00:00;108.39;110.054;108.344;109.988
2012.11.19 00:00;110.253;112.951;110.051;112.412
2012.11.20 00:00;112.407;112.561;109.727;111.189
2012.11.21 00:00;111.194;112.13;110.246;111.707
2012.11.22 00:00;111.702;111.839;110.788;111.057
2012.11.23 00:00;111.1;112.173;110.731;111.98
2012.11.24 00:00;111.98;111.98;111.98;111.98
2012.11.26 00:00;111.835;111.981;110.832;111.369
2012.11.27 00:00;111.374;111.9;109.853;110.482
2012.11.28 00:00;110.477;110.659;108.945;110.108
2012.11.29 00:00;110.113;111.759;109.913;110.95
2012.11.30 00:00;110.955;111.784;110.704;111.623
2012.12.01 00:00;111.623;111.623;111.623;111.623
2012.12.02 00:00;111.623;111.623;111.623;111.623
2012.12.03 00:00;111.554;112.688;110.967;111.126
2012.12.04 00:00;111.121;111.228;109.493;109.975
2012.12.05 00:00;109.97;110.893;108.931;109.139
2012.12.06 00:00;109.134;109.451;106.905;107.389
2012.12.07 00:00;107.384;108.124;106.91;107.391
2012.12.08 00:00;107.391;107.391;107.391;107.391
2012.12.09 00:00;107.391;107.391;107.391;107.391
2012.12.10 00:00;107.542;108.703;107.191;107.539
2012.12.11 00:00;107.544;108.487;107.239;108.271
2012.12.12 00:00;108.267;110.612;108.228;109.666
2012.12.13 00:00;109.661;109.671;107.925;108.083
2012.12.14 00:00;108.088;109.812;108.006;109.718
2012.12.17 00:00;109.64;109.908;108.969;109.387
2012.12.18 00:00;109.382;110.328;109.254;110.268
2012.12.19 00:00;110.263;111.803;110.088;111.401
2012.12.20 00:00;111.406;111.938;110.984;111.466
2012.12.21 00:00;111.471;111.548;109.883;110.3
2012.12.24 00:00;109.984;110.04;109.201;109.791
2012.12.26 00:00;109.791;112.502;109.791;112.177
2012.12.27 00:00;112.172;112.309;111.057;111.994
2012.12.28 00:00;111.989;112.31;110.748;111.355
2012.12.31 00:00;111.169;111.768;110.156;111.591
2013.01.02 00:00;111.591;113.592;111.591;113.068
2013.01.03 00:00;113.063;113.238;112.302;112.584
2013.01.04 00:00;112.589;112.789;110.988;111.999
2013.01.07 00:00;111.824;112.105;110.997;112.065
2013.01.08 00:00;112.07;112.878;111.561;112.345
2013.01.09 00:00;112.34;112.595;111.48;111.974
2013.01.10 00:00;111.979;113.573;111.923;112.29
2013.01.11 00:00;112.285;112.343;110.068;110.923
2013.01.14 00:00;110.955;112.204;110.525;112.073
2013.01.15 00:00;112.068;112.527;110.56;110.786
2013.01.16 00:00;110.781;111.337;110.329;110.789
2013.01.17 00:00;110.8;112.331;110.427;111.927
2013.01.18 00:00;111.932;112.894;111.419;112.741
2013.01.21 00:00;112.492;112.829;112.245;112.587
2013.01.22 00:00;112.598;113.444;112.16;113.108
2013.01.23 00:00;113.115;113.921;112.839;113.538
2013.01.24 00:00;113.543;114.376;113.156;114.059
2013.01.25 00:00;114.051;114.544;113.534;114.148
2013.01.26 00:00;114.148;114.148;114.148;114.148
2013.01.28 00:00;114.022;114.39;113.186;114.018
2013.01.29 00:00;114.023;115.047;113.624;114.67
2013.01.30 00:00;114.666;115.751;114.616;115.561
2013.01.31 00:00;115.569;116.248;114.768;116.09
2013.02.01 00:00;116.085;117.526;115.875;116.964
2013.02.03 00:00;116.964;116.964;116.964;116.964
2013.02.04 00:00;116.859;117.009;115.672;115.92
2013.02.05 00:00;115.925;117.538;115.351;116.819
2013.02.06 00:00;116.825;117.324;116.013;117.121
2013.02.07 00:00;117.116;118.076;116.962;117.712
2013.02.08 00:00;117.717;119.32;117.512;118.933
2013.02.09 00:00;118.933;118.933;118.933;118.933
2013.02.11 00:00;118.924;118.991;117.561;118.33
2013.02.12 00:00;118.323;119.011;117.896;118.662
2013.02.13 00:00;118.667;119.248;118.35;118.934
2013.02.14 00:00;118.927;119.252;118.198;118.944
2013.02.15 00:00;118.949;119.036;117.197;118.812
2013.02.16 00:00;118.812;118.812;118.812;118.812
2013.02.18 00:00;118.759;118.766;117.72;118.197
2013.02.19 00:00;118.203;118.366;117.321;118.096
2013.02.20 00:00;118.103;118.407;115.731;115.881
2013.02.21 00:00;115.886;116.016;114.049;114.355
2013.02.22 00:00;114.365;115.454;114.277;114.908
2013.02.25 00:00;114.602;116.427;113.913;113.956
2013.02.26 00:00;113.951;114.857;112.936;113.265
2013.02.27 00:00;113.26;113.842;112.138;112.34
2013.02.28 00:00;112.345;113.027;111.325;111.375
2013.03.01 00:00;111.37;111.778;110.249;111.037
2013.03.02 00:00;111.037;111.037;111.037;111.037
2013.03.04 00:00;110.914;111.201;109.893;110.538
2013.03.05 00:00;110.533;112.152;110.332;112.041
2013.03.06 00:00;112.035;112.566;110.837;111.322
2013.03.07 00:00;111.327;111.757;110.81;111.243
2013.03.08 00:00;111.238;111.702;109.772;111.151
2013.03.09 00:00;111.151;111.151;111.151;111.151
2013.03.11 00:00;110.969;111.19;110.108;110.603
2013.03.12 00:00;110.598;111.774;109.935;110.257
2013.03.13 00:00;110.261;110.521;108.667;109.123
2013.03.14 00:00;109.128;110.284;108.847;110.281
2013.03.15 00:00;110.276;111.496;109.989;111.012
2013.03.16 00:00;111.012;111.012;111.012;111.012
2013.03.18 00:00;109.724;110.535;108.65;110.356
2013.03.19 00:00;110.348;110.458;108.084;108.317
2013.03.20 00:00;108.312;109.717;108.235;109.259
2013.03.21 00:00;109.254;109.531;107.841;107.965
2013.03.22 00:00;107.96;108.684;107.638;108.32
2013.03.23 00:00;108.32;108.32;108.32;108.32
2013.03.25 00:00;108.462;109.717;107.912;108.61
2013.03.26 00:00;108.605;110.174;108.342;110.159
2013.03.27 00:00;110.154;110.564;109.448;110.39
2013.03.28 00:00;110.395;110.683;109.548;110.565
2013.03.29 00:00;110.57;110.585;110.325;110.363
2013.04.01 00:00;110.557;111.763;109.835;111.401
2013.04.02 00:00;111.396;112.2;110.415;110.753
2013.04.03 00:00;110.748;110.823;107.151;107.651
2013.04.04 00:00;107.644;108.394;105.637;106.756
2013.04.05 00:00;106.761;107.008;104.194;104.904
2013.04.06 00:00;104.904;104.904;104.904;104.904
2013.04.08 00:00;104.947;106.069;104.115;105.35
2013.04.09 00:00;105.355;106.875;104.831;106.615
2013.04.10 00:00;106.608;106.838;105.714;106.156
2013.04.11 00:00;106.151;106.441;104.301;104.847
2013.04.12 00:00;104.842;104.951;101.629;103.288
2013.04.13 00:00;103.288;103.288;103.288;103.288
2013.04.15 00:00;103.071;103.185;99.485;99.641
2013.04.16 00:00;99.628;100.73;98.364;100.492
2013.04.17 00:00;100.487;100.781;97.592;97.777
2013.04.18 00:00;97.782;100.164;97.083;99.88
2013.04.19 00:00;99.875;100.651;99.366;99.821
2013.04.22 00:00;99.717;101.323;99.486;100.749
2013.04.23 00:00;100.755;100.851;99.061;100.607
2013.04.24 00:00;100.614;102.243;100.486;102.215
2013.04.25 00:00;102.21;103.651;101.662;103.201
2013.04.26 00:00;103.186;103.585;102.38;103.024
2013.04.29 00:00;102.818;103.911;102.646;103.728
2013.04.30 00:00;103.716;103.925;101.467;101.667
2013.05.01 00:00;101.66;102.248;98.59;99.712
2013.05.02 00:00;99.719;102.732;99.526;102.654
2013.05.03 00:00;102.661;104.634;102.129;103.935
2013.05.06 00:00;105.076;105.348;103.706;105.13
2013.05.07 00:00;105.135;105.674;103.865;103.965
2013.05.08 00:00;103.96;104.719;103.402;104.208
2013.05.09 00:00;104.203;104.511;103.406;104.184
2013.05.10 00:00;104.189;104.423;101.605;103.766
2013.05.13 00:00;103.465;103.623;102.296;102.66
2013.05.14 00:00;102.655;103.108;102.112;102.603
2013.05.15 00:00;102.608;103.789;101.107;103.716
2013.05.16 00:00;103.721;104.454;102.926;103.982
2013.05.17 00:00;103.971;105.044;103.525;104.854
2013.05.20 00:00;104.741;105.46;103.988;104.93
2013.05.21 00:00;104.935;105.286;103.66;103.756
2013.05.22 00:00;103.761;103.924;102.368;102.465
2013.05.23 00:00;102.46;102.796;100.762;102.691
2013.05.24 00:00;102.696;102.907;101.777;102.734
2013.05.27 00:00;102.299;102.746;101.7;101.7
2013.05.28 00:00;102.652;104.788;102.573;104.523
2013.05.29 00:00;104.518;104.563;102.282;102.318
2013.05.30 00:00;102.325;102.926;101.197;102.218
2013.05.31 00:00;102.208;102.474;100.128;100.16
2013.06.03 00:00;99.966;102.402;99.731;102.097
2013.06.04 00:00;102.091;103.523;101.457;103.366
2013.06.05 00:00;103.357;104.008;102.77;102.845
2013.06.06 00:00;102.84;103.926;102.756;103.626
2013.06.07 00:00;103.631;105.037;102.897;104.75
2013.06.10 00:00;104.758;104.795;103.86;103.925
2013.06.11 00:00;103.92;104.061;102.099;102.826
2013.06.12 00:00;102.817;104.397;102.473;103.726
2013.06.13 00:00;103.731;105.341;102.989;105.093
2013.06.14 00:00;105.098;106.841;104.669;106.06
2013.06.17 00:00;106.002;106.835;105.464;105.792
2013.06.18 00:00;105.787;106.396;105.3;106.329
2013.06.19 00:00;106.324;106.766;105.593;105.838
2013.06.20 00:00;105.843;106.013;101.908;102.27
2013.06.21 00:00;102.275;103.236;100.189;101.074
2013.06.24 00:00;100.78;101.762;99.817;101.167
2013.06.25 00:00;101.174;102.188;100.837;101.326
2013.06.26 00:00;101.331;102.004;100.38;101.815
2013.06.27 00:00;101.82;103.445;101.769;102.81
2013.06.28 00:00;102.815;103.535;101.965;102.115
2013.07.01 00:00;102.054;103.781;101.73;103.099
2013.07.02 00:00;103.104;104.202;102.989;104.013
2013.07.03 00:00;104.008;106.08;103.988;105.843
2013.07.04 00:00;105.848;106.055;104.981;105.479
2013.07.05 00:00;105.625;107.939;105.457;107.758
2013.07.08 00:00;107.934;108.053;106.824;107.063
2013.07.09 00:00;107.058;108.065;106.876;108.055
2013.07.10 00:00;108.05;108.63;107.663;107.914
2013.07.11 00:00;107.909;108.778;107.286;107.408
2013.07.12 00:00;107.413;108.877;107.048;108.817
2013.07.15 00:00;108.539;108.891;107.742;108.673
2013.07.16 00:00;108.666;109.291;108.292;108.461
2013.07.17 00:00;108.466;109.285;107.891;109.215
2013.07.18 00:00;109.209;109.396;108.609;109.378
2013.07.19 00:00;109.374;109.738;107.554;109.026
2013.07.22 00:00;108.909;109.168;108.035;108.651
2013.07.23 00:00;108.646;109.09;108.04;108.847
2013.07.24 00:00;108.852;109.057;106.712;107.546
2013.07.25 00:00;107.541;108.295;106.97;108.048
2013.07.26 00:00;108.052;108.222;106.936;107.513
2013.07.29 00:00;107.595;108.225;106.951;107.899
2013.07.30 00:00;107.888;107.912;106.929;107.184
2013.07.31 00:00;107.189;108.225;106.16;108.22
2013.08.01 00:00;108.225;109.887;107.87;109.676
2013.08.02 00:00;109.681;110.326;108.658;109.207
2013.08.05 00:00;108.98;109.634;107.742;108.749
2013.08.06 00:00;108.754;109.303;107.523;108.125
2013.08.07 00:00;108.109;108.191;106.879;107.015
2013.08.08 00:00;107.02;107.548;105.545;106.321
2013.08.09 00:00;106.316;107.885;106.203;107.776
2013.08.12 00:00;107.337;108.766;107.151;108.646
2013.08.13 00:00;108.637;109.548;108.567;109.048
2013.08.14 00:00;109.043;109.812;108.609;109.718
2013.08.15 00:00;109.723;110.859;109.697;110.222
2013.08.16 00:00;110.226;111.482;109.964;111.452
2013.08.19 00:00;111.079;111.712;110.297;110.404
2013.08.20 00:00;110.409;111.404;109.306;110.801
2013.08.21 00:00;110.796;110.932;109.895;110.377
2013.08.22 00:00;110.372;110.785;110.031;110.583
2013.08.23 00:00;110.578;111.836;110.388;111.663
2013.08.26 00:00;111.798;111.896;111.038;111.599
2013.08.27 00:00;111.59;115.145;111.251;115.13
2013.08.28 00:00;115.137;117.851;115.11;116.675
2013.08.29 00:00;116.67;117.505;114.647;115.013
2013.08.30 00:00;115.008;115.959;114.076;114.474
2013.09.02 00:00;112.722;114.933;112.637;114.773
2013.09.03 00:00;114.735;116.328;114.406;115.998
2013.09.04 00:00;116.003;116.394;114.713;115.392
2013.09.05 00:00;115.397;116.01;114.806;115.515
2013.09.06 00:00;115.51;116.901;115.381;116.174
2013.09.09 00:00;115.884;116.37;113.509;113.63
2013.09.10 00:00;113.635;113.99;111.164;111.851
2013.09.11 00:00;111.855;112.943;111.434;112.025
2013.09.12 00:00;112.03;113.649;111.704;113.588
2013.09.13 00:00;113.581;113.608;112.21;113.378
2013.09.16 00:00;112.211;113.018;110.238;111.094
2013.09.17 00:00;111.099;111.451;108.817;109.125
2013.09.18 00:00;109.13;112.456;109.034;111.974
2013.09.19 00:00;111.969;112.622;109.842;110.037
2013.09.20 00:00;110.042;110.962;109.75;110.498
2013.09.23 00:00;110.163;110.597;108.896;109.143
2013.09.24 00:00;109.138;109.975;108.509;109.797
2013.09.25 00:00;109.804;111.135;108.892;108.957
2013.09.26 00:00;108.962;110.249;108.956;110.12
2013.09.27 00:00;110.115;110.601;109.039;109.358
2013.09.30 00:00;108.759;109.459;108.022;108.941
2013.10.01 00:00;108.935;109.163;107.552;108.329
2013.10.02 00:00;108.334;110.179;108.157;109.686
2013.10.03 00:00;109.681;110.508;109.221;109.261
2013.10.04 00:00;109.265;110.378;109.22;109.894
2013.10.07 00:00;109.669;110.631;108.391;110.019
2013.10.08 00:00;110.012;111.217;109.827;110.541
2013.10.09 00:00;110.536;110.668;108.547;109.205
2013.10.10 00:00;109.215;112.251;109.215;111.929
2013.10.11 00:00;111.922;112.123;110.824;111.205
2013.10.14 00:00;111.02;111.593;110.084;111.103
2013.10.15 00:00;111.098;111.447;109.801;109.947
2013.10.16 00:00;109.942;112.224;109.927;111.459
2013.10.17 00:00;111.448;111.577;109.595;109.928
2013.10.18 00:00;109.923;111.1;109.813;110.94
2013.10.21 00:00;110.717;110.95;109.983;110.531
2013.10.22 00:00;110.538;111.675;110.314;110.751
2013.10.23 00:00;110.746;110.778;108.036;108.186
2013.10.24 00:00;108.181;108.932;107.553;107.591
2013.10.25 00:00;107.596;108.027;106.888;107.757
2013.10.28 00:00;107.514;110.217;107.463;109.927
2013.10.29 00:00;109.922;110.014;108.958;109.406
2013.10.30 00:00;109.401;110.636;109.086;110.319
2013.10.31 00:00;110.324;110.339;109.002;109.352
2013.11.01 00:00;109.344;109.796;106.185;106.334
2013.11.04 00:00;106.241;106.9;105.45;106.427
2013.11.05 00:00;106.42;106.745;105.501;105.818
2013.11.06 00:00;105.813;106.68;105.328;105.358
2013.11.07 00:00;105.346;105.665;103.764;103.932
2013.11.08 00:00;103.921;105.61;103.452;105.192
2013.11.11 00:00;105.816;106.591;105.405;106.54
2013.11.12 00:00;106.545;107.394;105.552;106.065
2013.11.13 00:00;106.06;107.456;105.863;107.062
2013.11.14 00:00;107.057;109.223;107.031;108.431
2013.11.15 00:00;108.426;108.921;107.956;108.62
2013.11.18 00:00;108.473;108.964;107.775;108.375
2013.11.19 00:00;108.38;108.866;107.041;107.276
2013.11.20 00:00;107.269;108.592;106.735;108.044
2013.11.21 00:00;108.039;110.46;107.845;110.372
2013.11.22 00:00;110.367;111.604;109.867;110.849
2013.11.25 00:00;108.73;111.812;108.235;111.182
2013.11.26 00:00;111.177;111.649;110.589;111.228
2013.11.27 00:00;111.219;111.817;110.678;111.704
2013.11.28 00:00;111.699;111.706;110.768;111.138
2013.11.29 00:00;111.14;111.641;109.762;110.227
2013.12.02 00:00;110.259;112.355;109.401;111.392
2013.12.03 00:00;111.397;112.826;111.052;112.579
2013.12.04 00:00;112.574;112.892;111.381;111.505
2013.12.05 00:00;111.51;112.161;110.795;111.044
2013.12.06 00:00;111.049;112.019;110.91;111.724
2013.12.09 00:00;111.571;111.739;109.074;109.079
2013.12.10 00:00;109.084;110.522;108.739;109.466
2013.12.11 00:00;109.461;110.009;108.79;109.813
2013.12.12 00:00;109.818;110.089;108.434;108.459
2013.12.13 00:00;108.464;108.921;107.926;108.583
2013.12.16 00:00;109.347;110.679;108.811;109.402
2013.12.17 00:00;109.407;109.674;108.458;108.543
2013.12.18 00:00;108.548;109.982;108.067;109.561
2013.12.19 00:00;109.566;110.774;109.394;110.434
2013.12.20 00:00;110.429;112.142;110.122;112.026
2013.12.23 00:00;112.093;112.142;111.486;111.856
2013.12.24 00:00;111.849;112.265;111.638;112.202
2013.12.26 00:00;112.189;112.316;111.656;112.183
2013.12.27 00:00;112.178;112.982;111.711;112.291
2013.12.30 00:00;112.386;112.792;111.054;111.366
2013.12.31 00:00;111.371;111.659;110.602;110.91
2014.01.02 00:00;112.201;112.201;107.763;107.895
2014.01.03 00:00;107.9;108.747;106.896;107.075
2014.01.06 00:00;107.075;108.032;106.665;107.125
2014.01.07 00:00;107.13;107.775;106.956;107.506
2014.01.08 00:00;107.501;108;107.066;107.372
2014.01.09 00:00;107.377;108.167;106.152;106.409
2014.01.10 00:00;106.404;107.287;105.94;107.287
2014.01.13 00:00;106.988;107.105;106.03;106.035
2014.01.14 00:00;106.04;106.684;105.606;105.606
2014.01.15 00:00;105.601;107.089;105.435;106.446
2014.01.16 00:00;106.441;106.758;105.829;105.863
2014.01.17 00:00;105.858;107.293;105.795;106.633
2014.01.20 00:00;106.713;106.952;106.131;106.561
2014.01.21 00:00;106.549;108.297;106.511;107.14
2014.01.22 00:00;107.134;108.609;107.079;108.43
2014.01.23 00:00;108.435;108.555;107.645;107.805
2014.01.24 00:00;107.8;108.282;106.492;108.185
2014.01.27 00:00;108.018;108.04;106.658;107.203
2014.01.28 00:00;107.208;107.99;106.963;107.688
2014.01.29 00:00;107.683;108.229;107.128;107.943
2014.01.30 00:00;107.945;108.594;107.851;108.18
2014.01.31 00:00;108.177;108.202;106.489;106.534
2014.02.03 00:00;106.248;106.799;105.518;106.179
2014.02.04 00:00;106.176;106.297;105.603;106.04
2014.02.05 00:00;106.05;106.542;105.714;106.314
2014.02.06 00:00;106.317;107.564;106.241;107.554
2014.02.07 00:00;107.559;109.712;106.966;109.519
2014.02.10 00:00;109.585;109.616;108.43;108.468
2014.02.11 00:00;108.47;109.248;108.372;108.842
2014.02.12 00:00;108.829;109.604;108.665;108.896
2014.02.13 00:00;108.896;109.32;108.217;109.149
2014.02.14 00:00;109.152;109.814;108.418;109.508
2014.02.17 00:00;109.78;109.81;109.161;109.596
2014.02.18 00:00;109.596;111.195;109.338;111.157
2014.02.19 00:00;111.157;111.299;110.504;110.955
2014.02.20 00:00;110.962;110.983;110.037;110.894
2014.02.21 00:00;110.889;110.946;109.794;110.255
2014.02.24 00:00;110.604;111.165;109.889;111.112
2014.02.25 00:00;111.098;111.098;109.79;109.925
2014.02.26 00:00;109.967;110.317;109.563;109.741
2014.02.27 00:00;109.731;109.811;108.979;109.181
2014.02.28 00:00;109.175;109.659;108.718;109.433
2014.03.03 00:00;111.208;112.651;110.644;111.384
2014.03.04 00:00;111.384;111.603;109.322;109.379
2014.03.05 00:00;109.379;109.655;107.782;107.912
2014.03.06 00:00;107.922;108.674;107.541;108.532
2014.03.07 00:00;108.534;109.217;107.945;108.89
2014.03.10 00:00;108.757;108.875;107.836;107.907
2014.03.11 00:00;107.91;108.682;107.872;108.109
2014.03.12 00:00;108.109;108.421;107.504;108.102
2014.03.13 00:00;108.102;108.36;107.058;107.422
2014.03.14 00:00;107.422;109.018;107.306;108.797
2014.03.17 00:00;108.838;108.908;106.642;106.795
2014.03.18 00:00;106.787;107.322;106.334;107.079
2014.03.19 00:00;107.077;107.342;106.17;106.292
2014.03.20 00:00;106.297;107.189;105.859;106.614
2014.03.21 00:00;106.611;108.195;106.437;107.433
2014.03.24 00:00;107.182;107.877;106.832;106.969
2014.03.25 00:00;106.966;107.839;106.805;107.251
2014.03.26 00:00;107.248;107.691;106.825;107.239
2014.03.27 00:00;107.244;108.315;107.095;108.032
2014.03.28 00:00;108.035;108.702;107.931;108.314
2014.03.31 00:00;108.115;108.586;107.307;107.945
2014.04.01 00:00;107.952;108.035;105.342;105.51
2014.04.02 00:00;105.52;106.071;104.179;104.925
2014.04.03 00:00;104.922;106.523;104.661;106.449
2014.04.04 00:00;106.444;107.236;106.296;106.836
2014.04.07 00:00;106.364;106.77;105.285;106.161
2014.04.08 00:00;106.166;107.967;105.962;107.644
2014.04.09 00:00;107.639;108.263;107.251;107.955
2014.04.10 00:00;107.945;108.062;107.483;107.537
2014.04.11 00:00;107.535;108.062;107.202;107.395
2014.04.14 00:00;107.916;109.272;107.421;109.111
2014.04.15 00:00;109.109;109.876;108.45;109.42
2014.04.16 00:00;109.423;110.483;109.123;109.67
2014.04.17 00:00;109.68;110.305;109.192;109.806
2014.04.18 00:00;109.811;109.871;109.804;109.831
2014.04.21 00:00;109.739;110.153;108.994;110.013
2014.04.22 00:00;110.023;110.094;108.623;109.56
2014.04.23 00:00;109.563;109.63;108.698;109.318
2014.04.24 00:00;109.313;110.723;109.161;110.455
2014.04.25 00:00;110.459;110.709;109.34;109.594
2014.04.28 00:00;109.859;110.266;107.934;108.257
2014.04.29 00:00;108.249;109.427;108.066;108.905
2014.04.30 00:00;108.9;108.96;107.608;108.173
2014.05.01 00:00;108.177;108.268;106.899;107.725
2014.05.02 00:00;107.715;109;107.639;108.669
2014.05.05 00:00;108.542;108.938;107.093;107.522
2014.05.06 00:00;107.512;108.233;106.998;107.11
2014.05.07 00:00;107.115;108.276;106.989;108.126
2014.05.08 00:00;108.129;108.139;107.408;108.009
2014.05.09 00:00;108.001;108.964;107.567;107.826
2014.05.12 00:00;107.925;108.654;107.857;108.254
2014.05.13 00:00;108.249;109.209;107.91;109.206
2014.05.14 00:00;109.199;110.007;109.089;109.745
2014.05.15 00:00;109.737;110.092;109.279;109.522
2014.05.16 00:00;109.519;110.472;109.319;110.148
2014.05.19 00:00;110.248;110.725;109.692;109.744
2014.05.20 00:00;109.741;110.375;109.48;110.201
2014.05.21 00:00;110.209;111.093;110.062;110.869
2014.05.22 00:00;110.867;111.386;110.513;110.764
2014.05.23 00:00;110.757;111.041;110.582;110.913
2014.05.26 00:00;110.725;110.792;110.051;110.589
2014.05.27 00:00;110.62;111.075;109.991;110.472
2014.05.28 00:00;110.465;110.661;109.68;110.24
2014.05.29 00:00;110.245;110.707;109.968;110.333
2014.05.30 00:00;110.34;110.366;109.457;109.79
2014.06.02 00:00;109.76;110.055;108.787;108.968
2014.06.03 00:00;108.973;109.154;108.525;108.997
2014.06.04 00:00;109;109.576;108.371;108.424
2014.06.05 00:00;108.431;109.05;107.907;108.986
2014.06.06 00:00;108.996;109.377;108.488;108.768
2014.06.09 00:00;108.536;110.024;108.503;109.738
2014.06.10 00:00;109.728;110.204;109.135;109.587
2014.06.11 00:00;109.585;110.267;109.456;110.172
2014.06.12 00:00;110.179;113.419;110.071;113.264
2014.06.13 00:00;113.264;114.744;112.667;112.953
2014.06.16 00:00;113.717;113.898;112.944;113.531
2014.06.17 00:00;113.536;114.393;112.753;114.057
2014.06.18 00:00;114.049;115.093;113.631;114.823
2014.06.19 00:00;114.828;116.268;114.662;115.544
2014.06.20 00:00;115.537;115.641;114.963;115.263
2014.06.23 00:00;115.493;116.13;114.336;114.531
2014.06.24 00:00;114.534;115.281;114.005;114.717
2014.06.25 00:00;114.72;114.945;113.669;114.629
2014.06.26 00:00;114.607;114.69;113.423;113.495
2014.06.27 00:00;113.492;114.103;113.295;113.585
2014.06.30 00:00;113.46;113.502;112.488;112.645
2014.07.01 00:00;112.65;113.137;112.161;112.502
2014.07.02 00:00;112.5;112.702;111.197;111.257
2014.07.03 00:00;111.267;111.427;110.801;111.32
2014.07.04 00:00;111.312;111.536;110.801;110.883
2014.07.07 00:00;110.748;111.11;110.118;110.24
2014.07.08 00:00;110.235;110.329;108.86;109.058
2014.07.09 00:00;109.066;109.139;108.291;108.321
2014.07.10 00:00;108.327;109.174;107.947;108.884
2014.07.11 00:00;108.887;109.049;106.93;107.295
2014.07.14 00:00;107.26;108.088;106.9;107.623
2014.07.15 00:00;107.633;107.661;105.573;106.726
2014.07.16 00:00;106.707;107.941;106.606;107.206
2014.07.17 00:00;107.199;108.496;106.781;108.354
2014.07.18 00:00;108.364;108.594;106.924;107.097
2014.07.21 00:00;106.958;107.842;106.765;107.738
2014.07.22 00:00;107.73;108.373;107.005;107.008
2014.07.23 00:00;107.015;108.188;106.791;108.151
2014.07.24 00:00;108.156;108.228;106.816;107.189
2014.07.25 00:00;107.191;108.439;106.706;108.179
2014.07.28 00:00;108.144;108.174;106.997;107.55
2014.07.29 00:00;107.542;108.025;107.112;107.48
2014.07.30 00:00;107.477;107.843;105.825;106.01
2014.07.31 00:00;106.022;106.571;105.438;105.498
2014.08.01 00:00;105.493;106.098;104.374;104.623
2014.08.04 00:00;104.677;105.692;104.504;105.459
2014.08.05 00:00;105.454;105.627;104.064;104.855
2014.08.06 00:00;104.867;105.422;104.525;104.612
2014.08.07 00:00;104.605;105.828;104.143;105.679
2014.08.08 00:00;105.677;106.742;104.657;104.742
2014.08.11 00:00;104.912;105.495;104.573;104.664
2014.08.12 00:00;104.656;104.704;102.891;103.159
2014.08.13 00:00;103.154;104.537;102.666;104.23
2014.08.14 00:00;104.238;104.505;101.361;101.621
2014.08.15 00:00;101.614;103.21;101.47;102.724
2014.08.18 00:00;102.391;102.449;100.626;101.366
2014.08.19 00:00;101.366;101.58;100.604;101.118
2014.08.20 00:00;101.108;101.898;100.947;101.849
2014.08.21 00:00;101.842;102.342;100.765;102.284
2014.08.22 00:00;102.269;102.393;101.572;101.76
2014.08.25 00:00;101.484;102.431;101.291;102.32
2014.08.26 00:00;102.325;103.012;101.989;102.192
2014.08.27 00:00;102.197;102.708;101.707;102.218
2014.08.28 00:00;102.228;102.862;101.921;102.148
2014.08.29 00:00;102.155;102.98;102.091;102.755
2014.09.01 00:00;102.808;103.015;102.303;102.57
2014.09.02 00:00;102.403;102.605;99.929;100.297
2014.09.03 00:00;100.29;102.894;100.163;102.16
2014.09.04 00:00;102.15;102.743;101.483;101.625
2014.09.05 00:00;101.632;102.23;100.158;100.733
2014.09.08 00:00;100.712;100.839;99.216;100.12
2014.09.09 00:00;100.13;100.489;98.901;99.092
2014.09.10 00:00;99.092;99.331;97.495;97.979
2014.09.11 00:00;97.974;98.321;96.617;98.018
2014.09.12 00:00;98.023;98.665;96.802;97.044
2014.09.15 00:00;96.228;97.578;96.206;97.218
2014.09.16 00:00;97.215;98.631;96.648;98.135
2014.09.17 00:00;98.154;98.829;97.75;97.952
2014.09.18 00:00;97.944;98.39;96.676;96.897
2014.09.19 00:00;96.897;97.766;96.465;97.632
2014.09.22 00:00;97.396;97.45;95.754;96.251
2014.09.23 00:00;96.241;96.966;95.942;96.315
2014.09.24 00:00;96.318;96.753;95.034;96.506
2014.09.25 00:00;96.498;96.996;95.669;96.463
2014.09.26 00:00;96.458;96.951;95.923;96.473
2014.09.29 00:00;96.194;96.867;95.807;96.661
2014.09.30 00:00;96.668;97.346;93.802;94.448
2014.10.01 00:00;94.447;95.807;93.386;93.749
2014.10.02 00:00;93.754;93.967;91.185;93.422
2014.10.03 00:00;93.42;93.686;91.136;91.844
2014.10.06 00:00;91.677;92.938;90.974;92.652
2014.10.07 00:00;92.657;92.718;91.146;91.526
2014.10.08 00:00;91.519;91.619;90.344;91.4
2014.10.09 00:00;91.407;91.631;88.374;88.556
2014.10.10 00:00;88.566;90.278;87.912;89.562
2014.10.13 00:00;88.994;89.201;87.811;87.972
2014.10.14 00:00;87.967;88.649;84.385;85.431
2014.10.15 00:00;85.412;85.709;83.036;83.513
2014.10.16 00:00;83.516;87.685;82.632;85.743
2014.10.17 00:00;85.734;87.025;85.186;85.872
2014.10.20 00:00;86.158;86.315;84.147;85.034
2014.10.21 00:00;85.042;86.218;84.865;86.099
2014.10.22 00:00;86.109;86.816;84.233;84.438
2014.10.23 00:00;84.433;86.94;83.887;86.57
2014.10.24 00:00;86.567;86.58;85.095;86.061
2014.10.27 00:00;85.663;86.04;84.354;85.185
2014.10.28 00:00;85.185;86.164;84.903;85.991
2014.10.29 00:00;85.993;87.755;85.877;86.719
2014.10.30 00:00;86.712;86.923;85.545;85.851
2014.10.31 00:00;85.858;86.075;84.448;85.761
2014.11.03 00:00;85.72;86.269;83.881;84.046
2014.11.04 00:00;84.046;84.308;81.973;82.704
2014.11.05 00:00;82.683;84.344;81.523;83.156
2014.11.06 00:00;83.156;83.216;81.968;82.736
2014.11.07 00:00;82.741;83.743;82.147;83.025
2014.11.10 00:00;83.616;84.879;82.021;82.049
2014.11.11 00:00;82.054;82.419;80.698;81.374
2014.11.12 00:00;81.384;81.836;79.955;80.063
2014.11.13 00:00;80.063;80.47;76.793;77.105
2014.11.14 00:00;77.102;79.234;76.265;79.077
2014.11.17 00:00;78.741;78.973;77.473;78.629
2014.11.18 00:00;78.629;79.474;77.761;77.983
2014.11.19 00:00;77.98;79.007;77.616;77.759
2014.11.20 00:00;77.751;79.505;77.137;79.505
2014.11.21 00:00;79.502;81.188;78.656;80.079
2014.11.24 00:00;79.989;80.47;79.071;79.156
2014.11.25 00:00;79.159;80.09;77.69;77.839
2014.11.26 00:00;77.839;78.521;76.977;77.234
2014.11.27 00:00;77.236;77.248;70.952;72.251
2014.11.28 00:00;72.072;73.123;69.509;69.708
2014.12.01 00:00;68.539;72.777;67.302;72.573
2014.12.02 00:00;72.578;72.786;70.183;70.752
2014.12.03 00:00;70.74;71.248;69.298;69.666
2014.12.04 00:00;69.658;70.395;68.625;69.287
2014.12.05 00:00;69.282;69.643;67.935;68.522
2014.12.08 00:00;67.896;68.32;65.803;65.978
2014.12.09 00:00;65.972;66.901;65.17;66.31
2014.12.10 00:00;66.305;66.307;63.396;64.276
2014.12.11 00:00;64.286;64.929;62.996;63.175
2014.12.12 00:00;63.18;63.519;61.313;61.357
2014.12.15 00:00;60.936;63.084;60.046;60.288
2014.12.16 00:00;60.294;60.893;58.166;59.493
2014.12.17 00:00;59.496;63.115;58.383;60.32
2014.12.18 00:00;60.322;63.332;58.85;59.572
2014.12.19 00:00;59.567;62.33;58.738;61.871
2014.12.22 00:00;61.381;62.641;59.558;59.793
2014.12.23 00:00;59.803;61.853;59.568;60.936
2014.12.24 00:00;60.93;61.411;59.111;59.89
2014.12.26 00:00;59.993;60.706;58.974;59.417
2014.12.29 00:00;59.621;60.211;57.16;57.816
2014.12.30 00:00;57.818;58.184;56.545;57.33
2014.12.31 00:00;57.335;57.409;55.632;56.646
2015.01.02 00:00;57.93;58.356;55.315;56.221
2015.01.05 00:00;55.764;55.975;52.546;52.914
2015.01.06 00:00;52.924;53.478;50.421;50.965
2015.01.07 00:00;50.96;51.732;49.564;50.996
2015.01.08 00:00;50.975;51.799;49.828;51.053
2015.01.09 00:00;51.062;51.406;49.067;50.186
2015.01.12 00:00;49.616;49.739;47.533;47.541
2015.01.13 00:00;47.541;47.612;45.538;47.163
2015.01.14 00:00;47.173;49.47;45.937;48.918
2015.01.15 00:00;48.908;51.507;47.245;47.442
2015.01.16 00:00;47.437;49.51;47.252;49.152
2015.01.19 00:00;49.213;49.572;47.96;48.078
2015.01.20 00:00;48.151;48.759;47.096;47.457
2015.01.21 00:00;47.462;48.906;47.44;48.07
2015.01.22 00:00;48.072;49.772;47.395;48.186
2015.01.23 00:00;48.179;49.148;47.966;48.007
2015.01.26 00:00;47.869;48.737;47.037;47.577
2015.01.27 00:00;47.569;49.468;47.181;48.746
2015.01.28 00:00;48.736;49.227;47.826;48.071
2015.01.29 00:00;48.065;48.797;47.914;48.592
2015.01.30 00:00;48.589;52.624;48.332;51.96
2015.02.02 00:00;51.54;55.101;51.037;54.736
2015.02.03 00:00;54.741;58.616;54.447;56.657
2015.02.04 00:00;56.655;57.713;53.193;54.191
2015.02.05 00:00;54.201;57.557;52.784;56.263
2015.02.06 00:00;56.268;58.753;56.263;57.826
2015.02.09 00:00;57.932;59.416;57.231;57.951
2015.02.10 00:00;57.951;58.557;56.21;57.095
2015.02.11 00:00;57.113;57.22;54.233;55.501
2015.02.12 00:00;55.504;58.949;55.144;58.257
2015.02.13 00:00;58.257;60.783;58.134;60.523
2015.02.16 00:00;60.713;61.624;59.838;60.586
2015.02.17 00:00;60.717;62.126;59.436;61.363
2015.02.18 00:00;61.368;61.613;58.462;58.617
2015.02.19 00:00;58.608;60.199;57.054;59.339
2015.02.20 00:00;59.339;60.373;59.073;59.323
2015.02.23 00:00;59.436;60.011;57.719;58.353
2015.02.24 00:00;58.353;59.649;57.484;57.966
2015.02.25 00:00;57.956;61.553;57.821;61.316
2015.02.26 00:00;61.307;62.015;59.089;60.083
2015.02.27 00:00;60.083;62.26;59.935;61.599
2015.03.02 00:00;61.523;61.882;58.893;59.428
2015.03.03 00:00;59.423;61.382;59.231;60.528
2015.03.04 00:00;60.526;60.667;59.163;60.001
2015.03.05 00:00;60.006;61.008;59.533;60.089
2015.03.06 00:00;60.084;60.682;58.654;59.223
2015.03.09 00:00;58.799;59.552;58.02;58.14
2015.03.10 00:00;58.138;58.334;55.745;56.123
2015.03.11 00:00;56.117;57.37;55.506;57.35
2015.03.12 00:00;57.353;58.282;55.917;56.418
2015.03.13 00:00;56.425;56.757;53.994;54.056
2015.03.16 00:00;53.267;54.291;51.968;53.449
2015.03.17 00:00;53.446;53.66;51.912;52.614
2015.03.18 00:00;52.607;56.135;52.043;55.518
2015.03.19 00:00;55.525;55.674;53.281;53.759
2015.03.20 00:00;53.769;55.033;52.942;54.537
2015.03.23 00:00;54.154;55.62;53.568;55.235
2015.03.24 00:00;55.238;56.238;54.323;54.78
2015.03.25 00:00;54.78;56.63;54.206;55.845
2015.03.26 00:00;55.838;59.228;55.748;58.543
2015.03.27 00:00;58.53;58.565;55.475;55.68
2015.03.30 00:00;55.614;56.231;54.802;56.032
2015.03.31 00:00;56.044;56.149;54.338;54.837
2015.04.01 00:00;54.842;57.314;54.335;56.333
2015.04.02 00:00;56.336;56.913;53.674;54.85
2015.04.03 00:00;54.847;54.9;54.759;54.774
2015.04.06 00:00;55.324;57.983;55.271;57.539
2015.04.07 00:00;57.526;59.028;56.79;58.11
2015.04.08 00:00;58.113;58.493;55.258;55.906
2015.04.09 00:00;55.892;57.823;55.757;56.65
2015.04.10 00:00;56.655;57.896;56.063;57.707
2015.04.13 00:00;57.722;59.371;57.385;57.95
2015.04.14 00:00;57.947;59.262;57.812;59.003
2015.04.15 00:00;59.011;62.275;58.839;61.685
2015.04.16 00:00;61.685;63.753;60.855;62.583
2015.04.17 00:00;62.59;63.357;61.792;62.567
2015.04.20 00:00;63.156;63.377;61.118;62.494
2015.04.21 00:00;62.501;62.544;60.725;60.825
2015.04.22 00:00;60.826;62.384;60.485;61.785
2015.04.23 00:00;61.78;64.663;61.335;63.87
2015.04.24 00:00;63.88;64.9;63.614;64.532
2015.04.27 00:00;64.66;64.851;63.662;63.801
2015.04.28 00:00;63.796;64.777;63.226;63.915
2015.04.29 00:00;63.915;66.029;63.463;64.902
2015.04.30 00:00;64.895;66.277;64.72;66.171
2015.05.01 00:00;66.164;66.304;64.933;65.902
2015.05.04 00:00;65.961;66.605;65.475;66.023
2015.05.05 00:00;66.01;67.938;65.687;67.201
2015.05.06 00:00;67.194;69.2;66.969;67.076
2015.05.07 00:00;67.081;68.102;64.829;65.314
2015.05.08 00:00;65.3;65.775;63.926;65.165
2015.05.11 00:00;65.126;65.498;64.012;64.597
2015.05.12 00:00;64.604;66.812;64.408;66.804
2015.05.13 00:00;66.805;67.525;65.902;66.024
2015.05.14 00:00;66.019;66.857;65.332;65.768
2015.05.15 00:00;65.782;66.083;64.468;66.037
2015.05.18 00:00;66.016;67.021;65.1;65.508
2015.05.19 00:00;65.511;65.575;63.187;63.581
2015.05.20 00:00;63.586;64.397;63.357;64.053
2015.05.21 00:00;64.058;66.118;64.047;65.739
2015.05.22 00:00;65.731;65.879;64.395;64.846
2015.05.25 00:00;64.9;65.583;64.098;64.883
2015.05.26 00:00;65.05;65.082;62.708;63.389
2015.05.27 00:00;63.375;64.088;61.432;61.789
2015.05.28 00:00;61.782;62.416;60.746;62.364
2015.05.29 00:00;62.369;65.311;62.187;65.009
2015.06.01 00:00;64.834;65.299;63.825;64.482
2015.06.02 00:00;64.497;65.419;64.172;64.967
2015.06.03 00:00;64.959;65.027;63.137;63.343
2015.06.04 00:00;63.337;63.716;61.461;61.775
2015.06.05 00:00;61.78;63.105;60.638;62.888
2015.06.08 00:00;62.695;63.131;62.233;62.549
2015.06.09 00:00;62.556;65.015;62.39;64.881
2015.06.10 00:00;64.881;66.158;64.674;65.354
2015.06.11 00:00;65.357;65.883;64.384;64.688
2015.06.12 00:00;64.683;64.804;63.724;63.883
2015.06.15 00:00;63.605;64.016;62.659;63.106
2015.06.16 00:00;63.106;63.686;62.728;63.053
2015.06.17 00:00;63.058;64.765;61.934;63.11
2015.06.18 00:00;63.105;64.282;62.782;63.59
2015.06.19 00:00;63.575;63.907;61.728;62.232
2015.06.22 00:00;61.955;63.169;61.54;62.773
2015.06.23 00:00;62.772;64.334;62.216;63.905
2015.06.24 00:00;63.899;64.502;62.495;63.049
2015.06.25 00:00;63.054;63.435;62.227;62.823
2015.06.26 00:00;62.828;63.118;62.026;62.703
2015.06.29 00:00;62.165;62.542;60.948;61.593
2015.06.30 00:00;61.588;63.431;61.32;62.819
2015.07.01 00:00;62.822;62.974;61.484;61.688
2015.07.02 00:00;61.68;62.848;61.438;61.51
2015.07.03 00:00;61.496;61.721;59.812;60.005
2015.07.06 00:00;59.266;59.685;56.146;56.487
2015.07.07 00:00;56.492;57.613;54.892;57.164
2015.07.08 00:00;57.159;57.544;55.666;57.092
2015.07.09 00:00;57.094;59.061;56.818;58.34
2015.07.10 00:00;58.341;59.484;57.702;58.565
2015.07.13 00:00;57.982;58.728;56.734;57.754
2015.07.14 00:00;57.759;58.55;56.368;58.483
2015.07.15 00:00;58.494;58.584;56.557;56.971
2015.07.16 00:00;56.98;57.626;56.503;56.656
2015.07.17 00:00;56.66;56.991;56.05;56.726
2015.07.20 00:00;56.729;57.111;56.016;56.189
2015.07.21 00:00;56.194;57.124;56.025;56.64
2015.07.22 00:00;56.625;56.779;55.632;55.745
2015.07.23 00:00;55.748;56.24;54.826;55.178
2015.07.24 00:00;55.186;55.314;54.033;54.351
2015.07.27 00:00;54.421;54.646;52.603;52.653
2015.07.28 00:00;52.648;53.853;52.062;52.802
2015.07.29 00:00;52.794;54.107;52.304;53.395
2015.07.30 00:00;53.412;54.171;52.826;53.121
2015.07.31 00:00;53.126;53.27;51.439;51.616
2015.08.03 00:00;51.602;51.845;49.218;49.496
2015.08.04 00:00;49.506;50.303;49.425;50.056
2015.08.05 00:00;50.064;50.852;48.889;49.495
2015.08.06 00:00;49.495;49.708;48.763;49.624
2015.08.07 00:00;49.612;49.95;48.315;48.408
2015.08.10 00:00;48.225;50.402;48.149;50.121
2015.08.11 00:00;50.126;51.019;48.565;49.095
2015.08.12 00:00;49.093;49.911;48.672;49.626
2015.08.13 00:00;49.619;50.217;48.669;49.037
2015.08.14 00:00;49.04;49.247;48.088;48.159
2015.08.17 00:00;48.101;48.911;47.838;48.146
2015.08.18 00:00;48.139;48.547;47.752;48.014
2015.08.19 00:00;48.028;48.616;46.314;46.393
2015.08.20 00:00;46.393;46.921;45.596;45.721
2015.08.21 00:00;45.716;46.079;44.659;44.881
2015.08.24 00:00;44.87;44.884;41.877;42.169
2015.08.25 00:00;42.171;44.134;42.063;43.118
2015.08.26 00:00;43.113;43.425;42.484;43.299
2015.08.27 00:00;43.297;47.404;43.277;47.227
2015.08.28 00:00;47.222;50.629;46.287;49.558
2015.08.31 00:00;49.221;53.998;47.971;52.625
2015.09.01 00:00;52.63;53.17;48.229;48.253
2015.09.02 00:00;48.26;50.736;47.497;50.128
2015.09.03 00:00;50.128;52.194;49.577;50.347
2015.09.04 00:00;50.349;50.8;49.058;49.061
2015.09.07 00:00;49.074;49.257;47.349;47.571
2015.09.08 00:00;47.795;49.685;47.479;49.195
2015.09.09 00:00;49.188;49.882;47.304;47.347
2015.09.10 00:00;47.341;48.828;46.648;48.563
2015.09.11 00:00;48.568;48.819;47.06;48.004
2015.09.14 00:00;48.025;48.197;46.313;46.544
2015.09.15 00:00;46.533;47.239;46.101;47.083
2015.09.16 00:00;47.08;49.385;46.793;48.967
2015.09.17 00:00;48.966;49.215;47.443;48.322
2015.09.18 00:00;48.322;48.866;46.333;46.914
2015.09.21 00:00;46.792;48.213;46.735;47.966
2015.09.22 00:00;47.958;48.468;46.973;48.451
2015.09.23 00:00;48.442;49.515;46.986;47.128
2015.09.24 00:00;47.122;47.79;46.739;47.608
2015.09.25 00:00;47.613;48.441;47.216;47.719
2015.09.28 00:00;47.771;47.831;46.717;46.818
2015.09.29 00:00;46.825;48.099;46.721;47.46
2015.09.30 00:00;47.453;48.476;47.281;48.021
2015.10.01 00:00;48.031;49.349;47.171;47.499
2015.10.02 00:00;47.493;48.046;46.507;47.756
2015.10.05 00:00;47.699;49.5;47.69;48.887
2015.10.06 00:00;48.88;51.899;48.53;51.869
2015.10.07 00:00;51.854;52.826;50.907;51.421
2015.10.08 00:00;51.409;53.233;51.003;53.057
2015.10.09 00:00;53.025;53.783;51.959;52.256
2015.10.12 00:00;52.579;53.086;49.683;50.145
2015.10.13 00:00;50.155;50.644;48.885;49.175
2015.10.14 00:00;49.178;49.556;48.749;49.035
2015.10.15 00:00;49.029;49.831;48.269;49.692
2015.10.16 00:00;49.695;50.247;48.886;50.013
2015.10.19 00:00;50.118;50.143;48.193;48.535
2015.10.20 00:00;48.529;48.812;47.858;48.138
2015.10.21 00:00;48.143;48.28;47.184;47.565
2015.10.22 00:00;47.575;48.381;47.313;47.968
2015.10.23 00:00;47.947;48.311;47.125;47.712
2015.10.26 00:00;47.657;48.022;47.021;47.064
2015.10.27 00:00;47.062;47.285;46.146;46.709
2015.10.28 00:00;46.706;48.961;46.344;48.92
2015.10.29 00:00;48.923;49.119;47.915;48.336
2015.10.30 00:00;48.323;49.751;48.041;49.215
2015.11.02 00:00;49.176;49.47;48.406;48.56
2015.11.03 00:00;48.555;50.716;48.27;50.118
2015.11.04 00:00;50.118;50.682;48.32;48.691
2015.11.05 00:00;48.696;48.829;47.768;47.948
2015.11.06 00:00;47.946;48.428;47.126;47.552
2015.11.09 00:00;47.47;48.286;46.907;47.228
2015.11.10 00:00;47.222;47.674;46.838;46.924
2015.11.11 00:00;46.931;47.538;45.635;45.864
2015.11.12 00:00;45.859;46.272;44.312;44.365
2015.11.13 00:00;44.37;45.204;43.452;43.753
2015.11.16 00:00;43.914;44.496;42.518;44.24
2015.11.17 00:00;44.235;44.445;42.883;43.391
2015.11.18 00:00;43.396;44.112;42.738;43.596
2015.11.19 00:00;43.603;44.15;43.115;43.68
2015.11.20 00:00;43.685;44.909;43.486;43.824
2015.11.23 00:00;43.998;45.192;43.064;44.609
2015.11.24 00:00;44.612;45.979;44.415;45.392
2015.11.25 00:00;45.394;45.993;44.548;45.799
2015.11.26 00:00;45.796;45.842;44.542;45.146
2015.11.27 00:00;45.154;45.172;44.36;44.442
2015.11.30 00:00;44.488;45.364;44.076;44.189
2015.12.01 00:00;44.186;44.817;43.674;43.919
2015.12.02 00:00;43.929;44.294;42.12;42.403
2015.12.03 00:00;42.41;44.379;42.284;43.764
2015.12.04 00:00;43.766;44.522;42.399;42.937
2015.12.07 00:00;42.551;42.768;40.396;40.521
2015.12.08 00:00;40.523;41.248;39.625;40.231
2015.12.09 00:00;40.228;41.399;39.412;40.093
2015.12.10 00:00;40.098;40.527;39.318;39.368
2015.12.11 00:00;39.368;39.598;37.229;37.572
2015.12.14 00:00;37.8;38.167;36.262;37.529
2015.12.15 00:00;37.526;39.183;37.324;37.82
2015.12.16 00:00;37.817;38.26;36.714;37.094
2015.12.17 00:00;37.087;37.47;36.313;36.525
2015.12.18 00:00;36.518;37.288;35.988;36.216
2015.12.21 00:00;36.056;36.359;35.655;35.848
2015.12.22 00:00;35.843;36.343;35.623;36.024
2015.12.23 00:00;36.01;37.524;35.912;37.415
2015.12.24 00:00;37.408;37.744;36.601;37.557
2015.12.28 00:00;37.519;37.549;36.14;36.177
2015.12.29 00:00;36.187;37.702;36.144;37.07
2015.12.30 00:00;37.075;37.256;36.104;36.447
2015.12.31 00:00;36.449;37.701;35.866;37.592
2016.01.04 00:00;38.188;38.795;36.593;37.184
2016.01.05 00:00;37.193;37.399;36.079;36.444
2016.01.06 00:00;36.437;36.516;33.988;34.266
2016.01.07 00:00;34.26;34.606;32.03;33.63
2016.01.08 00:00;33.625;34.591;32.675;33.217
2016.01.11 00:00;32.955;33.304;31.107;31.237
2016.01.12 00:00;31.237;32.317;30.317;30.77
2016.01.13 00:00;30.765;31.863;29.914;30.208
2016.01.14 00:00;30.213;31.51;29.658;31.417
2016.01.15 00:00;31.398;31.478;29.115;29.517
2016.01.18 00:00;28.473;29.842;28.242;28.983
2016.01.19 00:00;28.98;30.511;28.849;28.991
2016.01.20 00:00;29;29.076;27.328;28.078
2016.01.21 00:00;28.062;30.068;27.503;29.841
2016.01.22 00:00;29.827;32.544;29.519;32.412
2016.01.25 00:00;32.67;33.031;30.2;30.287
2016.01.26 00:00;30.292;32.833;29.454;31.068
2016.01.27 00:00;31.077;33.655;30.985;33.136
2016.01.28 00:00;33.131;36.067;32.763;34.707
2016.01.29 00:00;34.711;35.513;33.946;35.262
2016.02.01 00:00;34.877;35.458;33.366;33.472
2016.02.02 00:00;33.464;33.611;31.719;31.982
2016.02.03 00:00;31.975;34.946;31.795;34.919
2016.02.04 00:00;34.924;35.276;33.646;33.892
2016.02.05 00:00;33.895;34.622;33.323;33.645
2016.02.08 00:00;33.619;34.23;32.363;32.707
2016.02.09 00:00;32.707;33.15;29.92;30.38
2016.02.10 00:00;30.387;31.528;30.001;30.556
2016.02.11 00:00;30.549;31.011;29.594;30.744
2016.02.12 00:00;30.749;33.094;30.534;32.443
2016.02.15 00:00;32.588;33.746;32.515;33.689
2016.02.16 00:00;33.683;35.247;31.671;32.09
2016.02.17 00:00;32.097;34.713;31.574;34.693
2016.02.18 00:00;34.691;35.482;33.559;33.816
2016.02.19 00:00;33.812;34.232;32.544;32.939
2016.02.22 00:00;32.89;34.783;32.88;34.437
2016.02.23 00:00;34.436;34.879;32.905;33.013
2016.02.24 00:00;33.01;34.57;32.405;34.343
2016.02.25 00:00;34.338;35.394;33.181;34.855
2016.02.26 00:00;34.862;36.536;34.426;34.757
2016.02.29 00:00;34.907;36.081;34.452;36.012
2016.03.01 00:00;36.007;36.601;35.328;35.946
2016.03.02 00:00;35.944;36.729;35.496;36.439
2016.03.03 00:00;36.432;36.754;35.764;36.403
2016.03.04 00:00;36.403;38.341;36.24;38.314
2016.03.07 00:00;38.634;40.472;38.332;40.195
2016.03.08 00:00;40.199;40.922;38.788;38.959
2016.03.09 00:00;38.968;40.65;38.863;40.289
2016.03.10 00:00;40.289;40.491;39.148;39.756
2016.03.11 00:00;39.763;40.539;39.545;39.848
2016.03.14 00:00;39.925;40.088;38.422;39.303
2016.03.15 00:00;39.308;39.344;37.952;38.589
2016.03.16 00:00;38.592;40.064;38.47;39.93
2016.03.17 00:00;39.922;41.248;39.851;41.123
2016.03.18 00:00;41.126;42.204;40.752;41.096
2016.03.21 00:00;40.798;41.607;40.222;41.295
2016.03.22 00:00;41.288;41.837;40.744;41.398
2016.03.23 00:00;41.394;41.589;40.172;40.27
2016.03.24 00:00;40.262;40.379;39.028;40.175
2016.03.25 00:00;40.175;40.273;40.168;40.185
2016.03.28 00:00;40.435;40.841;39.494;40.013
2016.03.29 00:00;40.008;40.106;38.757;39.362
2016.03.30 00:00;39.35;40.624;39.169;39.301
2016.03.31 00:00;39.301;40.158;38.834;39.436
2016.04.01 00:00;39.446;39.769;37.926;38.004
2016.04.04 00:00;37.771;38.344;36.961;36.964
2016.04.05 00:00;36.961;37.887;36.734;37.875
2016.04.06 00:00;37.87;39.402;37.62;39.207
2016.04.07 00:00;39.201;39.747;38.197;39.128
2016.04.08 00:00;39.137;41.486;39.121;41.334
2016.04.11 00:00;41.866;42.591;40.964;42.326
2016.04.12 00:00;42.331;44.353;42.112;43.776
2016.04.13 00:00;43.781;44.503;43.336;43.449
2016.04.14 00:00;43.444;44.209;42.894;43.464
2016.04.15 00:00;43.468;43.668;41.927;42.73
2016.04.18 00:00;40.627;43.129;40.292;42.852
2016.04.19 00:00;42.85;44.223;42.329;43.719
2016.04.20 00:00;43.729;45.624;42.567;45.298
2016.04.21 00:00;45.306;45.949;44.224;44.537
2016.04.22 00:00;44.53;45.691;44.09;44.934
2016.04.25 00:00;44.639;45.425;44.134;44.583
2016.04.26 00:00;44.593;46.276;44.124;46.153
2016.04.27 00:00;46.158;47.156;45.404;46.926
2016.04.28 00:00;46.933;47.776;46.474;47.514
2016.04.29 00:00;47.524;48.241;46.727;47.347
2016.05.02 00:00;47.026;47.297;45.68;45.877
2016.05.03 00:00;45.877;46.36;44.589;45.201
2016.05.04 00:00;45.194;45.978;44.159;44.894
2016.05.05 00:00;44.878;46.741;44.62;45.172
2016.05.06 00:00;45.176;46.072;44.16;45.273
2016.05.09 00:00;46.134;46.264;43.473;43.496
2016.05.10 00:00;43.493;45.663;43.293;45.466
2016.05.11 00:00;45.463;47.716;44.777;47.256
2016.05.12 00:00;47.266;48.153;46.774;47.884
2016.05.13 00:00;47.894;48.081;47.237;47.857
2016.05.16 00:00;47.918;49.443;47.779;49.042
2016.05.17 00:00;49.054;49.659;48.539;49.53
2016.05.18 00:00;49.534;49.809;48.428;48.5
2016.05.19 00:00;48.502;48.851;47.359;48.828
2016.05.20 00:00;48.824;49.361;48.049;48.772
2016.05.23 00:00;48.596;48.628;47.564;48.324
2016.05.24 00:00;48.334;49.225;47.782;49.077
2016.05.25 00:00;49.082;49.94;48.888;49.865
2016.05.26 00:00;49.858;50.491;49.228;49.466
2016.05.27 00:00;49.459;49.529;48.674;49.452
2016.05.30 00:00;49.516;49.792;48.945;49.683
2016.05.31 00:00;49.666;50.269;48.969;48.995
2016.06.01 00:00;48.988;49.432;48.098;49.151
2016.06.02 00:00;49.156;49.741;48.31;49.388
2016.06.03 00:00;49.395;49.792;48.782;49.307
2016.06.06 00:00;49.295;50.356;49.294;50.056
2016.06.07 00:00;50.054;51.076;49.811;51.017
2016.06.08 00:00;51.024;52.345;50.874;52.286
2016.06.09 00:00;52.278;52.397;51.106;51.39
2016.06.10 00:00;51.39;51.674;49.934;50.032
2016.06.13 00:00;49.866;50.442;49.273;49.671
2016.06.14 00:00;49.679;49.734;48.912;48.912
2016.06.15 00:00;48.922;49.495;48.104;48.294
2016.06.16 00:00;48.294;48.472;46.675;46.763
2016.06.17 00:00;46.76;49.139;46.738;49.112
2016.06.20 00:00;49.218;50.472;49.146;50.191
2016.06.21 00:00;50.186;50.907;49.274;50.73
2016.06.22 00:00;50.713;51.067;49.007;49.638
2016.06.23 00:00;49.637;50.845;49.631;50.796
2016.06.24 00:00;50.793;51.028;47.402;48.258
2016.06.27 00:00;47.827;48.816;46.617;47.456
2016.06.28 00:00;47.466;48.7;47.324;48.67
2016.06.29 00:00;48.663;50.677;48.565;50.14
2016.06.30 00:00;50.145;50.276;48.836;49.102
2016.07.01 00:00;49.094;49.954;48.564;49.944
2016.07.04 00:00;49.827;50.11;49.408;49.43
2016.07.05 00:00;49.436;49.436;46.982;47.638
2016.07.06 00:00;47.658;48.749;46.633;48.699
2016.07.07 00:00;48.699;49.042;45.652;45.972
2016.07.08 00:00;45.972;46.729;45.661;46.073
2016.07.11 00:00;46.011;46.668;45.479;45.663
2016.07.12 00:00;45.674;48.152;45.595;47.81
2016.07.13 00:00;47.811;47.811;45.712;46.233
2016.07.14 00:00;46.23;47.104;45.983;46.811
2016.07.15 00:00;46.804;47.711;46.312;47.633
2016.07.18 00:00;47.416;47.621;46.236;46.68
2016.07.19 00:00;46.68;47.234;46.282;46.426
2016.07.20 00:00;46.429;47.261;45.679;46.879
2016.07.21 00:00;46.884;47.353;45.857;45.873
2016.07.22 00:00;45.87;46.315;45.002;45.546
2016.07.25 00:00;45.59;45.746;44.45;44.581
2016.07.26 00:00;44.586;44.857;44.027;44.412
2016.07.27 00:00;44.412;44.83;43.251;43.38
2016.07.28 00:00;43.377;43.665;42.685;42.737
2016.07.29 00:00;42.737;43.147;42.07;42.913
2016.08.01 00:00;42.836;43.427;41.471;41.837
2016.08.02 00:00;41.84;42.776;41.134;41.545
2016.08.03 00:00;41.538;43.065;41.197;43.045
2016.08.04 00:00;43.047;43.959;42.152;43.794
2016.08.05 00:00;43.798;44.118;43.149;44.063
2016.08.08 00:00;44.032;45.372;43.911;44.857
2016.08.09 00:00;44.855;45.437;44.441;44.68
2016.08.10 00:00;44.685;45.358;43.523;43.543
2016.08.11 00:00;43.553;45.999;43.179;45.673
2016.08.12 00:00;45.666;46.96;45.465;46.91
2016.08.15 00:00;46.801;48.275;46.596;48.035
2016.08.16 00:00;48.048;49.116;47.653;48.786
2016.08.17 00:00;48.796;49.698;48.32;49.59
2016.08.18 00:00;49.592;50.828;49.291;50.688
2016.08.19 00:00;50.693;51.005;50.117;50.589
2016.08.22 00:00;50.272;50.32;48.952;49.014
2016.08.23 00:00;49.014;50.065;48.351;49.348
2016.08.24 00:00;49.348;49.74;48.561;48.899
2016.08.25 00:00;48.909;49.623;48.538;49.524
2016.08.26 00:00;49.52;50.587;48.994;49.498
2016.08.29 00:00;49.342;49.471;48.799;49.06
2016.08.30 00:00;49.06;49.545;48.147;48.365
2016.08.31 00:00;48.375;48.441;46.452;46.682
2016.09.01 00:00;46.682;46.922;45.026;45.454
2016.09.02 00:00;45.464;46.718;45.116;46.324
2016.09.05 00:00;46.279;49.092;46.135;47.136
2016.09.06 00:00;47.204;47.726;46.032;47.095
2016.09.07 00:00;47.095;48.302;46.724;48.249
2016.09.08 00:00;48.244;49.873;47.961;49.437
2016.09.09 00:00;49.444;49.467;47.528;47.635
2016.09.12 00:00;47.438;48.418;46.698;47.967
2016.09.13 00:00;47.962;48.025;46.771;46.949
2016.09.14 00:00;46.951;47.302;45.53;45.805
2016.09.15 00:00;45.797;46.827;45.508;46.159
2016.09.16 00:00;46.164;46.262;45.328;45.852
2016.09.19 00:00;46.282;46.792;45.729;45.759
2016.09.20 00:00;45.769;46.179;44.978;46.011
2016.09.21 00:00;46.009;47.019;45.984;47.009
2016.09.22 00:00;47.013;47.725;46.874;47.418
2016.09.23 00:00;47.411;48.163;45.568;45.921
2016.09.26 00:00;46.221;47.594;45.673;46.917
2016.09.27 00:00;46.915;47.255;45.575;46.214
2016.09.28 00:00;46.221;48.881;45.686;48.703
2016.09.29 00:00;48.693;49.777;47.956;49.052
2016.09.30 00:00;49.06;49.674;48.321;49.431
2016.10.03 00:00;49.26;50.59;49.218;50.268
2016.10.04 00:00;50.273;50.803;49.806;50.729
2016.10.05 00:00;50.732;51.575;50.712;51.184
2016.10.06 00:00;51.187;52.213;50.823;52.137
2016.10.07 00:00;52.137;52.341;50.859;51.192
2016.10.10 00:00;50.942;53.297;50.885;52.479
2016.10.11 00:00;52.474;52.89;51.708;52.141
2016.10.12 00:00;52.144;52.472;51.229;51.346
2016.10.13 00:00;51.344;51.781;50.563;51.604
2016.10.14 00:00;51.597;52.197;51.159;51.637
2016.10.17 00:00;51.494;51.994;50.866;51.349
2016.10.18 00:00;51.359;51.859;50.985;51.841
2016.10.19 00:00;51.834;52.876;51.757;52.308
2016.10.20 00:00;52.313;52.471;50.946;51.163
2016.10.21 00:00;51.157;51.727;50.905;51.699
2016.10.24 00:00;51.349;51.838;50.352;51.278
2016.10.25 00:00;51.268;51.684;50.097;50.117
2016.10.26 00:00;50.11;50.57;49.477;49.839
2016.10.27 00:00;49.829;50.79;49.727;50.296
2016.10.28 00:00;50.313;50.499;49.221;49.547
2016.10.31 00:00;49.266;49.683;47.436;47.53
2016.11.01 00:00;47.54;48.24;46.743;46.944
2016.11.02 00:00;46.951;47.045;45.533;46.142
2016.11.03 00:00;46.149;46.568;45.087;45.447
2016.11.04 00:00;45.444;45.647;44.213;44.702
2016.11.07 00:00;45.079;45.546;44.569;45.478
2016.11.08 00:00;45.483;45.863;44.809;45.089
2016.11.09 00:00;45.091;46.147;43.635;45.75
2016.11.10 00:00;45.75;46.13;44.811;44.844
2016.11.11 00:00;44.841;45.14;43.475;43.85
2016.11.14 00:00;44.276;44.312;42.927;44.048
2016.11.15 00:00;44.041;46.561;44.018;46.286
2016.11.16 00:00;46.29;46.893;45.605;45.713
2016.11.17 00:00;45.718;46.967;45.397;45.42
2016.11.18 00:00;45.423;46.376;45.145;46.201
2016.11.21 00:00;46.791;48.586;46.608;48.451
2016.11.22 00:00;48.441;49.389;47.598;48.473
2016.11.23 00:00;48.468;48.962;48.028;48.387
2016.11.24 00:00;48.381;48.701;48.247;48.392
2016.11.25 00:00;48.431;48.528;46.391;46.643
2016.11.28 00:00;46.062;48.3;46.05;47.536
2016.11.29 00:00;47.541;47.636;45.557;45.954
2016.11.30 00:00;45.948;50.881;45.855;49.957
2016.12.01 00:00;49.964;53.015;49.89;52.187
2016.12.02 00:00;52.187;53.02;51.402;52.945
2016.12.05 00:00;52.563;53.916;52.382;52.817
2016.12.06 00:00;52.809;53.562;52.176;52.609
2016.12.07 00:00;52.609;52.901;51.641;51.727
2016.12.08 00:00;51.727;52.761;51.548;52.664
2016.12.09 00:00;52.657;53.185;52.514;53.1
2016.12.12 00:00;55.327;56.009;53.942;54.246
2016.12.13 00:00;54.244;55.255;53.984;54.143
2016.12.14 00:00;54.148;54.668;52.493;52.626
2016.12.15 00:00;52.631;53.415;52.095;53.106
2016.12.16 00:00;53.109;54.322;52.677;54.249
2016.12.19 00:00;54.444;54.811;53.748;54.067
2016.12.20 00:00;54.074;54.974;53.819;54.59
2016.12.21 00:00;54.597;54.949;53.434;53.658
2016.12.22 00:00;53.66;54.355;53.202;53.948
2016.12.23 00:00;53.953;54.376;53.426;54.216
2016.12.27 00:00;54.42;55.489;54.267;55.283
2016.12.28 00:00;55.273;56.316;55.122;55.184
2016.12.29 00:00;55.181;55.85;55.163;55.411
2016.12.30 00:00;55.411;55.751;55.036;55.319
2017.01.03 00:00;55.836;57.029;54.041;54.367
2017.01.04 00:00;54.38;55.273;54.088;55.21
2017.01.05 00:00;55.215;56.09;54.788;55.661
2017.01.06 00:00;55.656;56.233;55.087;55.64
2017.01.09 00:00;55.831;55.861;53.666;53.671
2017.01.10 00:00;53.666;54.282;52.558;52.601
2017.01.11 00:00;52.605;54.628;52.566;54.21
2017.01.12 00:00;54.213;55.399;53.998;55.025
2017.01.13 00:00;55.028;55.197;54.301;54.603
2017.01.16 00:00;54.629;55.022;54.298;54.81
2017.01.17 00:00;54.778;56.061;54.554;54.645
2017.01.18 00:00;54.635;55.047;52.972;53.46
2017.01.19 00:00;53.455;53.966;53.126;53.401
2017.01.20 00:00;53.408;55.03;53.388;54.691
2017.01.23 00:00;54.853;54.926;53.969;54.663
2017.01.24 00:00;54.67;55.189;54.415;54.524
2017.01.25 00:00;54.535;54.982;54.116;54.578
2017.01.26 00:00;54.588;55.714;54.436;55.285
2017.01.27 00:00;55.29;55.674;54.083;54.66
2017.01.30 00:00;54.496;54.893;54.096;54.359
2017.01.31 00:00;54.354;55.483;54.034;54.679
2017.02.01 00:00;54.689;55.885;54.436;55.607
2017.02.02 00:00;55.614;56.506;55.415;55.795
2017.02.03 00:00;55.789;56.386;55.491;55.907
2017.02.06 00:00;56.044;56.279;54.837;55.042
2017.02.07 00:00;55.047;55.161;53.85;53.897
2017.02.08 00:00;53.899;54.903;53.679;54.39
2017.02.09 00:00;54.397;55.155;54.382;54.963
2017.02.10 00:00;54.955;56.118;54.851;55.923
2017.02.13 00:00;55.836;56.087;54.747;54.888
2017.02.14 00:00;54.883;55.784;54.872;55.163
2017.02.15 00:00;55.168;55.604;54.923;55.015
2017.02.16 00:00;55.008;55.613;54.523;55.157
2017.02.17 00:00;55.157;55.269;54.51;55.153
2017.02.20 00:00;55.268;55.88;55.147;55.605
2017.02.21 00:00;55.576;56.771;55.563;56.089
2017.02.22 00:00;56.087;56.49;55.151;55.614
2017.02.23 00:00;55.611;56.77;55.609;55.992
2017.02.24 00:00;55.999;56.199;55.313;55.53
2017.02.27 00:00;55.624;56.337;55.573;55.692
2017.02.28 00:00;55.7;55.939;54.946;55.83
2017.03.01 00:00;55.84;56.372;55.578;55.617
2017.03.02 00:00;55.614;55.784;54.407;54.412
2017.03.03 00:00;54.409;55.331;54.406;55.214
2017.03.06 00:00;55.229;55.688;54.768;55.424
2017.03.07 00:00;55.433;56.099;55.038;55.061
2017.03.08 00:00;55.065;55.248;52.451;52.644
2017.03.09 00:00;52.651;53.376;51.051;52.006
2017.03.10 00:00;52.011;52.562;50.714;50.896
2017.03.13 00:00;50.612;51.308;50.522;51.046
2017.03.14 00:00;51.043;51.484;49.898;51.274
2017.03.15 00:00;51.267;51.727;51.022;51.594
2017.03.16 00:00;51.589;52.319;51.187;51.38
2017.03.17 00:00;51.375;51.873;51.23;51.442
2017.03.20 00:00;51.434;51.7;50.775;51.412
2017.03.21 00:00;51.416;51.989;50.515;50.645
2017.03.22 00:00;50.637;50.768;49.513;50.554
2017.03.23 00:00;50.55;50.904;50.077;50.335
2017.03.24 00:00;50.332;50.892;50.246;50.85
2017.03.27 00:00;50.921;50.921;49.934;50.724
2017.03.28 00:00;50.724;51.771;50.694;51.225
2017.03.29 00:00;51.228;52.384;51.2;52.377
2017.03.30 00:00;52.37;53.05;51.96;52.862
2017.03.31 00:00;52.859;53.553;52.393;53.477
2017.04.03 00:00;53.272;53.532;52.853;52.897
2017.04.04 00:00;52.902;54.182;52.55;54.013
2017.04.05 00:00;54.015;54.905;53.803;53.857
2017.04.06 00:00;53.867;54.823;53.785;54.687
2017.04.07 00:00;54.677;55.903;54.403;55.038
2017.04.10 00:00;55.235;55.9;55.084;55.873
2017.04.11 00:00;55.856;56.147;55.314;56.124
2017.04.12 00:00;56.129;56.51;55.373;55.428
2017.04.13 00:00;55.44;55.939;55.373;55.482
2017.04.14 00:00;55.485;55.562;55.437;55.503
2017.04.17 00:00;55.647;55.878;55.188;55.381
2017.04.18 00:00;55.384;55.441;54.525;54.722
2017.04.19 00:00;54.717;55.11;52.496;52.996
2017.04.20 00:00;53.001;53.472;52.611;52.933
2017.04.21 00:00;52.924;53.229;51.512;51.863
2017.04.24 00:00;52.187;52.52;51.378;51.511
2017.04.25 00:00;51.511;52.31;51.256;51.819
2017.04.26 00:00;51.825;52.421;51.348;51.545
2017.04.27 00:00;51.54;51.764;50.52;51.525
2017.04.28 00:00;51.52;52.102;51.135;51.413
2017.05.01 00:00;51.482;51.514;50.784;50.976
2017.05.02 00:00;50.981;51.721;49.729;50.534
2017.05.03 00:00;50.539;50.765;49.8;50.111
2017.05.04 00:00;50.111;50.326;47.791;48.02
2017.05.05 00:00;48.02;49.254;46.282;49.091
2017.05.08 00:00;49.554;49.585;48.16;49.099
2017.05.09 00:00;49.092;49.403;48.097;48.643
2017.05.10 00:00;48.638;50.327;48.506;49.892
2017.05.11 00:00;49.896;50.857;49.896;50.465
2017.05.12 00:00;50.465;50.8;50.052;50.523
2017.05.15 00:00;50.523;52.362;50.493;51.526
2017.05.16 00:00;51.531;52.118;50.91;51.029
2017.05.17 00:00;51.032;52.384;50.81;51.877
2017.05.18 00:00;51.877;52.53;50.904;52.253
2017.05.19 00:00;52.246;53.613;52.236;53.593
2017.05.22 00:00;53.854;54.214;53.503;53.607
2017.05.23 00:00;53.61;54.285;53.068;54.051
2017.05.24 00:00;54.043;54.487;53.576;53.864
2017.05.25 00:00;53.854;54.576;51.029;51.238
2017.05.26 00:00;51.233;52.323;50.734;52.246
2017.05.29 00:00;52.346;52.66;51.92;52.275
2017.05.30 00:00;52.285;52.405;51.325;51.934
2017.05.31 00:00;51.927;52.037;49.963;50.769
2017.06.01 00:00;50.77;51.183;49.978;50.08
2017.06.02 00:00;50.078;50.261;48.709;49.73
2017.06.05 00:00;49.725;50.506;48.824;49.24
2017.06.06 00:00;49.247;50.082;48.788;49.736
2017.06.07 00:00;49.736;49.925;47.765;47.941
2017.06.08 00:00;47.946;48.397;47.375;47.739
2017.06.09 00:00;47.734;48.355;47.249;48.073
2017.06.12 00:00;48.24;48.979;47.841;48.057
2017.06.13 00:00;48.065;48.668;47.721;48.068
2017.06.14 00:00;48.068;48.537;46.618;46.814
2017.06.15 00:00;46.809;47.06;46.572;46.592
2017.06.16 00:00;46.592;47.482;46.592;47.171
2017.06.19 00:00;47.148;47.65;46.68;46.775
2017.06.20 00:00;46.772;47.128;45.346;45.707
2017.06.21 00:00;45.697;46.515;44.276;44.681
2017.06.22 00:00;44.681;45.708;44.454;45.18
2017.06.23 00:00;45.183;45.675;44.958;45.607
2017.06.26 00:00;45.753;46.169;45.02;45.918
2017.06.27 00:00;45.899;47.04;45.752;46.215
2017.06.28 00:00;46.218;47.449;46.146;47.419
2017.06.29 00:00;47.409;48.026;47.112;47.291
2017.06.30 00:00;47.296;48.764;47.095;48.744
2017.07.03 00:00;48.709;49.489;48.323;49.41
2017.07.04 00:00;49.363;49.686;49.077;49.458
2017.07.05 00:00;49.504;49.626;47.209;48.061
2017.07.06 00:00;48.059;48.983;47.591;47.7
2017.07.07 00:00;47.707;47.799;46.102;46.65
2017.07.10 00:00;46.854;47.217;45.957;46.879
2017.07.11 00:00;46.872;48.06;46.143;48.035
2017.07.12 00:00;48.018;48.601;47.2;47.541
2017.07.13 00:00;47.534;48.384;47.033;48.288
2017.07.14 00:00;48.282;48.941;48.017;48.911
2017.07.17 00:00;48.876;49.138;48.196;48.253
2017.07.18 00:00;48.239;49.303;48.129;48.597
2017.07.19 00:00;48.597;49.704;48.48;49.548
2017.07.20 00:00;49.542;50.089;49.099;49.223
2017.07.21 00:00;49.203;49.556;47.728;47.792
2017.07.24 00:00;47.936;48.688;47.616;48.615
2017.07.25 00:00;48.589;50.73;48.501;50.619
2017.07.26 00:00;50.635;50.873;49.924;50.701
2017.07.27 00:00;50.691;51.35;50.267;51.306
2017.07.28 00:00;51.305;51.981;51.015;51.966
2017.07.31 00:00;52.116;52.615;51.497;52.37
2017.08.01 00:00;52.365;52.644;50.61;51.147
2017.08.02 00:00;51.154;52.155;50.914;52.061
2017.08.03 00:00;52.054;52.62;51.506;51.639
2017.08.04 00:00;51.64;52.24;51.216;52.1
2017.08.07 00:00;52.131;52.271;51.138;52.007
2017.08.08 00:00;51.99;52.511;51.609;51.637
2017.08.09 00:00;51.629;52.609;51.588;52.589
2017.08.10 00:00;52.582;53.427;51.464;51.651
2017.08.11 00:00;51.644;52.082;51.109;51.789
2017.08.14 00:00;51.922;52.216;50.413;50.481
2017.08.15 00:00;50.476;50.935;49.869;50.806
2017.08.16 00:00;50.803;51.221;50.008;50.168
2017.08.17 00:00;50.163;50.976;49.864;50.683
2017.08.18 00:00;50.676;52.821;50.655;52.707
2017.08.21 00:00;52.648;52.707;51.192;51.54
2017.08.22 00:00;51.533;52.178;51.298;51.476
2017.08.23 00:00;51.471;52.464;51.387;52.356
2017.08.24 00:00;52.35;52.558;51.438;51.942
2017.08.25 00:00;51.937;52.435;51.687;52.107
2017.08.28 00:00;52.367;52.472;51.22;51.718
2017.08.29 00:00;51.711;51.892;51.126;51.723
2017.08.30 00:00;51.717;51.812;50.642;50.755
2017.08.31 00:00;50.748;53.032;50.626;52.934
2017.09.01 00:00;52.929;53.078;52.37;52.851
2017.09.04 00:00;52.484;52.907;52.101;52.31
2017.09.05 00:00;52.399;53.763;52.195;53.309
2017.09.06 00:00;53.304;54.422;53.185;54.188
2017.09.07 00:00;54.184;54.771;53.998;54.586
2017.09.08 00:00;54.591;54.961;53.669;53.834
2017.09.11 00:00;54.063;54.209;53.123;53.941
2017.09.12 00:00;53.948;54.523;53.5;54.336
2017.09.13 00:00;54.339;55.278;54.109;55.182
2017.09.14 00:00;55.178;56.065;54.992;55.304
2017.09.15 00:00;55.299;55.919;54.926;55.554
2017.09.18 00:00;55.575;55.984;54.838;55.397
2017.09.19 00:00;55.39;55.831;54.863;55.299
2017.09.20 00:00;55.299;56.311;55.211;56.012
2017.09.21 00:00;56.009;56.37;55.659;56.352
2017.09.22 00:00;56.327;56.657;56.072;56.533
2017.09.25 00:00;56.635;58.812;56.399;58.732
2017.09.26 00:00;58.729;59.057;57.396;58.207
2017.09.27 00:00;58.212;58.509;57.42;57.487
2017.09.28 00:00;57.48;58.411;56.703;57.409
2017.09.29 00:00;57.404;57.594;56.592;56.862
2017.10.02 00:00;56.838;56.888;55.642;56.2
2017.10.03 00:00;56.195;56.534;55.815;55.841
2017.10.04 00:00;55.826;56.323;55.51;55.876
2017.10.05 00:00;55.868;57.365;55.827;57.084
2017.10.06 00:00;57.091;57.394;55.238;55.625
2017.10.09 00:00;55.753;56.076;55.156;55.762
2017.10.10 00:00;55.75;57.003;55.747;56.616
2017.10.11 00:00;56.609;57.19;56.236;56.711
2017.10.12 00:00;56.718;56.918;55.968;56.475
2017.10.13 00:00;56.473;57.654;56.427;57.244
2017.10.16 00:00;57.916;58.544;57.594;57.959
2017.10.17 00:00;57.949;58.408;57.236;58.159
2017.10.18 00:00;58.159;58.593;57.799;58.233
2017.10.19 00:00;58.233;58.36;57.073;57.289
2017.10.20 00:00;57.287;57.925;56.648;57.925
2017.10.23 00:00;57.948;58.047;57.301;57.351
2017.10.24 00:00;57.344;58.491;57.058;58.484
2017.10.25 00:00;58.481;58.743;57.916;58.435
2017.10.26 00:00;58.442;59.522;58.08;59.462
2017.10.27 00:00;59.469;60.569;58.817;60.542
2017.10.30 00:00;60.609;60.925;60.129;60.707
2017.10.31 00:00;60.712;61.393;60.455;61.285
2017.11.01 00:00;61.285;61.906;60.204;60.662
2017.11.02 00:00;60.66;61.052;60.218;60.923
2017.11.03 00:00;60.916;62.419;60.782;62.323
2017.11.06 00:00;62.432;64.612;62.308;64.223
2017.11.07 00:00;64.218;64.819;63.653;63.699
2017.11.08 00:00;63.704;64.808;63.101;63.635
2017.11.09 00:00;63.628;64.396;63.416;63.943
2017.11.10 00:00;63.936;64.418;63.491;63.79
2017.11.13 00:00;63.761;63.825;62.731;63.238
2017.11.14 00:00;63.231;63.282;61.299;61.489
2017.11.15 00:00;61.495;62.237;61.406;61.957
2017.11.16 00:00;61.953;62.242;61.351;61.452
2017.11.17 00:00;61.444;63.003;61.172;62.784
2017.11.20 00:00;62.564;62.762;61.504;62.225
2017.11.21 00:00;62.22;62.889;62.135;62.725
2017.11.22 00:00;62.728;63.462;62.662;63.336
2017.11.23 00:00;63.331;63.617;62.915;63.457
2017.11.24 00:00;63.382;63.974;63.319;63.903
2017.11.27 00:00;63.803;63.897;63.071;63.627
2017.11.28 00:00;63.622;63.807;63.066;63.335
2017.11.29 00:00;63.328;63.935;62.272;63.014
2017.11.30 00:00;63.004;63.709;62.487;63.02
2017.12.01 00:00;63.017;64.645;62.915;63.92
2017.12.04 00:00;63.859;63.882;62.594;62.714
2017.12.05 00:00;62.709;63.42;62.4;62.91
2017.12.06 00:00;62.913;63.191;61.385;61.492
2017.12.07 00:00;61.487;62.501;61.4;62.297
2017.12.08 00:00;62.289;63.881;62.254;63.54
2017.12.11 00:00;63.296;65.133;63.191;64.906
2017.12.12 00:00;64.9;66.027;63.257;64.021
2017.12.13 00:00;64.014;64.502;62.537;62.825
2017.12.14 00:00;62.818;63.659;62.179;63.553
2017.12.15 00:00;63.548;63.846;63.226;63.363
2017.12.18 00:00;63.383;64.029;63.121;63.56
2017.12.19 00:00;63.55;63.997;63.418;63.929
2017.12.20 00:00;63.924;64.605;63.767;64.511
2017.12.21 00:00;64.501;64.906;64.231;64.696
2017.12.22 00:00;64.681;65.198;64.362;64.955
2017.12.26 00:00;65.18;66.937;64.876;66.647
2017.12.27 00:00;66.642;66.776;65.856;66.283
2017.12.28 00:00;66.284;66.714;66.096;66.541
2017.12.29 00:00;66.538;67.341;66.515;66.988
2018.01.02 00:00;67.018;67.621;66.558;66.794
2018.01.03 00:00;66.787;68.33;66.721;68.29
2018.01.04 00:00;68.275;68.591;67.937;68.268
2018.01.05 00:00;68.265;68.419;67.567;68.007
2018.01.08 00:00;68.025;68.245;67.699;68.14
2018.01.09 00:00;68.132;69.471;67.955;69.43
2018.01.10 00:00;69.425;69.608;68.997;69.348
2018.01.11 00:00;69.329;70.259;69.225;69.348
2018.01.12 00:00;69.341;70.139;68.816;69.996
2018.01.15 00:00;69.887;70.543;69.739;70.405
2018.01.16 00:00;70.4;70.405;69.003;69.475
2018.01.17 00:00;69.48;69.744;68.712;69.569
2018.01.18 00:00;69.574;69.779;68.948;69.263
2018.01.19 00:00;69.256;69.284;68.411;68.873
2018.01.22 00:00;68.87;69.603;68.483;69.407
2018.01.23 00:00;69.394;70.32;69.2;69.974
2018.01.24 00:00;69.971;70.915;69.596;70.703
2018.01.25 00:00;70.695;71.255;70.012;70.145
2018.01.26 00:00;70.137;70.902;69.976;70.526
2018.01.29 00:00;70.541;70.614;69.161;69.557
2018.01.30 00:00;69.555;69.617;68.374;68.427
2018.01.31 00:00;68.424;69.374;68.215;69.247
2018.02.01 00:00;69.25;70.335;69.182;70.071
2018.02.02 00:00;70.066;70.378;68.31;68.566
2018.02.05 00:00;68.25;68.764;67.272;67.281
2018.02.06 00:00;67.286;67.887;66.821;67.519
2018.02.07 00:00;67.514;67.998;65.417;65.697
2018.02.08 00:00;65.692;65.858;64.351;64.466
2018.02.09 00:00;64.459;64.886;61.99;62.814
2018.02.12 00:00;63.364;64.601;62.752;62.869
2018.02.13 00:00;62.867;63.283;61.935;62.713
2018.02.14 00:00;62.713;64.735;62.128;64.546
2018.02.15 00:00;64.541;65.311;63.268;64.626
2018.02.16 00:00;64.618;65.362;64.328;65.006
2018.02.19 00:00;65.454;66.003;65.123;65.628
2018.02.20 00:00;65.623;65.91;64.874;65.141
2018.02.21 00:00;65.138;65.612;64.486;65.171
2018.02.22 00:00;65.178;66.626;64.699;66.277
2018.02.23 00:00;66.27;67.437;65.892;67.35
2018.02.26 00:00;67.199;67.968;66.793;67.627
2018.02.27 00:00;67.622;67.728;66.487;66.667
2018.02.28 00:00;66.667;67.08;64.775;64.902
2018.03.01 00:00;64.895;65.292;63.441;64.441
2018.03.02 00:00;64.438;64.871;63.452;64.793
2018.03.05 00:00;64.965;66.106;64.321;65.788
2018.03.06 00:00;65.78;66.379;65.525;65.768
2018.03.07 00:00;65.771;65.992;64.037;64.715
2018.03.08 00:00;64.707;64.775;63.618;64.046
2018.03.09 00:00;64.051;65.809;63.883;65.777
2018.03.12 00:00;65.811;66.004;64.344;65.119
2018.03.13 00:00;65.111;65.819;64.197;64.846
2018.03.14 00:00;64.851;65.349;64.21;64.959
2018.03.15 00:00;64.954;65.508;64.736;65.16
2018.03.16 00:00;65.167;66.544;65.005;66.235
2018.03.19 00:00;66.106;66.489;65.487;66.216
2018.03.20 00:00;66.209;67.963;66.175;67.635
2018.03.21 00:00;67.64;69.934;67.553;69.821
2018.03.22 00:00;69.828;69.908;68.645;68.914
2018.03.23 00:00;68.928;70.632;68.871;70.411
2018.03.26 00:00;70.962;71.021;69.738;70.092
2018.03.27 00:00;70.087;71.026;69.387;69.493
2018.03.28 00:00;69.498;70.057;68.56;69.613
2018.03.29 00:00;69.611;70.349;68.803;69.981
2018.03.30 00:00;69.971;70.119;69.949;70.051
2018.04.02 00:00;70.134;70.553;67.977;67.982
2018.04.03 00:00;67.987;68.886;67.957;68.626
2018.04.04 00:00;68.619;68.739;67.149;68.671
2018.04.05 00:00;68.654;69.375;68.177;68.962
2018.04.06 00:00;68.96;69.045;67.283;67.414
2018.04.09 00:00;67.623;69.167;67.574;68.912
2018.04.10 00:00;68.905;71.702;68.829;71.377
2018.04.11 00:00;71.376;73.456;70.916;72.227
2018.04.12 00:00;72.227;72.837;71.434;72.441
2018.04.13 00:00;72.434;73.181;71.901;72.857
2018.04.16 00:00;72.555;72.557;71.37;71.732
2018.04.17 00:00;71.725;72.131;71.069;71.891
2018.04.18 00:00;71.884;74.13;71.871;74.002
2018.04.19 00:00;73.992;74.911;73.624;73.766
2018.04.20 00:00;73.759;74.319;73.028;73.796
2018.04.23 00:00;74.066;75.186;73.231;75.056
2018.04.24 00:00;75.051;75.409;73.622;73.785
2018.04.25 00:00;73.777;74.12;73.105;73.949
2018.04.26 00:00;73.943;74.882;73.886;74.589
2018.04.27 00:00;74.589;74.837;74.143;74.286
2018.04.30 00:00;74.33;76.262;73.433;75.346
2018.05.01 00:00;75.346;75.612;73.343;73.89
2018.05.02 00:00;73.89;74.221;72.961;73.643
2018.05.03 00:00;73.648;74.65;73.038;74.267
2018.05.04 00:00;74.262;75.628;73.788;75.481
2018.05.07 00:00;75.476;76.831;75.334;76.004
2018.05.08 00:00;76.001;76.654;73.562;76.428
2018.05.09 00:00;76.428;77.891;76.364;77.785
2018.05.10 00:00;77.775;78.428;76.952;77.864
2018.05.11 00:00;77.859;78.016;77.361;77.367
2018.05.14 00:00;77.394;78.87;76.907;78.809
2018.05.15 00:00;78.807;79.805;78.234;78.333
2018.05.16 00:00;78.328;79.646;77.928;79.589
2018.05.17 00:00;79.593;80.801;79.413;79.775
2018.05.18 00:00;79.775;80.153;78.595;78.925
2018.05.21 00:00;79.201;79.776;78.315;79.708
2018.05.22 00:00;79.701;80.679;79.343;79.649
2018.05.23 00:00;79.653;80.007;78.379;79.844
2018.05.24 00:00;79.837;79.947;78.714;78.897
2018.05.25 00:00;78.897;79.011;76.12;76.331
2018.05.28 00:00;76.123;76.146;74.542;75.347
2018.05.29 00:00;75.844;76.203;74.641;75.449
2018.05.30 00:00;75.434;77.924;74.881;77.619
2018.05.31 00:00;77.659;79.154;76.944;77.759
2018.06.01 00:00;77.669;77.934;76.324;76.579
2018.06.04 00:00;76.519;76.935;75.182;75.38
2018.06.05 00:00;75.327;75.715;73.792;75.007
2018.06.06 00:00;75.042;76.228;74.447;75.703
2018.06.07 00:00;75.67;77.36;75.405;77.273
2018.06.08 00:00;77.278;77.593;76.106;76.361
2018.06.11 00:00;76.314;76.816;75.514;76.336
2018.06.12 00:00;76.35;77.056;75.439;75.444
2018.06.13 00:00;75.451;76.857;75.234;76.439
2018.06.14 00:00;76.466;76.897;75.744;75.924
2018.06.15 00:00;75.907;76.042;73.027;73.072
2018.06.18 00:00;73.12;75.444;72.435;75.295
2018.06.19 00:00;75.305;75.528;74.435;74.936
2018.06.20 00:00;74.931;75.848;74.058;74.181
2018.06.21 00:00;74.153;74.668;72.91;73.033
2018.06.22 00:00;73.023;75.761;73.013;75.726
2018.06.25 00:00;74.282;75.109;73.714;74.824
2018.06.26 00:00;74.774;76.646;74.089;76.482
2018.06.27 00:00;76.615;78.119;76.234;77.332
2018.06.28 00:00;77.372;78.306;77.106;77.566
2018.06.29 00:00;77.556;79.673;77.28;79.32
2018.07.02 00:00;78.562;79.051;77.267;77.485
2018.07.03 00:00;77.485;78.648;76.77;77.896
2018.07.04 00:00;77.869;78.368;77.698;78.261
2018.07.05 00:00;78.117;78.582;77.398;77.633
2018.07.06 00:00;77.62;77.765;76.448;77.186
2018.07.09 00:00;77.155;78.388;77.119;78.262
2018.07.10 00:00;78.235;79.578;78.217;79.084
2018.07.11 00:00;79.011;79.017;73.1;74.185
2018.07.12 00:00;74.112;75.166;72.73;74.479
2018.07.13 00:00;74.456;75.972;73.281;74.883
2018.07.16 00:00;75.087;75.411;71.569;71.971
2018.07.17 00:00;71.949;72.814;71.4;71.66
2018.07.18 00:00;71.717;73.305;71.231;73.037
2018.07.19 00:00;73.035;73.817;71.859;72.578
2018.07.20 00:00;72.565;73.494;72.287;72.997
2018.07.23 00:00;73.239;74.518;72.538;72.963
2018.07.24 00:00;72.948;74.008;72.695;73.622
2018.07.25 00:00;73.629;74.304;73.068;74.028
2018.07.26 00:00;74.06;74.827;73.778;74.342
2018.07.27 00:00;74.329;74.796;73.768;74.272
2018.07.30 00:00;74.229;75.245;74.091;74.936
2018.07.31 00:00;74.916;75.088;73.313;73.529
2018.08.01 00:00;73.529;73.718;71.653;72.033
2018.08.02 00:00;72.015;73.256;71.361;72.895
2018.08.03 00:00;72.856;73.268;72.026;72.834
2018.08.06 00:00;72.751;74.039;72.737;73.217
2018.08.07 00:00;73.215;74.486;73.155;74.079
2018.08.08 00:00;74.079;74.47;71.287;71.833
2018.08.09 00:00;71.838;72.529;71.497;71.58
2018.08.10 00:00;71.601;72.789;71.055;72.591
2018.08.13 00:00;72.582;72.785;70.74;72.481
2018.08.14 00:00;72.489;73.633;71.867;71.892
2018.08.15 00:00;71.879;72.17;70.033;70.477
2018.08.16 00:00;70.468;71.256;70.144;71.116
2018.08.17 00:00;71.096;72.245;70.993;71.537
2018.08.20 00:00;71.495;72.562;71.228;71.993
2018.08.21 00:00;71.973;72.767;71.831;72.597
2018.08.22 00:00;72.607;74.831;72.514;74.719
2018.08.23 00:00;74.709;74.789;74.066;74.595
2018.08.24 00:00;74.595;76.279;74.532;75.51
2018.08.27 00:00;75.58;76.248;75.296;76.208
2018.08.28 00:00;76.169;76.902;75.739;75.905
2018.08.29 00:00;75.925;77.418;75.685;77.329
2018.08.30 00:00;77.289;78;77.197;77.449
2018.08.31 00:00;77.449;77.92;76.931;77.389
2018.09.03 00:00;77.426;78.17;77.026;77.752
2018.09.04 00:00;77.924;79.447;77.195;77.51
2018.09.05 00:00;77.52;77.838;76.662;76.812
2018.09.06 00:00;76.822;77.518;75.405;76.331
2018.09.07 00:00;76.321;76.852;75.65;76.75
2018.09.10 00:00;76.978;77.71;76.696;77.134
2018.09.11 00:00;77.122;79.327;76.993;79.185
2018.09.12 00:00;79.175;79.929;78.567;79.517
2018.09.13 00:00;79.525;79.545;77.698;78.198
2018.09.14 00:00;78.19;78.772;77.212;77.929
2018.09.17 00:00;77.756;78.763;77.593;77.782
2018.09.18 00:00;77.762;79.602;77.368;78.723
2018.09.19 00:00;78.763;79.382;78.401;79.231
2018.09.20 00:00;79.213;79.714;78.412;78.492
2018.09.21 00:00;78.477;80.033;78.135;78.602
2018.09.24 00:00;79.838;81.416;79.596;81.354
2018.09.25 00:00;81.332;82.518;81.109;81.607
2018.09.26 00:00;81.64;82.261;81.205;81.794
2018.09.27 00:00;81.829;82.568;81.51;81.991
2018.09.28 00:00;81.991;84.063;81.927;83.486
2018.10.01 00:00;83.649;86.061;83.151;85.55
2018.10.02 00:00;85.58;85.972;84.894;85.257
2018.10.03 00:00;85.197;87.323;84.58;86.523
2018.10.04 00:00;86.513;86.985;84.697;85.389
2018.10.05 00:00;85.344;85.667;84.442;84.511
2018.10.08 00:00;83.911;84.446;83.123;84.27
2018.10.09 00:00;84.23;85.894;84.177;85.255
2018.10.10 00:00;85.255;85.598;82.659;82.85
2018.10.11 00:00;82.905;83.103;80.181;80.696
2018.10.12 00:00;80.717;81.851;79.585;80.823
2018.10.15 00:00;82.119;82.189;80.152;81.092
2018.10.16 00:00;81.102;82.044;80.087;81.875
2018.10.17 00:00;81.858;82.132;79.436;80.571
2018.10.18 00:00;80.554;80.657;78.927;79.536
2018.10.19 00:00;79.548;81.112;79.441;80.213
2018.10.22 00:00;80.032;80.58;79.153;80.225
2018.10.23 00:00;80.237;80.275;76.023;76.255
2018.10.24 00:00;76.325;77.687;75.23;75.736
2018.10.25 00:00;75.82;77.161;75.464;76.669
2018.10.26 00:00;76.641;77.998;75.855;77.729
2018.10.29 00:00;77.779;78.063;76.577;76.859
2018.10.30 00:00;76.854;77.367;75.259;76.224
2018.10.31 00:00;76.284;77.114;74.561;74.584
2018.11.01 00:00;74.611;74.957;72.556;72.733
2018.11.02 00:00;72.728;73.481;72.157;72.541
2018.11.05 00:00;72.598;74.115;72.245;72.64
2018.11.06 00:00;72.68;73.27;71.172;71.63
2018.11.07 00:00;71.69;73.545;71.352;71.97
2018.11.08 00:00;71.952;73.065;70.552;70.899
2018.11.09 00:00;70.894;70.969;69.126;69.606
2018.11.12 00:00;70.906;71.861;68.862;69.031
2018.11.13 00:00;69.019;69.663;64.611;65.211
2018.11.14 00:00;65.27;67.613;65.008;65.848
2018.11.15 00:00;65.758;67.382;65.731;66.648
2018.11.16 00:00;66.605;68.355;66.088;66.975
2018.11.19 00:00;67.277;67.622;65.262;66.89
2018.11.20 00:00;66.904;66.982;61.7;62.339
2018.11.21 00:00;62.363;64.472;62.196;63.439
2018.11.22 00:00;63.457;63.794;62.251;62.461
2018.11.23 00:00;62.544;62.774;58.419;59.144
2018.11.26 00:00;59.381;61.071;58.943;60.463
2018.11.27 00:00;60.433;61.356;58.953;60.829
2018.11.28 00:00;60.829;61.264;58.732;58.884
2018.11.29 00:00;58.917;60.566;57.644;59.549
2018.11.30 00:00;59.549;60.271;57.908;59.012
2018.12.03 00:00;59.027;62.459;59.027;61.671
2018.12.04 00:00;61.661;63.445;61.083;61.236
2018.12.05 00:00;61.214;63.161;60.68;61.467
2018.12.06 00:00;61.43;61.848;58.302;60.116
2018.12.07 00:00;60.113;63.581;58.99;61.178
2018.12.10 00:00;61.901;62.228;59.515;59.772
2018.12.11 00:00;59.832;60.998;59.497;60.385
2018.12.12 00:00;60.393;61.331;59.895;60.12
2018.12.13 00:00;60.134;61.914;59.238;61.554
2018.12.14 00:00;61.522;61.615;59.833;60.195
2018.12.17 00:00;60.371;61.132;58.579;58.651
2018.12.18 00:00;58.64;59.163;55.832;55.959
2018.12.19 00:00;55.91;58.043;55.822;56.418
2018.12.20 00:00;56.396;56.688;54.228;54.683
2018.12.21 00:00;54.723;55.263;52.744;53.407
2018.12.24 00:00;53.667;54.596;50.316;50.384
2018.12.26 00:00;50.81;55.232;49.939;54.871
2018.12.27 00:00;54.903;54.968;52.19;53.225
2018.12.28 00:00;53.178;54.092;51.697;52.687
2018.12.31 00:00;53.203;54.528;52.37;53.874
2019.01.02 00:00;53.894;56.269;52.238;54.474
2019.01.03 00:00;54.484;56.023;53.661;55.327
2019.01.04 00:00;55.25;58.029;55.089;57.103
2019.01.07 00:00;57.511;58.675;57.033;57.355
2019.01.08 00:00;57.348;58.608;56.892;58.393
2019.01.09 00:00;58.412;61.446;58.279;61.051
2019.01.10 00:00;61.016;61.677;60.204;60.991
2019.01.11 00:00;60.931;62.259;59.867;60.303
2019.01.14 00:00;60.429;60.455;58.732;59.049
2019.01.15 00:00;59.027;60.676;58.937;60.343
2019.01.16 00:00;60.376;61.268;59.867;61.124
2019.01.17 00:00;61.098;61.38;59.875;61.002
2019.01.18 00:00;61.002;62.85;60.937;62.453
2019.01.21 00:00;62.281;63.023;62.126;62.681
2019.01.22 00:00;62.651;62.675;60.465;61.384
2019.01.23 00:00;61.361;62.223;60.116;60.825
2019.01.24 00:00;60.783;61.417;60.314;61.022
2019.01.25 00:00;61.022;61.838;60.626;61.414
2019.01.28 00:00;61.385;61.641;59.438;59.856
2019.01.29 00:00;59.808;61.721;59.647;61.123
2019.01.30 00:00;61.089;62.53;61.008;61.571
2019.01.31 00:00;61.554;62.491;60.659;61.132
2019.02.01 00:00;61.062;62.992;60.483;62.849
2019.02.04 00:00;62.75;63.663;61.295;62.749
2019.02.05 00:00;62.716;63.041;61.747;62.022
2019.02.06 00:00;62.042;62.818;61.075;62.593
2019.02.07 00:00;62.575;62.922;60.623;61.641
2019.02.08 00:00;61.633;62.375;61.062;62.072
2019.02.11 00:00;61.7;62.35;60.916;61.564
2019.02.12 00:00;61.557;63.346;61.49;62.572
2019.02.13 00:00;62.58;63.984;62.564;63.639
2019.02.14 00:00;63.671;64.821;63.275;64.6
2019.02.15 00:00;64.622;66.394;64.426;66.296
2019.02.18 00:00;66.507;66.829;65.896;66.446
2019.02.19 00:00;66.443;66.648;65.584;66.419
2019.02.20 00:00;66.471;67.38;65.637;67.097
2019.02.21 00:00;67.1;67.304;66.699;66.93
2019.02.22 00:00;66.965;67.719;66.857;66.906
2019.02.25 00:00;67.385;67.467;64.534;64.734
2019.02.26 00:00;64.751;65.691;64.316;65.617
2019.02.27 00:00;65.614;66.718;65.25;66.365
2019.02.28 00:00;66.327;66.62;65.739;66.225
2019.03.01 00:00;66.207;66.978;64.435;64.713
2019.03.04 00:00;65.135;66.201;64.936;65.464
2019.03.05 00:00;65.471;66.095;64.909;65.476
2019.03.06 00:00;65.488;66.046;65.085;65.765
2019.03.07 00:00;65.718;66.869;65.629;65.875
2019.03.08 00:00;65.878;65.973;63.897;65.545
2019.03.11 00:00;65.663;66.64;65.528;66.464
2019.03.12 00:00;66.476;67.293;66.248;66.708
2019.03.13 00:00;66.703;67.657;66.604;67.557
2019.03.14 00:00;67.545;68.041;66.937;67.083
2019.03.15 00:00;67.07;67.617;66.047;66.938
2019.03.18 00:00;67.081;67.614;66.62;67.35
2019.03.19 00:00;67.347;68.127;67.066;67.612
2019.03.20 00:00;67.577;68.503;67.13;68.169
2019.03.21 00:00;68.192;68.636;67.539;67.612
2019.03.22 00:00;67.612;67.916;66.155;66.89
2019.03.25 00:00;66.84;67.609;66.313;67.202
2019.03.26 00:00;67.225;68.183;67.157;67.96
2019.03.27 00:00;67.952;68.321;67.231;67.848
2019.03.28 00:00;67.841;67.9;66.537;67.893
2019.03.29 00:00;67.89;68.894;67.75;68.169
2019.04.01 00:00;68.421;69.741;68.404;69.7
2019.04.02 00:00;69.713;70.045;69.219;69.966
2019.04.03 00:00;69.988;70.475;69.307;69.956
2019.04.04 00:00;69.967;70.513;69.368;69.736
2019.04.05 00:00;69.726;70.941;69.386;70.872
2019.04.08 00:00;71.119;71.618;70.855;71.469
2019.04.09 00:00;71.48;71.756;70.693;71.158
2019.04.10 00:00;71.158;72.171;70.963;71.963
2019.04.11 00:00;71.963;72.065;70.933;71.297
2019.04.12 00:00;71.285;72.216;71.257;71.83
2019.04.15 00:00;71.745;71.873;71.063;71.525
2019.04.16 00:00;71.512;72.185;71.008;72.117
2019.04.17 00:00;72.115;72.52;71.693;71.851
2019.04.18 00:00;71.844;72.267;71.425;72.168
2019.04.19 00:00;72.165;72.214;72.064;72.132
2019.04.22 00:00;72.589;74.67;72.581;74.258
2019.04.23 00:00;74.248;74.861;74.119;74.533
2019.04.24 00:00;74.56;74.837;74.133;74.622
2019.04.25 00:00;74.62;75.695;74.091;74.371
2019.04.26 00:00;74.379;74.494;71.351;71.662
2019.04.29 00:00;71.623;72.496;71.077;71.998
2019.04.30 00:00;71.984;73.273;71.672;72.107
2019.05.01 00:00;72.12;72.839;71.767;72.59
2019.05.02 00:00;72.527;72.69;70.124;70.777
2019.05.03 00:00;70.802;71.974;70.374;71.237
2019.05.06 00:00;69.861;72.181;69.195;71.74
2019.05.07 00:00;71.682;71.712;69.743;70.116
2019.05.08 00:00;70.139;71.05;69.675;70.577
2019.05.09 00:00;70.572;70.982;69.732;70.537
2019.05.10 00:00;70.539;71.556;70.491;71.086
2019.05.13 00:00;70.676;72.856;69.989;70.175
2019.05.14 00:00;70.18;71.896;70.067;71.116
2019.05.15 00:00;71.101;72.491;70.655;72.131
2019.05.16 00:00;72.139;73.584;72.055;73.001
2019.05.17 00:00;72.968;73.456;72;72.297
2019.05.20 00:00;73.123;73.584;71.765;72.214
2019.05.21 00:00;72.214;72.678;71.773;72.158
2019.05.22 00:00;72.163;72.186;70.552;70.935
2019.05.23 00:00;70.947;71.09;67.119;68.024
2019.05.24 00:00;68.026;69.373;67.416;69.293
2019.05.27 00:00;69.223;70.27;68.58;70.055
2019.05.28 00:00;70.098;70.625;69.609;70.125
2019.05.29 00:00;70.102;70.192;68.096;69.677
2019.05.30 00:00;69.674;69.957;66.355;66.459
2019.05.31 00:00;66.462;66.573;62.662;62.929
2019.06.03 00:00;62.929;64.006;61.744;61.907
2019.06.04 00:00;61.897;63.205;61.294;62.525
2019.06.05 00:00;62.513;63.339;60.454;61.572
2019.06.06 00:00;61.518;63.41;61.177;63.267
2019.06.07 00:00;63.219;64.573;62.737;64.246
2019.06.10 00:00;64.594;64.694;62.875;63.179
2019.06.11 00:00;63.189;63.684;62.763;62.839
2019.06.12 00:00;62.87;62.882;60.265;60.529
2019.06.13 00:00;60.557;63.356;60.379;61.95
2019.06.14 00:00;61.937;63.206;61.382;62.658
2019.06.17 00:00;62.774;62.903;61.22;61.461
2019.06.18 00:00;61.453;63.287;60.702;62.667
2019.06.19 00:00;62.667;62.986;61.807;62.608
2019.06.20 00:00;62.593;65.197;62.577;64.866
2019.06.21 00:00;64.858;66.11;64.345;65.597
2019.06.24 00:00;65.748;66.003;64.259;64.964
2019.06.25 00:00;64.963;66.054;64.371;65.94
2019.06.26 00:00;65.94;66.894;65.646;66.292
2019.06.27 00:00;66.28;66.808;65.705;66.328
2019.06.28 00:00;66.335;66.74;64.825;65.176
2019.07.01 00:00;66.564;67.515;64.952;65.94
2019.07.02 00:00;65.95;66.247;62.909;63.268
2019.07.03 00:00;63.306;64.657;62.754;64.558
2019.07.04 00:00;64.485;64.739;63.608;63.822
2019.07.05 00:00;63.924;65.156;63.542;65.041
2019.07.08 00:00;64.912;65.7;64.345;64.472
2019.07.09 00:00;64.482;65.29;64.297;65.005
2019.07.10 00:00;64.985;67.656;64.954;67.084
2019.07.11 00:00;67.114;68.166;66.933;67.192
2019.07.12 00:00;67.25;67.767;67.004;67.322
2019.07.15 00:00;67.064;67.882;66.491;66.561
2019.07.16 00:00;66.566;67.465;64.187;64.649
2019.07.17 00:00;64.687;65.621;63.534;63.866
2019.07.18 00:00;63.881;64.774;61.582;62.728
2019.07.19 00:00;62.682;63.655;62.123;63.103
2019.07.22 00:00;63.458;64.248;62.983;63.517
2019.07.23 00:00;63.515;64.614;62.851;64.363
2019.07.24 00:00;64.365;64.821;62.739;63.298
2019.07.25 00:00;63.266;64.372;63.129;63.224
2019.07.26 00:00;63.229;64.061;63.136;63.387
2019.07.29 00:00;63.161;63.955;62.968;63.9
2019.07.30 00:00;63.86;65.186;63.725;65.038
2019.07.31 00:00;65.041;65.572;64.298;64.368
2019.08.01 00:00;64.479;64.666;60.147;61.189
2019.08.02 00:00;61.198;63.062;61.033;61.349
2019.08.05 00:00;61.414;61.677;59.767;60.142
2019.08.06 00:00;60.135;60.659;58.642;58.775
2019.08.07 00:00;58.822;59.29;55.96;57.428
2019.08.08 00:00;57.447;58.095;56.851;57.824
2019.08.09 00:00;57.756;59.18;57.189;58.355
2019.08.12 00:00;58.305;58.946;57.953;58.499
2019.08.13 00:00;58.494;61.564;58.06;60.957
2019.08.14 00:00;60.984;61.15;58.285;59.11
2019.08.15 00:00;59.11;59.478;57.723;58.395
2019.08.16 00:00;58.362;59.549;58.328;58.703
2019.08.19 00:00;59.037;59.953;58.791;59.797
2019.08.20 00:00;59.79;60.343;58.976;60.113
2019.08.21 00:00;60.12;61.446;60.05;60.371
2019.08.22 00:00;60.386;60.915;59.497;60.021
2019.08.23 00:00;60.023;60.317;58.327;59.121
2019.08.26 00:00;58.433;60.181;58.36;58.798
2019.08.27 00:00;58.831;60.226;58.586;60.208
2019.08.28 00:00;60.198;61.02;59.856;60.397
2019.08.29 00:00;60.357;61.126;59.894;60.898
2019.08.30 00:00;60.868;61.14;58.976;59.537
2019.09.02 00:00;59.295;59.718;58.548;59.061
2019.09.03 00:00;58.847;59.309;57.656;58.619
2019.09.04 00:00;58.624;61.398;58.522;60.874
2019.09.05 00:00;60.896;62.812;60.659;61.149
2019.09.06 00:00;61.141;62.282;59.8;61.983
2019.09.09 00:00;62.096;63.354;61.93;63.042
2019.09.10 00:00;62.987;64.102;62.498;63.095
2019.09.11 00:00;63.09;63.591;60.833;61.348
2019.09.12 00:00;61.328;61.701;59.2;60.663
2019.09.13 00:00;60.655;61.079;59.876;60.402
2019.09.16 00:00;68.756;69.916;65.048;68.3
2019.09.17 00:00;68.297;69.508;63.747;64.148
2019.09.18 00:00;64.354;65.21;63.271;63.832
2019.09.19 00:00;63.789;65.765;63.608;64.943
2019.09.20 00:00;64.898;65.449;64.219;64.759
2019.09.23 00:00;65.019;65.306;63.651;64.585
2019.09.24 00:00;64.582;64.707;62.441;62.463
2019.09.25 00:00;62.518;62.899;61.304;62.623
2019.09.26 00:00;62.583;62.964;61.524;62.673
2019.09.27 00:00;62.646;62.831;60.818;62.188
2019.09.30 00:00;62.099;62.239;60.074;60.22
2019.10.01 00:00;60.261;60.964;59.246;60.042
2019.10.02 00:00;60.037;60.339;58.012;58.249
2019.10.03 00:00;58.271;58.758;56.9;58.39
2019.10.04 00:00;58.391;59.723;58.372;59.221
2019.10.07 00:00;58.851;60.364;58.709;59.047
2019.10.08 00:00;59.067;59.583;58.01;58.765
2019.10.09 00:00;58.708;59.971;58.532;58.866
2019.10.10 00:00;58.984;60.133;58.384;60.065
2019.10.11 00:00;60.065;61.25;59.788;61.215
2019.10.14 00:00;61.117;61.134;58.983;59.672
2019.10.15 00:00;59.624;60.141;58.448;59.28
2019.10.16 00:00;59.29;60.171;58.782;59.453
2019.10.17 00:00;59.453;60.404;59.083;60.286
2019.10.18 00:00;60.303;60.652;59.367;59.628
2019.10.21 00:00;59.491;59.83;58.53;59.32
2019.10.22 00:00;59.327;60.519;59.013;59.834
2019.10.23 00:00;59.806;61.522;59.076;61.261
2019.10.24 00:00;61.261;62.096;60.842;61.673
2019.10.25 00:00;61.668;62.275;61.104;62.124
2019.10.28 00:00;62.154;62.432;61.267;61.629
2019.10.29 00:00;61.627;62.067;60.732;61.612
2019.10.30 00:00;61.579;61.968;60.42;60.545
2019.10.31 00:00;60.545;61.195;59.586;59.847
2019.11.01 00:00;59.867;62.194;59.77;61.987
2019.11.04 00:00;61.831;63.122;61.624;62.419
2019.11.05 00:00;62.389;63.52;62.269;63.262
2019.11.06 00:00;63.206;63.631;61.894;62.077
2019.11.07 00:00;62.077;63.189;61.952;62.575
2019.11.08 00:00;62.608;62.985;60.948;62.913
2019.11.11 00:00;62.561;63.002;61.827;62.471
2019.11.12 00:00;62.481;63.088;62.049;62.238
2019.11.13 00:00;62.231;62.938;61.438;62.746
2019.11.14 00:00;62.742;63.413;62.352;62.541
2019.11.15 00:00;62.549;63.836;61.889;63.58
2019.11.18 00:00;63.464;63.729;62.081;62.384
2019.11.19 00:00;62.354;62.703;60.809;60.854
2019.11.20 00:00;60.855;62.912;60.419;62.541
2019.11.21 00:00;62.543;64.128;62.03;63.739
2019.11.22 00:00;63.751;64.358;63.072;63.614
2019.11.25 00:00;63.551;63.847;63.015;63.606
2019.11.26 00:00;63.559;64.346;63.484;64.152
2019.11.27 00:00;64.169;64.625;63.481;64.101
2019.11.28 00:00;64.088;64.352;63.514;64.28
2019.11.29 00:00;64.155;64.193;61.281;61.697
2019.12.02 00:00;62.193;62.962;61.601;61.771
2019.12.03 00:00;61.784;62.411;61.118;61.782
2019.12.04 00:00;61.921;64.329;61.806;63.799
2019.12.05 00:00;63.822;64.706;63.539;64.044
2019.12.06 00:00;64.054;65.657;63.591;65.116
2019.12.09 00:00;64.782;65.176;64.287;64.717
2019.12.10 00:00;64.709;65.355;64.429;64.792
2019.12.11 00:00;64.789;64.879;63.614;64.425
2019.12.12 00:00;64.427;65.437;64.392;64.868
2019.12.13 00:00;64.876;66.354;64.876;65.455
2019.12.16 00:00;65.49;66.126;65.42;65.811
2019.12.17 00:00;65.808;66.685;65.556;66.242
2019.12.18 00:00;66.28;66.837;65.976;66.515
2019.12.19 00:00;66.513;67.158;66.419;66.9
2019.12.20 00:00;66.922;67.063;66.054;66.36
2019.12.23 00:00;66.375;66.835;66.071;66.735
2019.12.24 00:00;66.73;67.359;66.545;67.346
2019.12.26 00:00;67.409;67.946;67.23;67.872
2019.12.27 00:00;67.855;68.18;67.448;67.917
2019.12.30 00:00;67.89;68.59;67.057;67.614
2019.12.31 00:00;67.627;67.9;66.585;66.963
2020.01.02 00:00;67.308;67.483;66.599;67.129
2020.01.03 00:00;67.127;70.406;67.092;69.494
2020.01.06 00:00;69.509;71.585;69.002;69.19
2020.01.07 00:00;69.207;69.521;68.406;69.031
2020.01.08 00:00;69.054;71.665;65.631;66.515
2020.01.09 00:00;66.616;66.791;65.211;66.047
2020.01.10 00:00;65.997;66.298;65.496;65.647
2020.01.13 00:00;65.525;65.816;64.456;64.737
2020.01.14 00:00;64.757;65.563;64.426;64.908
2020.01.15 00:00;64.888;65.087;64.024;64.777
2020.01.16 00:00;64.737;65.403;64.351;65.15
2020.01.17 00:00;65.089;65.566;64.918;65.492
2020.01.20 00:00;65.935;66.06;65.249;65.501
2020.01.21 00:00;65.582;65.663;64.355;64.757
2020.01.22 00:00;64.79;64.843;62.854;62.862
2020.01.23 00:00;62.909;62.989;61.476;62.33
2020.01.24 00:00;62.298;62.673;60.441;60.804
2020.01.27 00:00;59.724;59.961;58.61;59.052
2020.01.28 00:00;59.078;60.205;58.731;60.097
2020.01.29 00:00;60.148;60.662;59.187;59.451
2020.01.30 00:00;59.456;59.552;57.494;58.978
2020.01.31 00:00;58.897;59.321;56.637;57.348
2020.02.03 00:00;56.637;57.419;54.669;54.725
2020.02.04 00:00;54.752;56.258;54.26;54.363
2020.02.05 00:00;54.424;57.059;54.315;56.208
2020.02.06 00:00;56.157;57.165;54.798;55.697
2020.02.07 00:00;55.677;55.941;54.733;54.942
2020.02.10 00:00;54.505;55.174;53.533;53.823
2020.02.11 00:00;53.83;55.098;53.715;54.569
2020.02.12 00:00;54.642;56.692;54.546;56.672
2020.02.13 00:00;56.581;57.22;55.341;56.784
2020.02.14 00:00;56.807;57.896;56.522;57.666
2020.02.17 00:00;57.351;57.973;57.127;57.968
2020.02.18 00:00;57.546;58.081;56.563;57.947
2020.02.19 00:00;57.925;59.632;57.75;59.47
2020.02.20 00:00;59.433;60.14;59.084;59.104
2020.02.21 00:00;59.086;59.296;57.778;58.415
2020.02.24 00:00;56.641;57.18;55.074;56.106
2020.02.25 00:00;56.076;56.868;54.401;54.761
2020.02.26 00:00;54.801;55.242;52.817;53.169
2020.02.27 00:00;53.17;53.314;50.799;51.388
2020.02.28 00:00;51.408;51.525;49.317;50.476
2020.03.02 00:00;49.925;53.153;49.925;53.153
2020.03.03 00:00;53.157;54.241;51.565;52.186
2020.03.04 00:00;52.228;53.381;51.377;51.933
2020.03.05 00:00;51.983;52.357;50.011;50.34
2020.03.06 00:00;50.345;50.756;45.451;45.812
2020.03.09 00:00;35.882;37.594;31.438;33.609
2020.03.10 00:00;33.609;38.399;33.28;38.122
2020.03.11 00:00;38.122;39.812;35.518;36.22
2020.03.12 00:00;36.22;36.636;32.646;32.788
2020.03.13 00:00;32.788;36.268;32.638;34.834
2020.03.16 00:00;32.217;33.386;29.553;29.706
2020.03.17 00:00;29.706;31.341;28.59;28.715
2020.03.18 00:00;28.715;29.285;24.593;26.551
2020.03.19 00:00;26.551;29.447;25.018;28.275
2020.03.20 00:00;28.27;31.019;26.865;27.44
2020.03.23 00:00;25.351;27.565;25.163;27.52
2020.03.24 00:00;27.52;28.681;26.72;27.644
2020.03.25 00:00;27.644;28.316;25.733;27.25
2020.03.26 00:00;27.25;27.477;25.847;26.604
2020.03.27 00:00;26.604;26.761;24.861;25.766
2020.03.30 00:00;24.654;24.988;23.301;24.333
2020.03.31 00:00;24.333;25.762;23.74;23.805
2020.04.01 00:00;23.805;24.292;22.726;23.779
2020.04.02 00:00;23.779;33.587;23.534;27.471
2020.04.03 00:00;27.476;32.598;26.266;32.408
2020.04.06 00:00;29.886;32.089;29.784;31.253
2020.04.07 00:00;31.253;32.096;29.871;30.534
2020.04.08 00:00;30.534;31.924;29.749;31.775
2020.04.09 00:00;31.775;34.404;29.607;30.067
2020.04.10 00:00;30.067;30.302;29.745;30.02
2020.04.13 00:00;30.632;31.718;29.248;30.452
2020.04.14 00:00;30.452;30.917;28.158;28.808
2020.04.15 00:00;28.808;29.078;26.09;26.887
2020.04.16 00:00;26.887;27.912;26.199;27.288
2020.04.17 00:00;27.288;27.878;26.612;27.368
2020.04.20 00:00;27.071;27.442;24.996;25.245
2020.04.21 00:00;25.294;25.96;19.01;20.538
2020.04.22 00:00;20.333;22.479;17.267;21.195
2020.04.23 00:00;21.179;23.401;20.635;21.886
2020.04.24 00:00;21.825;22.739;20.854;21.983
2020.04.27 00:00;22.077;22.082;19.844;20.326
2020.04.28 00:00;20.321;21.054;19.39;20.437
2020.04.29 00:00;20.417;22.4;20.162;21.556
2020.04.30 00:00;21.543;24.078;21.498;23.817
2020.05.01 00:00;23.822;24.909;23.058;23.857
2020.05.04 00:00;23.393;25.464;23.056;25.298
2020.05.05 00:00;25.253;28.886;25.199;28.762
2020.05.06 00:00;28.768;29.267;26.188;27.291
2020.05.07 00:00;27.178;29.182;26.685;26.942
2020.05.08 00:00;26.981;28.675;26.863;28.443
2020.05.11 00:00;28.394;29.282;27.351;27.925
2020.05.12 00:00;27.952;28.674;27.546;27.555
2020.05.13 00:00;27.56;28.661;27.103;27.601
2020.05.14 00:00;27.559;29.694;27.145;29.604
2020.05.15 00:00;29.609;31.144;29.2;31.079
2020.05.18 00:00;31.906;34.181;31.823;34.04
2020.05.19 00:00;33.962;34.262;32.855;33.19
2020.05.20 00:00;33.185;34.971;33.076;34.435
2020.05.21 00:00;34.424;35.496;34.353;34.828
2020.05.22 00:00;34.816;35.002;32.433;34.141
2020.05.25 00:00;33.759;35.009;33.545;34.689
2020.05.26 00:00;34.779;35.764;34.418;35.236
2020.05.27 00:00;35.186;35.288;33.377;33.619
2020.05.28 00:00;33.619;35.271;33.061;34.716
2020.05.29 00:00;34.726;36.791;33.57;36.366
2020.06.01 00:00;36.367;37.421;35.949;37.295
2020.06.02 00:00;37.293;38.492;37.037;38.374
2020.06.03 00:00;38.352;39.27;37.576;38.202
