2003.08.24 00:00;30.001;30.431;29.652;29.982
2003.08.31 00:00;29.88;29.981;27.118;27.524
2003.09.07 00:00;27.538;27.864;26.142;26.473
2003.09.14 00:00;26.536;26.686;25.171;25.421
2003.09.21 00:00;25.184;27.261;25.114;26.696
2003.09.28 00:00;27;28.811;26.789;28.771
2003.10.05 00:00;29.084;31.523;28.376;30.922
2003.10.12 00:00;30.814;31.34;29.199;29.677
2003.10.19 00:00;29.392;29.755;28.4;29.035
2003.10.26 00:00;29.075;29.099;27.077;27.993
2003.11.02 00:00;28.278;29.368;27.192;29.095
2003.11.09 00:00;29.506;29.9;28.698;29.679
2003.11.16 00:00;29.486;30.655;28.778;29.477
2003.11.23 00:00;29.174;29.204;27.493;28.533
2003.11.30 00:00;28.331;29.709;27.829;28.793
2003.12.07 00:00;28.932;30.643;28.932;30.482
2003.12.14 00:00;29.996;31.394;29.712;30.312
2003.12.21 00:00;30.18;30.18;28.662;29.237
2003.12.28 00:00;29.449;30.336;29.296;29.466
2004.01.04 00:00;29.995;31.865;29.944;31.411
2004.01.11 00:00;31.639;31.816;29.497;30.699
2004.01.18 00:00;30.781;31.475;30.355;31.021
2004.01.25 00:00;30.681;30.953;28.912;29.275
2004.02.01 00:00;28.827;30.428;28.504;28.898
2004.02.08 00:00;28.98;30.925;28.798;30.694
2004.02.15 00:00;30.662;31.497;30.111;30.814
2004.02.22 00:00;30.712;32.438;30.621;32.307
2004.02.29 00:00;32.426;33.638;32.065;33.437
2004.03.07 00:00;33.545;33.614;31.315;32.02
2004.03.14 00:00;32.151;33.825;32.02;33.476
2004.03.21 00:00;33.053;33.691;31.36;32.113
2004.03.28 00:00;31.752;33.001;30.054;30.283
2004.04.04 00:00;30.385;33.436;30.234;33.33
2004.04.11 00:00;32.91;34.157;32.408;33.785
2004.04.18 00:00;33.696;34.297;32.395;33.14
2004.04.25 00:00;33.472;35.061;33.371;34.509
2004.05.02 00:00;35.198;37.243;34.997;37.038
2004.05.09 00:00;36.828;38.684;35.356;38.359
2004.05.16 00:00;38.543;38.766;36.713;36.863
2004.05.23 00:00;36.504;38.537;36.227;36.868
2004.05.30 00:00;37.923;39.345;35.679;35.815
2004.06.06 00:00;35.478;36.668;34.546;35.579
2004.06.13 00:00;35.495;36.691;34.793;36.26
2004.06.20 00:00;35.996;36.627;34.629;35.009
2004.06.27 00:00;34.505;36.472;33.102;35.97
2004.07.04 00:00;36.266;37.812;36.266;37.06
2004.07.11 00:00;37.207;38.794;36.098;38.238
2004.07.18 00:00;37.963;38.611;37.206;38.487
2004.07.25 00:00;38.504;40.222;37.949;40.191
2004.08.01 00:00;39.946;41.503;39.683;40.757
2004.08.08 00:00;40.532;43.503;40.351;43.503
2004.08.15 00:00;43.107;45.617;42.632;43.996
2004.08.22 00:00;44.255;44.376;39.989;40.928
2004.08.29 00:00;40.048;43.271;39.441;41.455
2004.09.05 00:00;41.464;42.704;40.093;40.444
2004.09.12 00:00;40.35;42.538;39.92;42.438
2004.09.19 00:00;42.897;45.765;42.116;45.335
2004.09.26 00:00;46.013;46.74;45.111;46.66
2004.10.03 00:00;46.028;49.755;45.858;49.655
2004.10.10 00:00;49.403;50.852;47.964;50.305
2004.10.17 00:00;50.675;51.978;48.242;51.575
2004.10.24 00:00;51.944;52.216;48.171;49.174
2004.10.31 00:00;49.591;49.691;45.602;46.63
2004.11.07 00:00;45.946;46.346;42.747;42.747
2004.11.14 00:00;42.121;44.154;40.562;44.154
2004.11.21 00:00;44.601;45.261;42.902;44.041
2004.11.28 00:00;44.758;46.222;38.52;39.02
2004.12.05 00:00;39.631;40.184;37.142;37.142
2004.12.12 00:00;37.502;42.392;37.207;42.347
2004.12.19 00:00;41.902;41.952;39.534;39.948
2004.12.26 00:00;38.271;39.873;37.82;39.725
2005.01.02 00:00;38.789;43.397;38.739;42.657
2005.01.09 00:00;43.795;45.699;42.246;45.097
2005.01.16 00:00;45.083;46.432;43.845;45.815
2005.01.23 00:00;46.093;47.441;44.58;45.03
2005.01.30 00:00;43.946;46.018;43.201;43.916
2005.02.06 00:00;43.674;45.213;42.578;45.113
2005.02.13 00:00;45.547;46.39;44.481;46.168
2005.02.20 00:00;46.862;49.778;46.464;49.529
2005.02.27 00:00;49.845;52.909;48.953;51.668
2005.03.06 00:00;51.206;54.246;50.886;53.071
2005.03.13 00:00;53.11;56.637;52.714;56.212
2005.03.20 00:00;56.045;56.336;53.087;54.328
2005.03.27 00:00;53.632;55.25;52.101;54.696
2005.04.03 00:00;55.571;56.652;52.716;53.086
2005.04.10 00:00;52.888;53.654;50.334;50.781
2005.04.17 00:00;50.369;54.664;49.677;54.26
2005.04.24 00:00;54.89;55.101;49.88;50.128
2005.05.01 00:00;51.383;51.677;49.329;51.005
2005.05.08 00:00;51.169;52.233;47.916;48.847
2005.05.15 00:00;48.565;49.24;47.106;47.592
2005.05.22 00:00;47.459;50.407;47.025;50.159
2005.05.29 00:00;50.147;53.966;49.558;53.808
2005.06.05 00:00;54.075;54.398;51.459;52.8
2005.06.12 00:00;52.785;57.171;52.709;57.142
2005.06.19 00:00;57.579;57.918;55.754;57.611
2005.06.26 00:00;58.318;59.07;55.076;57.518
2005.07.03 00:00;57.322;60.42;55.353;57.881
2005.07.10 00:00;57.464;59.504;56.503;57.913
2005.07.17 00:00;58.13;58.872;55.528;57.858
2005.07.24 00:00;57.804;60.053;56.814;59.731
2005.07.31 00:00;60.037;61.423;59.525;61.137
2005.08.07 00:00;61.411;66.617;61.35;66.303
2005.08.14 00:00;65.572;66.685;61.848;64.903
2005.08.21 00:00;64.769;66.991;63.933;65.375
2005.08.28 00:00;66.914;69.154;65.033;65.194
2005.09.04 00:00;66.174;66.233;61.704;62.959
2005.09.11 00:00;62.957;63.909;61;61.198
2005.09.18 00:00;62.889;65.221;61.519;61.898
2005.09.25 00:00;61.478;64.305;60.858;63.166
2005.10.02 00:00;62.239;63.648;58.019;58.84
2005.10.09 00:00;59.046;60.877;57.291;58.986
2005.10.16 00:00;60.145;60.567;56.625;57.958
2005.10.23 00:00;57.54;60.387;56.963;59.152
2005.10.30 00:00;58.945;60.414;57.198;58.818
2005.11.06 00:00;58.777;59.079;54.649;55.095
2005.11.13 00:00;55.358;56.019;53.63;54.442
2005.11.20 00:00;54.745;56.037;54.12;54.516
2005.11.27 00:00;55.031;56.832;53.344;56.601
2005.12.04 00:00;57.168;59.371;56.608;57.263
2005.12.11 00:00;57.899;60.364;57.479;57.666
2005.12.18 00:00;57.552;58.118;56.196;56.759
2005.12.25 00:00;56.41;59.472;55.819;59.472
2006.01.01 00:00;59.572;63.208;59.298;63.037
2006.01.08 00:00;62.84;63.335;61.137;62.348
2006.01.15 00:00;62.569;66.986;62.49;66.05
2006.01.22 00:00;66.67;66.841;63.676;66.18
2006.01.29 00:00;66.521;67.137;62.045;63.494
2006.02.05 00:00;64.264;64.304;59.793;60.072
2006.02.12 00:00;59.89;60.424;57.062;59.043
2006.02.19 00:00;60.074;62.23;59.178;61.768
2006.02.26 00:00;61.397;64.184;60.005;63.656
2006.03.05 00:00;63.435;63.782;58.996;60.713
2006.03.12 00:00;60.658;64.239;60.469;63.193
2006.03.19 00:00;63.104;63.703;60.766;63.247
2006.03.26 00:00;63.426;66.893;62.633;66.045
2006.04.02 00:00;66.578;68.158;65.631;67.261
2006.04.09 00:00;67.422;70.525;67.393;70.337
2006.04.16 00:00;70.668;74.414;70.109;74.127
2006.04.23 00:00;73.969;74.192;70.185;71.537
2006.04.30 00:00;72.087;74.755;69.623;70.655
2006.05.07 00:00;70.994;73.789;68.936;71.777
2006.05.14 00:00;71.812;71.812;67.711;67.973
2006.05.21 00:00;68.363;70.859;67.147;70.245
2006.05.28 00:00;70.529;71.632;68.718;71.193
2006.06.04 00:00;71.865;72.431;67.57;70.357
2006.06.11 00:00;70.402;71.108;66.352;67.805
2006.06.18 00:00;67.593;69.427;66.356;68.96
2006.06.25 00:00;69.031;72.979;68.642;72.56
2006.07.02 00:00;72.9;74.63;71.942;72.835
2006.07.09 00:00;72.796;78.163;71.816;76.86
2006.07.16 00:00;77.547;77.73;72.212;73.585
2006.07.23 00:00;73.326;75.256;72.454;73.271
2006.07.30 00:00;72.981;77.254;72.477;75.998
2006.08.06 00:00;76.128;78.493;75.001;75.616
2006.08.13 00:00;75.7;75.876;71.912;72.725
2006.08.20 00:00;73.063;74.38;72.081;73.084
2006.08.27 00:00;72.576;72.666;69.148;69.476
2006.09.03 00:00;69.683;69.683;65.303;65.481
2006.09.10 00:00;64.92;65.386;60.69;61.931
2006.09.17 00:00;62.015;63.468;59.002;59.154
2006.09.24 00:00;58.929;62.698;58.304;61.641
2006.10.01 00:00;61.939;62.07;57.115;59.393
2006.10.08 00:00;60.076;60.98;57.955;59.457
2006.10.15 00:00;59.839;61.426;58.362;58.65
2006.10.22 00:00;58.416;61.574;57.726;60.426
2006.10.29 00:00;60.516;60.559;56.862;58.812
2006.11.05 00:00;58.392;61.175;58.137;59.675
2006.11.12 00:00;59.88;60.16;56.628;57.769
2006.11.19 00:00;57.329;59.499;57.144;59.141
2006.11.26 00:00;59.349;64.238;58.653;64.209
2006.12.03 00:00;64.013;64.057;61.798;62.06
2006.12.10 00:00;61.84;62.883;60.971;62.618
2006.12.17 00:00;62.589;62.961;60.846;61.501
2006.12.24 00:00;62.274;62.807;59.638;60.39
2006.12.31 00:00;60.318;61.313;54.266;55.438
2007.01.07 00:00;55.821;57.005;51.56;52.777
2007.01.14 00:00;53.037;54.034;51.268;53.95
2007.01.21 00:00;54.27;56.283;52.605;55.741
2007.01.28 00:00;56.128;58.899;53.873;58.697
2007.02.04 00:00;58.469;59.698;56.892;58.904
2007.02.11 00:00;58.57;58.734;54.65;57.228
2007.02.18 00:00;57.422;60.439;55.508;59.435
2007.02.25 00:00;60.213;61.83;59.112;60.741
2007.03.04 00:00;60.61;62.341;59.36;60.731
2007.03.11 00:00;60.259;61.893;59.922;60.658
2007.03.18 00:00;60.809;63.89;60.252;63.426
2007.03.25 00:00;63.575;69.319;63.554;68.122
2007.04.01 00:00;68.3;69.717;67.063;68.112
2007.04.08 00:00;67.998;69.587;66.451;68.849
2007.04.15 00:00;68.968;69.476;65.037;66.864
2007.04.22 00:00;66.743;68.975;66.219;68.493
2007.04.29 00:00;68.552;68.878;65.07;65.37
2007.05.06 00:00;65.487;67.03;63.892;66.977
2007.05.13 00:00;66.687;70.37;65.963;69.469
2007.05.20 00:00;69.758;71.816;69.117;70.755
2007.05.27 00:00;70.463;70.493;66.81;68.819
2007.06.03 00:00;68.808;71.726;68.415;68.725
2007.06.10 00:00;68.663;71.469;68.203;71.203
2007.06.17 00:00;71.22;71.894;69.232;70.91
2007.06.24 00:00;70.39;71.362;69.175;71.126
2007.07.01 00:00;71.034;75.86;70.741;75.354
2007.07.08 00:00;75.433;77.644;74.799;77.555
2007.07.15 00:00;77.524;78.885;76.024;78.423
2007.07.22 00:00;78.078;78.325;74.975;77.034
2007.07.29 00:00;76.44;77.735;74.763;74.899
2007.08.05 00:00;74.799;75.094;69.183;70.708
2007.08.12 00:00;70.643;72.269;68.967;69.91
2007.08.19 00:00;69.187;70.604;67.92;70.485
2007.08.26 00:00;70.27;72.884;69.29;72.519
2007.09.02 00:00;72.584;75.6;72.436;74.856
2007.09.09 00:00;74.842;77.873;73.829;76.559
2007.09.16 00:00;76.07;80.156;75.756;79.161
2007.09.23 00:00;79.093;81.211;76.526;79.154
2007.09.30 00:00;79.387;79.645;76.43;78.928
2007.10.07 00:00;78.72;80.934;75.705;80.682
2007.10.14 00:00;80.024;85.515;80.024;84.077
2007.10.21 00:00;83.62;89.767;82.142;89.282
2007.10.28 00:00;89.847;92.516;86.476;92.161
2007.11.04 00:00;91.722;95.379;90.437;93.319
2007.11.11 00:00;92.378;93.562;88.047;92.107
2007.11.18 00:00;92.82;96.993;91.542;96.154
2007.11.25 00:00;96.682;97.027;88.002;88.506
2007.12.02 00:00;89.158;92.151;86.769;88.797
2007.12.09 00:00;88.626;94.492;87.641;92.628
2007.12.16 00:00;93.139;93.772;90.175;93.091
2007.12.23 00:00;93.138;96.505;92.044;94.749
2007.12.30 00:00;94.785;98.927;93.752;97.144
2008.01.06 00:00;96.536;97.795;91.014;91.472
2008.01.13 00:00;91.181;93.312;88.498;89.499
2008.01.20 00:00;89.849;91.599;85.235;91.206
2008.01.27 00:00;90.593;92.965;89.086;89.705
2008.02.03 00:00;89.654;92.372;86.908;92.01
2008.02.10 00:00;92.418;95.721;91.132;94.742
2008.02.17 00:00;94.476;99.159;94.408;97.054
2008.02.24 00:00;97.758;101.224;96.3;100.066
2008.03.02 00:00;99.921;103.919;96.965;102.63
2008.03.09 00:00;102.284;108.003;101.185;107.659
2008.03.16 00:00;108.372;109.334;99.114;101.104
2008.03.23 00:00;100.222;106.499;99.896;104.176
2008.03.30 00:00;103.671;106.033;99.63;105.293
2008.04.06 00:00;105.114;110.328;105.017;108.948
2008.04.13 00:00;108.392;113.998;108.224;113.959
2008.04.20 00:00;113.995;117.377;112.322;116.48
2008.04.27 00:00;116.187;117.359;108.306;114.369
2008.05.04 00:00;114.445;125.836;114.116;124.437
2008.05.11 00:00;125.587;125.587;120.25;123.526
2008.05.18 00:00;123.856;133.784;122.262;129.513
2008.05.25 00:00;130.117;132.328;124.093;127.408
2008.06.01 00:00;126.471;137.568;120.754;136.865
2008.06.08 00:00;136.82;137.36;130.21;133.816
2008.06.15 00:00;134.006;138.463;130.821;134.407
2008.06.22 00:00;133.956;142.45;131.47;139.862
2008.06.29 00:00;141.073;146.306;139.155;144.256
2008.07.06 00:00;144.414;147.33;135.332;144.211
2008.07.13 00:00;144.265;145.484;130.251;130.32
2008.07.20 00:00;131.147;134.039;123.621;124.66
2008.07.27 00:00;124.907;128.091;121.475;124.414
2008.08.03 00:00;125.121;125.43;112.871;113.27
2008.08.10 00:00;114.3;115.367;109.375;111.723
2008.08.17 00:00;111.796;120.047;109.849;113.124
2008.08.24 00:00;112.305;117.645;111.005;114.854
2008.08.31 00:00;115.015;115.015;103.139;104.269
2008.09.07 00:00;105.595;106.638;96.271;96.894
2008.09.14 00:00;95.937;98.778;87.226;97.883
2008.09.21 00:00;97.94;105.48;97.94;102.152
2008.09.28 00:00;102.105;102.105;87.242;88.499
2008.10.05 00:00;87.888;88.015;72.83;75.702
2008.10.12 00:00;76.599;80.511;65.398;68.244
2008.10.19 00:00;69.074;72.172;59.991;61.682
2008.10.26 00:00;61.024;67.52;58.174;64.887
2008.11.02 00:00;63.704;67.204;56.138;57.186
2008.11.09 00:00;58.154;61.768;49.552;49.974
2008.11.16 00:00;49.761;52.432;44.608;46.436
2008.11.23 00:00;47.361;51.917;45.508;51.065
2008.11.30 00:00;51.003;51.008;38.279;38.676
2008.12.07 00:00;39.576;47.687;39.576;46.223
2008.12.14 00:00;45.689;49.642;41.257;42.912
2008.12.21 00:00;42.967;43.104;34.979;37.302
2008.12.28 00:00;38.677;46.34;37.151;46.073
2009.01.04 00:00;47.391;51.417;42.36;43.297
2009.01.11 00:00;43.87;47.097;41.636;43.136
2009.01.18 00:00;43.468;46.177;40.459;45.093
2009.01.25 00:00;45.32;47.471;41.774;44.389
2009.02.01 00:00;44.722;46.454;42.601;45.615
2009.02.08 00:00;45.509;47.913;43.143;43.719
2009.02.15 00:00;43.119;44.296;38.4;40.897
2009.02.22 00:00;40.808;45.833;39.513;45.1
2009.03.01 00:00;44.91;45.987;41.254;44.149
2009.03.08 00:00;45.064;46.15;41.07;44.545
2009.03.15 00:00;43.324;49.221;41.616;48.963
2009.03.22 00:00;49.719;51.771;48.958;49.775
2009.03.29 00:00;49.832;52.738;45.979;52.31
2009.04.05 00:00;52.49;53.563;49.033;53.421
2009.04.12 00:00;53.594;53.754;51.007;52.656
2009.04.19 00:00;52.468;52.468;47.813;51.122
2009.04.26 00:00;50.732;52.713;48.026;52.082
2009.05.03 00:00;52.359;58.119;52.101;58.032
2009.05.10 00:00;57.675;58.952;54.211;54.459
2009.05.17 00:00;54.63;59.512;54.405;59.237
2009.05.24 00:00;59.714;64.71;57.392;64.71
2009.05.31 00:00;64.801;69.144;64.121;67.803
2009.06.07 00:00;67.389;71.901;66.349;70.531
2009.06.14 00:00;70.8;71.735;68.113;68.731
2009.06.21 00:00;68.664;70.362;65.421;68.724
2009.06.28 00:00;68.565;73.105;65.572;66.199
2009.07.05 00:00;64.97;65.234;59.402;60.165
2009.07.12 00:00;60.571;65.035;59.434;64.448
2009.07.19 00:00;64.209;69.72;64.209;69.583
2009.07.26 00:00;69.388;71.58;65.588;71.266
2009.08.02 00:00;71.508;75.614;71.031;72.957
2009.08.09 00:00;72.975;74.545;71.513;72.417
2009.08.16 00:00;72.236;75.76;70.05;74.852
2009.08.23 00:00;74.921;75.461;70.992;73.425
2009.08.30 00:00;73.285;73.446;66.294;66.881
2009.09.06 00:00;66.957;71.066;66.643;67.636
2009.09.13 00:00;67.762;69.82;66.616;68.761
2009.09.20 00:00;69.088;69.347;62.532;63.601
2009.09.27 00:00;64.014;68.554;63.135;66.602
2009.10.04 00:00;66.531;69.961;65.065;69.932
2009.10.11 00:00;69.887;74.303;69.887;74.303
2009.10.18 00:00;74.376;77.705;73.605;75.928
2009.10.25 00:00;76.202;78.014;73.524;73.524
2009.11.01 00:00;73.86;78.252;73.608;75.192
2009.11.08 00:00;75.511;78.307;74.838;75.542
2009.11.15 00:00;76.092;79.462;75.898;76.884
2009.11.22 00:00;77.258;79.019;73.268;76.677
2009.11.29 00:00;77.063;79.542;76.022;77.45
2009.12.06 00:00;77.586;78.005;70.903;71.517
2009.12.13 00:00;71.53;74.108;71.083;73.168
2009.12.20 00:00;72.962;75.77;71.369;74.631
2009.12.27 00:00;75.801;78.508;75.702;77.594
2010.01.03 00:00;78.165;81.941;78.017;81.292
2010.01.10 00:00;81.489;82.323;76.129;76.51
2010.01.17 00:00;76.272;77.241;71.833;71.894
2010.01.24 00:00;72.02;73.371;70.699;70.861
2010.01.31 00:00;71.076;76.744;67.752;70.142
2010.02.07 00:00;70.123;73.526;69.114;71.909
2010.02.14 00:00;72.077;77.609;71.391;77.609
2010.02.21 00:00;77.89;78.062;74.671;77.041
2010.02.28 00:00;77.61;80.1;75.701;79.762
2010.03.07 00:00;79.879;81.205;78.434;79.294
2010.03.14 00:00;78.993;80.65;77.198;78.508
2010.03.21 00:00;78.187;80.018;76.855;78.394
2010.03.28 00:00;78.604;83.762;78.604;83.684
2010.04.04 00:00;83.88;86.007;83.482;84.583
2010.04.11 00:00;84.751;87.509;83.367;85.301
2010.04.18 00:00;85.404;87.045;82.93;86.926
2010.04.25 00:00;87.01;87.516;84.656;87.268
2010.05.02 00:00;87.262;89.398;77.403;78.473
2010.05.09 00:00;78.814;81.676;76.865;77.708
2010.05.16 00:00;77.311;77.641;69.683;71.486
2010.05.23 00:00;71.272;75.276;67.703;73.766
2010.05.30 00:00;73.635;76.255;71.17;71.395
2010.06.06 00:00;71.33;75.722;70.286;74.674
2010.06.13 00:00;74.441;78.229;74.39;77.496
2010.06.20 00:00;77.733;79.091;74.776;77.886
2010.06.27 00:00;77.588;78.109;70.834;71.544
2010.07.04 00:00;71.24;75.653;70.483;74.963
2010.07.11 00:00;75.049;77.713;73.57;75.417
2010.07.18 00:00;75.193;78.155;74.809;77.394
2010.07.25 00:00;77.499;78.339;74.852;78.299
2010.08.01 00:00;78.145;82.891;78.135;80.385
2010.08.08 00:00;80.51;81.399;74.679;75.409
2010.08.15 00:00;75.124;76.861;73.306;73.639
2010.08.22 00:00;73.819;76.399;71.199;76.399
2010.08.29 00:00;76.174;77.103;73.827;76.265
2010.09.05 00:00;76.329;78.621;75.312;77.986
2010.09.12 00:00;78.121;79.836;76.858;77.577
2010.09.19 00:00;77.835;79.65;76.451;78.502
2010.09.26 00:00;78.74;83.598;77.345;83.598
2010.10.03 00:00;83.629;85.89;81.749;84.083
2010.10.10 00:00;84.254;85.435;81.846;82.656
2010.10.17 00:00;82.952;84.393;80.671;83.108
2010.10.24 00:00;83.075;84.126;81.785;83.081
2010.10.31 00:00;83.078;88.759;82.768;88.432
2010.11.07 00:00;88.269;89.68;85.756;86.026
2010.11.14 00:00;86.433;87.365;82.861;84.037
2010.11.21 00:00;84.254;86.273;82.351;84.908
2010.11.28 00:00;85.436;91.799;85.353;91.629
2010.12.05 00:00;91.417;92.822;89.844;90.505
2010.12.12 00:00;90.632;92.577;90.312;91.934
2010.12.19 00:00;91.822;94.881;91.196;94.851
2010.12.26 00:00;93.893;94.642;92.283;92.453
2011.01.02 00:00;94.842;96.239;92.444;93.781
2011.01.09 00:00;93.848;99.221;93.656;98.629
2011.01.16 00:00;98.581;98.951;95.663;97.797
2011.01.23 00:00;97.779;99.871;94.921;99.479
2011.01.30 00:00;99.742;103.437;98.626;100.188
2011.02.06 00:00;99.9;102.921;97.565;101.689
2011.02.13 00:00;101.627;104.99;101.193;103.247
2011.02.20 00:00;103.385;119.877;103.325;112.776
2011.02.27 00:00;112.811;118.065;111.63;116.221
2011.03.06 00:00;116.316;118.691;112.29;113.545
2011.03.13 00:00;113.67;117.29;107.38;114.5
2011.03.20 00:00;114.759;116.408;114.168;116.027
2011.03.27 00:00;115.757;119.115;113.556;119.105
2011.04.03 00:00;119.054;126.913;118.754;126.693
2011.04.10 00:00;126.582;126.992;120.001;123.993
2011.04.17 00:00;123.46;125.09;119.354;124.311
2011.04.24 00:00;124.23;126.865;122.94;126.221
2011.05.01 00:00;126.27;126.693;105.252;109.341
2011.05.08 00:00;110.284;118.496;109.352;113.879
2011.05.15 00:00;113.579;114.828;109.804;114.009
2011.05.22 00:00;113.587;116.903;110.007;116.204
2011.05.29 00:00;115.946;118.482;114.193;116.689
2011.06.05 00:00;116.627;120.499;114.381;118.963
2011.06.12 00:00;118.709;121.593;115.027;117.025
2011.06.19 00:00;116.614;117.773;106.403;108.387
2011.06.26 00:00;107.841;115.382;104.661;113.167
2011.07.03 00:00;112.951;120.966;111.899;119.323
2011.07.10 00:00;118.76;120.159;115.471;119.446
2011.07.17 00:00;119.327;120.747;116.258;119.927
2011.07.24 00:00;119.351;120.255;116.779;117.869
2011.07.31 00:00;117.913;121.217;104.905;110.455
2011.08.07 00:00;108.998;109.431;99.261;108.05
2011.08.14 00:00;108.25;112.1;105.388;109.544
2011.08.21 00:00;108.799;111.95;105.435;111.348
2011.08.28 00:00;110.993;115.536;110.75;112.687
2011.09.04 00:00;112.643;116.703;109.971;112.614
2011.09.11 00:00;112.49;117.134;110.474;114.717
2011.09.18 00:00;114.319;114.818;105.46;106.374
2011.09.25 00:00;105.441;109.278;103.196;103.544
2011.10.02 00:00;103.227;107.528;100.169;106.761
2011.10.09 00:00;106.686;115.174;106.296;114.968
2011.10.16 00:00;114.659;116.057;109.152;111.591
2011.10.23 00:00;110.972;114.221;110.221;111.477
2011.10.30 00:00;111.307;113.329;107.144;113.329
2011.11.06 00:00;113.112;117.079;111.761;114.547
2011.11.13 00:00;114.844;115.044;107.16;108
2011.11.20 00:00;107.636;109.617;105.818;106.572
2011.11.27 00:00;106.858;112.145;106.758;110.397
2011.12.04 00:00;110.443;111.7;107.162;109.038
2011.12.11 00:00;108.784;111.123;103.911;105.108
2011.12.18 00:00;104.995;109.777;103.705;109.192
2011.12.25 00:00;109.199;110.52;107.399;108.067
2012.01.01 00:00;109.057;115.263;109.057;113.946
2012.01.08 00:00;113.866;115.389;109.919;111.236
2012.01.15 00:00;110.797;112.71;109.377;110.187
2012.01.22 00:00;110.001;111.958;108.875;111.289
2012.01.29 00:00;111.472;114.689;110.223;114.689
2012.02.05 00:00;114.563;118.769;113.634;117.601
2012.02.12 00:00;117.685;121.418;116.997;120.648
2012.02.19 00:00;120.708;126.101;119.817;125.615
2012.02.26 00:00;125.744;128.729;119.096;124.22
2012.03.04 00:00;124.22;126.498;121.794;126.022
2012.03.11 00:00;125.229;126.837;122.037;126.564
2012.03.18 00:00;126.589;127.453;122.704;125.501
2012.03.25 00:00;125.3;126.442;121.656;123.143
2012.04.01 00:00;123.598;126.152;121.899;123.399
2012.04.08 00:00;123.399;123.399;119.283;121.853
2012.04.15 00:00;121.853;121.853;117.148;119.25
2012.04.22 00:00;119.25;120.488;117.583;119.92
2012.04.29 00:00;119.9;120.253;111.939;113.613
2012.05.06 00:00;113.613;113.748;110.671;111.902
2012.05.13 00:00;111.749;112.312;106.653;107.363
2012.05.20 00:00;107.363;109.653;105.222;106.922
2012.05.27 00:00;106.892;108.189;97.645;98.828
2012.06.03 00:00;98.828;102.498;95.712;99.993
2012.06.10 00:00;99.993;102.194;96.211;97.805
2012.06.17 00:00;97.805;99.525;88.705;91.57
2012.06.24 00:00;91.524;98.456;89.791;97.754
2012.07.01 00:00;97.754;102.436;95.426;97.936
2012.07.08 00:00;97.921;103.472;97.79;102.622
2012.07.15 00:00;102.622;109.192;102.053;107.651
2012.07.22 00:00;107.651;107.651;102.862;107.249
2012.07.29 00:00;107.249;109.61;104.61;109.476
2012.08.05 00:00;109.476;113.767;108.284;113.253
2012.08.12 00:00;113.253;116.918;112.768;115.138
2012.08.19 00:00;115.138;117.531;114.069;114.527
2012.08.26 00:00;114.527;116.44;112.308;115.584
2012.09.02 00:00;115.569;117.155;112.705;114.713
2012.09.09 00:00;114.693;118.542;114.095;117.265
2012.09.16 00:00;117.265;117.544;107.547;111.963
2012.09.23 00:00;111.948;113.699;108.836;112.435
2012.09.30 00:00;112.4;113.535;107.881;112.065
2012.10.07 00:00;112.07;116.087;110.669;114.626
2012.10.14 00:00;114.626;115.827;110.744;110.865
2012.10.21 00:00;110.865;111.714;107.452;110.22
2012.10.28 00:00;110.22;110.782;105.906;106.124
2012.11.04 00:00;105.83;111.885;105.067;109.556
2012.11.11 00:00;109.202;110.481;107.474;109.988
2012.11.18 00:00;110.253;112.951;109.727;111.98
2012.11.25 00:00;111.835;111.981;108.945;111.623
2012.12.02 00:00;111.554;112.688;106.905;107.391
2012.12.09 00:00;107.542;110.612;107.191;109.718
2012.12.16 00:00;109.64;111.938;108.969;110.3
2012.12.23 00:00;109.984;112.502;109.201;111.355
2012.12.30 00:00;111.169;113.592;110.156;111.999
2013.01.06 00:00;111.824;113.573;110.068;110.923
2013.01.13 00:00;110.955;112.894;110.329;112.741
2013.01.20 00:00;112.492;114.544;112.16;114.148
2013.01.27 00:00;114.022;117.526;113.186;116.964
2013.02.03 00:00;116.859;119.32;115.351;118.933
2013.02.10 00:00;118.924;119.252;117.197;118.812
2013.02.17 00:00;118.759;118.766;114.049;114.908
2013.02.24 00:00;114.602;116.427;110.249;111.037
2013.03.03 00:00;110.914;112.566;109.772;111.151
2013.03.10 00:00;110.969;111.774;108.667;111.012
2013.03.17 00:00;109.724;110.535;107.638;108.32
2013.03.24 00:00;108.462;110.683;107.912;110.363
2013.03.31 00:00;110.557;112.2;104.194;104.904
2013.04.07 00:00;104.947;106.875;101.629;103.288
2013.04.14 00:00;103.071;103.185;97.083;99.821
2013.04.21 00:00;99.717;103.651;99.061;103.024
2013.04.28 00:00;102.818;104.634;98.59;103.935
2013.05.05 00:00;105.076;105.674;101.605;103.766
2013.05.12 00:00;103.465;105.044;101.107;104.854
2013.05.19 00:00;104.741;105.46;100.762;102.734
2013.05.26 00:00;102.299;104.788;100.128;100.16
2013.06.02 00:00;99.966;105.037;99.731;104.75
2013.06.09 00:00;104.758;106.841;102.099;106.06
2013.06.16 00:00;106.002;106.835;100.189;101.074
2013.06.23 00:00;100.78;103.535;99.817;102.115
2013.06.30 00:00;102.054;107.939;101.73;107.758
2013.07.07 00:00;107.934;108.877;106.824;108.817
2013.07.14 00:00;108.539;109.738;107.554;109.026
2013.07.21 00:00;108.909;109.168;106.712;107.513
2013.07.28 00:00;107.595;110.326;106.16;109.207
2013.08.04 00:00;108.98;109.634;105.545;107.776
2013.08.11 00:00;107.337;111.482;107.151;111.452
2013.08.18 00:00;111.079;111.836;109.306;111.663
2013.08.25 00:00;111.798;117.851;111.038;114.474
2013.09.01 00:00;112.722;116.901;112.637;116.174
2013.09.08 00:00;115.884;116.37;111.164;113.378
2013.09.15 00:00;112.211;113.018;108.817;110.498
2013.09.22 00:00;110.163;111.135;108.509;109.358
2013.09.29 00:00;108.759;110.508;107.552;109.894
2013.10.06 00:00;109.669;112.251;108.391;111.205
2013.10.13 00:00;111.02;112.224;109.595;110.94
2013.10.20 00:00;110.717;111.675;106.888;107.757
2013.10.27 00:00;107.514;110.636;106.185;106.334
2013.11.03 00:00;106.241;106.9;103.452;105.192
2013.11.10 00:00;105.816;109.223;105.405;108.62
2013.11.17 00:00;108.473;111.604;106.735;110.849
2013.11.24 00:00;108.73;111.817;108.235;110.227
2013.12.01 00:00;110.259;112.892;109.401;111.724
2013.12.08 00:00;111.571;111.739;107.926;108.583
2013.12.15 00:00;109.347;112.142;108.067;112.026
2013.12.22 00:00;112.093;112.982;111.486;112.291
2013.12.29 00:00;112.386;112.792;106.896;107.075
2014.01.05 00:00;107.075;108.167;105.94;107.287
2014.01.12 00:00;106.988;107.293;105.435;106.633
2014.01.19 00:00;106.713;108.609;106.131;108.185
2014.01.26 00:00;108.018;108.594;106.489;106.534
2014.02.02 00:00;106.248;109.712;105.518;109.519
2014.02.09 00:00;109.585;109.814;108.217;109.508
2014.02.16 00:00;109.78;111.299;109.161;110.255
2014.02.23 00:00;110.604;111.165;108.718;109.433
2014.03.02 00:00;111.208;112.651;107.541;108.89
2014.03.09 00:00;108.757;109.018;107.058;108.797
2014.03.16 00:00;108.838;108.908;105.859;107.433
2014.03.23 00:00;107.182;108.702;106.805;108.314
2014.03.30 00:00;108.115;108.586;104.179;106.836
2014.04.06 00:00;106.364;108.263;105.285;107.395
2014.04.13 00:00;107.916;110.483;107.421;109.831
2014.04.20 00:00;109.739;110.723;108.623;109.594
2014.04.27 00:00;109.859;110.266;106.899;108.669
2014.05.04 00:00;108.542;108.964;106.989;107.826
2014.05.11 00:00;107.925;110.472;107.857;110.148
2014.05.18 00:00;110.248;111.386;109.48;110.913
2014.05.25 00:00;110.725;111.075;109.457;109.79
2014.06.01 00:00;109.76;110.055;107.907;108.768
2014.06.08 00:00;108.536;114.744;108.503;112.953
2014.06.15 00:00;113.717;116.268;112.753;115.263
2014.06.22 00:00;115.493;116.13;113.295;113.585
2014.06.29 00:00;113.46;113.502;110.801;110.883
2014.07.06 00:00;110.748;111.11;106.93;107.295
2014.07.13 00:00;107.26;108.594;105.573;107.097
2014.07.20 00:00;106.958;108.439;106.706;108.179
2014.07.27 00:00;108.144;108.174;104.374;104.623
2014.08.03 00:00;104.677;106.742;104.064;104.742
2014.08.10 00:00;104.912;105.495;101.361;102.724
2014.08.17 00:00;102.391;102.449;100.604;101.76
2014.08.24 00:00;101.484;103.012;101.291;102.755
2014.08.31 00:00;102.808;103.015;99.929;100.733
2014.09.07 00:00;100.712;100.839;96.617;97.044
2014.09.14 00:00;96.228;98.829;96.206;97.632
2014.09.21 00:00;97.396;97.45;95.034;96.473
2014.09.28 00:00;96.194;97.346;91.136;91.844
2014.10.05 00:00;91.677;92.938;87.912;89.562
2014.10.12 00:00;88.994;89.201;82.632;85.872
2014.10.19 00:00;86.158;86.94;83.887;86.061
2014.10.26 00:00;85.663;87.755;84.354;85.761
2014.11.02 00:00;85.72;86.269;81.523;83.025
2014.11.09 00:00;83.616;84.879;76.265;79.077
2014.11.16 00:00;78.741;81.188;77.137;80.079
2014.11.23 00:00;79.989;80.47;69.509;69.708
2014.11.30 00:00;68.539;72.786;67.302;68.522
2014.12.07 00:00;67.896;68.32;61.313;61.357
2014.12.14 00:00;60.936;63.332;58.166;61.871
2014.12.21 00:00;61.381;62.641;58.974;59.417
2014.12.28 00:00;59.621;60.211;55.315;56.221
2015.01.04 00:00;55.764;55.975;49.067;50.186
2015.01.11 00:00;49.616;51.507;45.538;49.152
2015.01.18 00:00;49.213;49.772;47.096;48.007
2015.01.25 00:00;47.869;52.624;47.037;51.96
2015.02.01 00:00;51.54;58.753;51.037;57.826
2015.02.08 00:00;57.932;60.783;54.233;60.523
2015.02.15 00:00;60.713;62.126;57.054;59.323
2015.02.22 00:00;59.436;62.26;57.484;61.599
2015.03.01 00:00;61.523;61.882;58.654;59.223
2015.03.08 00:00;58.799;59.552;53.994;54.056
2015.03.15 00:00;53.267;56.135;51.912;54.537
2015.03.22 00:00;54.154;59.228;53.568;55.68
2015.03.29 00:00;55.614;57.314;53.674;54.774
2015.04.05 00:00;55.324;59.028;55.258;57.707
2015.04.12 00:00;57.722;63.753;57.385;62.567
2015.04.19 00:00;63.156;64.9;60.485;64.532
2015.04.26 00:00;64.66;66.304;63.226;65.902
2015.05.03 00:00;65.961;69.2;63.926;65.165
2015.05.10 00:00;65.126;67.525;64.012;66.037
2015.05.17 00:00;66.016;67.021;63.187;64.846
2015.05.24 00:00;64.9;65.583;60.746;65.009
2015.05.31 00:00;64.834;65.419;60.638;62.888
2015.06.07 00:00;62.695;66.158;62.233;63.883
2015.06.14 00:00;63.605;64.765;61.728;62.232
2015.06.21 00:00;61.955;64.502;61.54;62.703
2015.06.28 00:00;62.165;63.431;59.812;60.005
2015.07.05 00:00;59.266;59.685;54.892;58.565
2015.07.12 00:00;57.982;58.728;56.05;56.726
2015.07.19 00:00;56.729;57.124;54.033;54.351
2015.07.26 00:00;54.421;54.646;51.439;51.616
2015.08.02 00:00;51.602;51.845;48.315;48.408
2015.08.09 00:00;48.225;51.019;48.088;48.159
2015.08.16 00:00;48.101;48.911;44.659;44.881
2015.08.23 00:00;44.87;50.629;41.877;49.558
2015.08.30 00:00;49.221;53.998;47.497;49.061
2015.09.06 00:00;49.074;49.882;46.648;48.004
2015.09.13 00:00;48.025;49.385;46.101;46.914
2015.09.20 00:00;46.792;49.515;46.735;47.719
2015.09.27 00:00;47.771;49.349;46.507;47.756
2015.10.04 00:00;47.699;53.783;47.69;52.256
2015.10.11 00:00;52.579;53.086;48.269;50.013
2015.10.18 00:00;50.118;50.143;47.125;47.712
2015.10.25 00:00;47.657;49.751;46.146;49.215
2015.11.01 00:00;49.176;50.716;47.126;47.552
2015.11.08 00:00;47.47;48.286;43.452;43.753
2015.11.15 00:00;43.914;44.909;42.518;43.824
2015.11.22 00:00;43.998;45.993;43.064;44.442
2015.11.29 00:00;44.488;45.364;42.12;42.937
2015.12.06 00:00;42.551;42.768;37.229;37.572
2015.12.13 00:00;37.8;39.183;35.988;36.216
2015.12.20 00:00;36.056;37.744;35.623;37.557
2015.12.27 00:00;37.519;37.702;35.866;37.592
2016.01.03 00:00;38.188;38.795;32.03;33.217
2016.01.10 00:00;32.955;33.304;29.115;29.517
2016.01.17 00:00;28.473;32.544;27.328;32.412
2016.01.24 00:00;32.67;36.067;29.454;35.262
2016.01.31 00:00;34.877;35.458;31.719;33.645
2016.02.07 00:00;33.619;34.23;29.594;32.443
2016.02.14 00:00;32.588;35.482;31.574;32.939
2016.02.21 00:00;32.89;36.536;32.405;34.757
2016.02.28 00:00;34.907;38.341;34.452;38.314
2016.03.06 00:00;38.634;40.922;38.332;39.848
2016.03.13 00:00;39.925;42.204;37.952;41.096
2016.03.20 00:00;40.798;41.837;39.028;40.185
2016.03.27 00:00;40.435;40.841;37.926;38.004
2016.04.03 00:00;37.771;41.486;36.734;41.334
2016.04.10 00:00;41.866;44.503;40.964;42.73
2016.04.17 00:00;40.627;45.949;40.292;44.934
2016.04.24 00:00;44.639;48.241;44.124;47.347
2016.05.01 00:00;47.026;47.297;44.159;45.273
2016.05.08 00:00;46.134;48.153;43.293;47.857
2016.05.15 00:00;47.918;49.809;47.359;48.772
2016.05.22 00:00;48.596;50.491;47.564;49.452
2016.05.29 00:00;49.516;50.269;48.098;49.307
2016.06.05 00:00;49.295;52.397;49.294;50.032
2016.06.12 00:00;49.866;50.442;46.675;49.112
2016.06.19 00:00;49.218;51.067;47.402;48.258
2016.06.26 00:00;47.827;50.677;46.617;49.944
2016.07.03 00:00;49.827;50.11;45.652;46.073
2016.07.10 00:00;46.011;48.152;45.479;47.633
2016.07.17 00:00;47.416;47.621;45.002;45.546
2016.07.24 00:00;45.59;45.746;42.07;42.913
2016.07.31 00:00;42.836;44.118;41.134;44.063
2016.08.07 00:00;44.032;46.96;43.179;46.91
2016.08.14 00:00;46.801;51.005;46.596;50.589
2016.08.21 00:00;50.272;50.587;48.351;49.498
2016.08.28 00:00;49.342;49.545;45.026;46.324
2016.09.04 00:00;46.279;49.873;46.032;47.635
2016.09.11 00:00;47.438;48.418;45.328;45.852
2016.09.18 00:00;46.282;48.163;44.978;45.921
2016.09.25 00:00;46.221;49.777;45.575;49.431
2016.10.02 00:00;49.26;52.341;49.218;51.192
2016.10.09 00:00;50.942;53.297;50.563;51.637
2016.10.16 00:00;51.494;52.876;50.866;51.699
2016.10.23 00:00;51.349;51.838;49.221;49.547
2016.10.30 00:00;49.266;49.683;44.213;44.702
2016.11.06 00:00;45.079;46.147;43.475;43.85
2016.11.13 00:00;44.276;46.967;42.927;46.201
2016.11.20 00:00;46.791;49.389;46.391;46.643
2016.11.27 00:00;46.062;53.02;45.557;52.945
2016.12.04 00:00;52.563;53.916;51.548;53.1
2016.12.11 00:00;55.327;56.009;52.095;54.249
2016.12.18 00:00;54.444;54.974;53.202;54.216
2016.12.25 00:00;54.42;56.316;54.267;55.319
2017.01.01 00:00;55.836;57.029;54.041;55.64
2017.01.08 00:00;55.831;55.861;52.558;54.603
2017.01.15 00:00;54.629;56.061;52.972;54.691
2017.01.22 00:00;54.853;55.714;53.969;54.66
2017.01.29 00:00;54.496;56.506;54.034;55.907
2017.02.05 00:00;56.044;56.279;53.679;55.923
2017.02.12 00:00;55.836;56.087;54.51;55.153
2017.02.19 00:00;55.268;56.771;55.147;55.53
2017.02.26 00:00;55.624;56.372;54.406;55.214
2017.03.05 00:00;55.229;56.099;50.714;50.896
2017.03.12 00:00;50.612;52.319;49.898;51.442
2017.03.19 00:00;51.434;51.989;49.513;50.85
2017.03.26 00:00;50.921;53.553;49.934;53.477
2017.04.02 00:00;53.272;55.903;52.55;55.038
2017.04.09 00:00;55.235;56.51;55.084;55.503
2017.04.16 00:00;55.647;55.878;51.512;51.863
2017.04.23 00:00;52.187;52.52;50.52;51.413
2017.04.30 00:00;51.482;51.721;46.282;49.091
2017.05.07 00:00;49.554;50.857;48.097;50.523
2017.05.14 00:00;50.523;53.613;50.493;53.593
2017.05.21 00:00;53.854;54.576;50.734;52.246
2017.05.28 00:00;52.346;52.66;48.709;49.73
2017.06.04 00:00;49.725;50.506;47.249;48.073
2017.06.11 00:00;48.24;48.979;46.572;47.171
2017.06.18 00:00;47.148;47.65;44.276;45.607
2017.06.25 00:00;45.753;48.764;45.02;48.744
2017.07.02 00:00;48.709;49.686;46.102;46.65
2017.07.09 00:00;46.854;48.941;45.957;48.911
2017.07.16 00:00;48.876;50.089;47.728;47.792
2017.07.23 00:00;47.936;51.981;47.616;51.966
2017.07.30 00:00;52.116;52.644;50.61;52.1
2017.08.06 00:00;52.131;53.427;51.109;51.789
2017.08.13 00:00;51.922;52.821;49.864;52.707
2017.08.20 00:00;52.648;52.707;51.192;52.107
2017.08.27 00:00;52.367;53.078;50.626;52.851
2017.09.03 00:00;52.484;54.961;52.101;53.834
2017.09.10 00:00;54.063;56.065;53.123;55.554
2017.09.17 00:00;55.575;56.657;54.838;56.533
2017.09.24 00:00;56.635;59.057;56.399;56.862
2017.10.01 00:00;56.838;57.394;55.238;55.625
2017.10.08 00:00;55.753;57.654;55.156;57.244
2017.10.15 00:00;57.916;58.593;56.648;57.925
2017.10.22 00:00;57.948;60.569;57.058;60.542
2017.10.29 00:00;60.609;62.419;60.129;62.323
2017.11.05 00:00;62.432;64.819;62.308;63.79
2017.11.12 00:00;63.761;63.825;61.172;62.784
2017.11.19 00:00;62.564;63.974;61.504;63.903
2017.11.26 00:00;63.803;64.645;62.272;63.92
2017.12.03 00:00;63.859;63.882;61.385;63.54
2017.12.10 00:00;63.296;66.027;62.179;63.363
2017.12.17 00:00;63.383;65.198;63.121;64.955
2017.12.24 00:00;65.18;67.341;64.876;66.988
2017.12.31 00:00;67.018;68.591;66.558;68.007
2018.01.07 00:00;68.025;70.259;67.699;69.996
2018.01.14 00:00;69.887;70.543;68.411;68.873
2018.01.21 00:00;68.87;71.255;68.483;70.526
2018.01.28 00:00;70.541;70.614;68.215;68.566
2018.02.04 00:00;68.25;68.764;61.99;62.814
2018.02.11 00:00;63.364;65.362;61.935;65.006
2018.02.18 00:00;65.454;67.437;64.486;67.35
2018.02.25 00:00;67.199;67.968;63.441;64.793
2018.03.04 00:00;64.965;66.379;63.618;65.777
2018.03.11 00:00;65.811;66.544;64.197;66.235
2018.03.18 00:00;66.106;70.632;65.487;70.411
2018.03.25 00:00;70.962;71.026;68.56;70.051
2018.04.01 00:00;70.134;70.553;67.149;67.414
2018.04.08 00:00;67.623;73.456;67.574;72.857
2018.04.15 00:00;72.555;74.911;71.069;73.796
2018.04.22 00:00;74.066;75.409;73.105;74.286
2018.04.29 00:00;74.33;76.262;72.961;75.481
2018.05.06 00:00;75.476;78.428;73.562;77.367
2018.05.13 00:00;77.394;80.801;76.907;78.925
2018.05.20 00:00;79.201;80.679;76.12;76.331
2018.05.27 00:00;76.123;79.154;74.542;76.579
2018.06.03 00:00;76.519;77.593;73.792;76.361
2018.06.10 00:00;76.314;77.056;73.027;73.072
2018.06.17 00:00;73.12;75.848;72.435;75.726
2018.06.24 00:00;74.282;79.673;73.714;79.32
2018.07.01 00:00;78.562;79.051;76.448;77.186
2018.07.08 00:00;77.155;79.578;72.73;74.883
2018.07.15 00:00;75.087;75.411;71.231;72.997
2018.07.22 00:00;73.239;74.827;72.538;74.272
2018.07.29 00:00;74.229;75.245;71.361;72.834
2018.08.05 00:00;72.751;74.486;71.055;72.591
2018.08.12 00:00;72.582;73.633;70.033;71.537
2018.08.19 00:00;71.495;76.279;71.228;75.51
2018.08.26 00:00;75.58;78;75.296;77.389
2018.09.02 00:00;77.426;79.447;75.405;76.75
2018.09.09 00:00;76.978;79.929;76.696;77.929
2018.09.16 00:00;77.756;80.033;77.368;78.602
2018.09.23 00:00;79.838;84.063;79.596;83.486
2018.09.30 00:00;83.649;87.323;83.151;84.511
2018.10.07 00:00;83.911;85.894;79.585;80.823
2018.10.14 00:00;82.119;82.189;78.927;80.213
2018.10.21 00:00;80.032;80.58;75.23;77.729
2018.10.28 00:00;77.779;78.063;72.157;72.541
2018.11.04 00:00;72.598;74.115;69.126;69.606
2018.11.11 00:00;70.906;71.861;64.611;66.975
2018.11.18 00:00;67.277;67.622;58.419;59.144
2018.11.25 00:00;59.381;61.356;57.644;59.012
2018.12.02 00:00;59.027;63.581;58.302;61.178
2018.12.09 00:00;61.901;62.228;59.238;60.195
2018.12.16 00:00;60.371;61.132;52.744;53.407
2018.12.23 00:00;53.667;55.232;49.939;52.687
2018.12.30 00:00;53.203;58.029;52.238;57.103
2019.01.06 00:00;57.511;62.259;56.892;60.303
2019.01.13 00:00;60.429;62.85;58.732;62.453
2019.01.20 00:00;62.281;63.023;60.116;61.414
2019.01.27 00:00;61.385;62.992;59.438;62.849
2019.02.03 00:00;62.75;63.663;60.623;62.072
2019.02.10 00:00;61.7;66.394;60.916;66.296
2019.02.17 00:00;66.507;67.719;65.584;66.906
2019.02.24 00:00;67.385;67.467;64.316;64.713
2019.03.03 00:00;65.135;66.869;63.897;65.545
2019.03.10 00:00;65.663;68.041;65.528;66.938
2019.03.17 00:00;67.081;68.636;66.155;66.89
2019.03.24 00:00;66.84;68.894;66.313;68.169
2019.03.31 00:00;68.421;70.941;68.404;70.872
2019.04.07 00:00;71.119;72.216;70.693;71.83
2019.04.14 00:00;71.745;72.52;71.008;72.132
2019.04.21 00:00;72.589;75.695;71.351;71.662
2019.04.28 00:00;71.623;73.273;70.124;71.237
2019.05.05 00:00;69.861;72.181;69.195;71.086
2019.05.12 00:00;70.676;73.584;69.989;72.297
2019.05.19 00:00;73.123;73.584;67.119;69.293
2019.05.26 00:00;69.223;70.625;62.662;62.929
2019.06.02 00:00;62.929;64.573;60.454;64.246
2019.06.09 00:00;64.594;64.694;60.265;62.658
2019.06.16 00:00;62.774;66.11;60.702;65.597
2019.06.23 00:00;65.748;66.894;64.259;65.176
2019.06.30 00:00;66.564;67.515;62.754;65.041
2019.07.07 00:00;64.912;68.166;64.297;67.322
2019.07.14 00:00;67.064;67.882;61.582;63.103
2019.07.21 00:00;63.458;64.821;62.739;63.387
2019.07.28 00:00;63.161;65.572;60.147;61.349
2019.08.04 00:00;61.414;61.677;55.96;58.355
2019.08.11 00:00;58.305;61.564;57.723;58.703
2019.08.18 00:00;59.037;61.446;58.327;59.121
2019.08.25 00:00;58.433;61.14;58.36;59.537
2019.09.01 00:00;59.295;62.812;57.656;61.983
2019.09.08 00:00;62.096;64.102;59.2;60.402
2019.09.15 00:00;68.756;69.916;63.271;64.759
2019.09.22 00:00;65.019;65.306;60.818;62.188
2019.09.29 00:00;62.099;62.239;56.9;59.221
2019.10.06 00:00;58.851;61.25;58.01;61.215
2019.10.13 00:00;61.117;61.134;58.448;59.628
2019.10.20 00:00;59.491;62.275;58.53;62.124
2019.10.27 00:00;62.154;62.432;59.586;61.987
2019.11.03 00:00;61.831;63.631;60.948;62.913
2019.11.10 00:00;62.561;63.836;61.438;63.58
2019.11.17 00:00;63.464;64.358;60.419;63.614
2019.11.24 00:00;63.551;64.625;61.281;61.697
2019.12.01 00:00;62.193;65.657;61.118;65.116
2019.12.08 00:00;64.782;66.354;63.614;65.455
2019.12.15 00:00;65.49;67.158;65.42;66.36
2019.12.22 00:00;66.375;68.18;66.071;67.917
2019.12.29 00:00;67.89;70.406;66.585;69.494
2020.01.05 00:00;69.509;71.665;65.211;65.647
2020.01.12 00:00;65.525;65.816;64.024;65.492
2020.01.19 00:00;65.935;66.06;60.441;60.804
2020.01.26 00:00;59.724;60.662;56.637;57.348
2020.02.02 00:00;56.637;57.419;54.26;54.942
2020.02.09 00:00;54.505;57.896;53.533;57.666
2020.02.16 00:00;57.351;60.14;56.563;58.415
2020.02.23 00:00;56.641;57.18;49.317;50.476
2020.03.01 00:00;49.925;54.241;45.451;45.812
2020.03.08 00:00;35.882;39.812;31.438;34.834
2020.03.15 00:00;32.217;33.386;24.593;27.44
2020.03.22 00:00;25.351;28.681;24.861;25.766
2020.03.29 00:00;24.654;33.587;22.726;32.408
2020.04.05 00:00;29.886;34.404;29.607;30.02
2020.04.12 00:00;30.632;31.718;26.09;27.368
2020.04.19 00:00;27.071;27.442;17.267;21.983
2020.04.26 00:00;22.077;24.909;19.39;23.857
2020.05.03 00:00;23.393;29.267;23.056;28.443
2020.05.10 00:00;28.394;31.144;27.103;31.079
2020.05.17 00:00;31.906;35.496;31.823;34.141
2020.05.24 00:00;33.759;36.791;33.061;36.366
