2012.02.24 00:00;1365;1370.3;1363.2;1364.5
2012.02.27 00:00;1364.8;1372.2;1354.5;1368.2
2012.02.28 00:00;1368.5;1375.2;1365.9;1372.9
2012.02.29 00:00;1372.1;1378;1357.7;1361.2
2012.03.01 00:00;1361;1377.2;1359.7;1375.7
2012.03.02 00:00;1375.4;1377.7;1365.8;1369.3
2012.03.03 00:00;1369.3;1369.3;1369.3;1369.3
2012.03.05 00:00;1369.3;1369.3;1358.8;1363.8
2012.03.06 00:00;1363.3;1365.9;1339;1342.5
2012.03.07 00:00;1342.2;1354.4;1342.2;1352.1
2012.03.08 00:00;1352.4;1368.6;1351.1;1365.8
2012.03.09 00:00;1366.1;1374.8;1363.5;1372.5
2012.03.12 00:00;1372.1;1372.6;1366;1372.3
2012.03.13 00:00;1372.5;1398.8;1372.3;1397.8
2012.03.14 00:00;1397.6;1399.8;1390;1392.5
2012.03.15 00:00;1392.3;1403;1390.8;1401
2012.03.16 00:00;1400.7;1406;1399.7;1403.7
2012.03.17 00:00;1403.7;1403.7;1403.7;1403.7
2012.03.19 00:00;1402.7;1413.4;1399.2;1410
2012.03.20 00:00;1410.2;1410.4;1397.7;1406.4
2012.03.21 00:00;1406.2;1411;1399.8;1402.8
2012.03.22 00:00;1402.3;1406;1388.1;1394.8
2012.03.23 00:00;1395.1;1400.3;1385.8;1398.8
2012.03.24 00:00;1398.8;1398.8;1398.8;1398.8
2012.03.26 00:00;1399.1;1420;1397.7;1419.7
2012.03.27 00:00;1419.5;1424.7;1411.1;1411.1
2012.03.28 00:00;1410.8;1416.8;1396.9;1404.6
2012.03.29 00:00;1404.9;1408.7;1391.1;1403.4
2012.03.30 00:00;1403.9;1410.7;1400.7;1409.2
2012.03.31 00:00;1409.2;1409.2;1409.2;1409.2
2012.04.01 00:00;1409;1409;1409;1409
2012.04.02 00:00;1412;1422.3;1403.6;1416
2012.04.03 00:00;1416.3;1418.7;1404.2;1412.4
2012.04.04 00:00;1412.7;1412.7;1393.1;1397.1
2012.04.05 00:00;1396.8;1402;1388.5;1395.4
2012.04.06 00:00;1395.2;1398.6;1374.4;1377.6
2012.04.09 00:00;1377.1;1386.5;1375;1379.3
2012.04.10 00:00;1379.1;1384.7;1356.5;1363.1
2012.04.11 00:00;1363.3;1374.3;1362.6;1369.3
2012.04.12 00:00;1369;1390;1367.2;1388.8
2012.04.13 00:00;1389;1392.3;1368.5;1370
2012.04.14 00:00;1370;1370;1370;1370
2012.04.16 00:00;1369.2;1378.9;1364.1;1368.1
2012.04.17 00:00;1368.3;1392.2;1362.8;1386.9
2012.04.18 00:00;1387.2;1390.2;1381.6;1383.4
2012.04.19 00:00;1383.2;1393.4;1369.1;1377.6
2012.04.20 00:00;1377.9;1386.5;1374.8;1378.5
2012.04.21 00:00;1378.5;1378.5;1378.5;1378.5
2012.04.23 00:00;1378.5;1378.5;1357.2;1367.5
2012.04.24 00:00;1367.2;1380.2;1364.2;1379.2
2012.04.25 00:00;1378.9;1390.7;1376.3;1390.7
2012.04.26 00:00;1390.4;1401.9;1384.1;1398.1
2012.04.27 00:00;1397.6;1405.8;1389.6;1401.6
2012.04.28 00:00;1401.6;1401.6;1401.6;1401.6
2012.04.29 00:00;1401.6;1401.6;1401.6;1401.6
2012.04.30 00:00;1402.9;1405.1;1392.6;1397.9
2012.05.01 00:00;1397.6;1414.3;1394.1;1403.8
2012.05.02 00:00;1404.1;1407.2;1392;1400.5
2012.05.03 00:00;1400.2;1405.2;1387.2;1389.4
2012.05.04 00:00;1389.1;1391.4;1365.8;1366
2012.05.05 00:00;1366;1366;1366;1366
2012.05.06 00:00;1366;1366;1366;1366
2012.05.07 00:00;1356;1372.4;1344.6;1368.6
2012.05.08 00:00;1368.9;1370;1346;1362
2012.05.09 00:00;1362;1362.7;1341.2;1350.2
2012.05.10 00:00;1349.9;1365.7;1347.9;1353.3
2012.05.11 00:00;1353.6;1364.9;1345.8;1352.1
2012.05.12 00:00;1352.1;1352.1;1352.1;1352.1
2012.05.14 00:00;1348.9;1352.7;1334.1;1335.4
2012.05.15 00:00;1335.9;1348.5;1327.3;1331.1
2012.05.16 00:00;1331.4;1341.3;1322.6;1324.9
2012.05.17 00:00;1324.6;1332.1;1301.4;1304.4
2012.05.18 00:00;1304.4;1311.8;1291.2;1293.2
2012.05.19 00:00;1293.2;1293.2;1293.2;1293.2
2012.05.21 00:00;1293.2;1316.9;1288.6;1315.6
2012.05.22 00:00;1315.1;1327.9;1308.8;1315.6
2012.05.23 00:00;1315.8;1320;1295.3;1315.6
2012.05.24 00:00;1315.8;1325.4;1307.2;1325.1
2012.05.25 00:00;1324.6;1330.6;1313.2;1315.4
2012.05.27 00:00;1315.4;1315.4;1315.4;1315.4
2012.05.28 00:00;1315.4;1328.8;1315.4;1323.9
2012.05.29 00:00;1321.5;1334.9;1318.4;1333.7
2012.05.30 00:00;1333.4;1333.4;1308.6;1308.6
2012.05.31 00:00;1308.8;1319.5;1298;1307.2
2012.06.01 00:00;1307.2;1308;1274.8;1275.5
2012.06.02 00:00;1275.5;1275.5;1275.5;1275.5
2012.06.04 00:00;1275.2;1281.8;1262.4;1274.3
2012.06.05 00:00;1274.1;1287;1268.1;1285
2012.06.06 00:00;1285.2;1316.4;1283.5;1315.4
2012.06.07 00:00;1315.2;1329.4;1312.1;1317.1
2012.06.08 00:00;1317.3;1327.7;1305.7;1327.4
2012.06.11 00:00;1344.2;1348.8;1306.1;1306.6
2012.06.12 00:00;1306.9;1326.3;1303.7;1325.1
2012.06.13 00:00;1325.3;1327.8;1310.2;1312.9
2012.06.14 00:00;1313.2;1334.2;1311.1;1333.8
2012.06.15 00:00;1333.3;1343.4;1331;1343.4
2012.06.17 00:00;1343;1343;1342.4;1342.4
2012.06.18 00:00;1350.7;1353.7;1333.7;1347.9
2012.06.19 00:00;1347.6;1363.3;1341.7;1356
2012.06.20 00:00;1355.8;1361.5;1343.9;1357.8
2012.06.21 00:00;1358;1359;1323.5;1324.5
2012.06.22 00:00;1324.2;1337.6;1324.2;1332.7
2012.06.23 00:00;1332.7;1332.7;1332.7;1332.7
2012.06.25 00:00;1331.3;1332;1308.3;1312.5
2012.06.26 00:00;1312.8;1323.6;1309;1320.9
2012.06.27 00:00;1320.6;1334.1;1317.6;1331
2012.06.28 00:00;1330.8;1333;1312.4;1325.5
2012.06.29 00:00;1325.7;1365;1321.4;1364
2012.07.01 00:00;1364;1364;1364;1364
2012.07.02 00:00;1363.6;1367.5;1355;1362
2012.07.03 00:00;1361.7;1374.7;1359.8;1371.7
2012.07.04 00:00;1374;1375.3;1367.3;1373.4
2012.07.05 00:00;1370.7;1380;1362.5;1368
2012.07.06 00:00;1367.5;1368.5;1347.5;1356.7
2012.07.07 00:00;1356.7;1356.7;1356.7;1356.7
2012.07.08 00:00;1356.5;1356.5;1356.5;1356.5
2012.07.09 00:00;1353.9;1354.9;1346;1351.7
2012.07.10 00:00;1351.9;1361.3;1335.4;1340.9
2012.07.11 00:00;1340.7;1347.1;1332.6;1342.6
2012.07.12 00:00;1342.9;1343.9;1324.5;1335
2012.07.13 00:00;1334.5;1357.8;1333.5;1356.5
2012.07.14 00:00;1356.5;1356.5;1356.5;1356.5
2012.07.15 00:00;1356.5;1356.5;1356.3;1356.3
2012.07.16 00:00;1355.6;1356.8;1347.6;1351.8
2012.07.17 00:00;1351.6;1364.8;1343.7;1362.2
2012.07.18 00:00;1362.5;1374.8;1357;1374.5
2012.07.19 00:00;1374.7;1380.2;1370.4;1375.5
2012.07.20 00:00;1375.8;1376;1361.3;1362.6
2012.07.23 00:00;1362.6;1362.6;1336;1344.3
2012.07.24 00:00;1344.5;1350.3;1325;1325.9
2012.07.25 00:00;1325.7;1343.7;1325.3;1338.2
2012.07.26 00:00;1338;1362.4;1331.4;1358.4
2012.07.27 00:00;1358.6;1388.6;1356.6;1386.4
2012.07.30 00:00;1386.4;1391;1377.8;1383.7
2012.07.31 00:00;1384;1390;1374.4;1376.2
2012.08.01 00:00;1376.2;1384.8;1369.1;1373
2012.08.02 00:00;1372.7;1385;1352.6;1364.7
2012.08.03 00:00;1364.4;1393.7;1363.1;1391.1
2012.08.05 00:00;1391.1;1391.1;1391.1;1391.1
2012.08.06 00:00;1391.1;1398.7;1390.5;1392
2012.08.07 00:00;1391.7;1406.4;1390.5;1399.8
2012.08.08 00:00;1400.2;1403.1;1393.4;1400.4
2012.08.09 00:00;1400.1;1406.3;1396.3;1402.7
2012.08.10 00:00;1402.5;1405.7;1394.7;1404.9
2012.08.11 00:00;1404.9;1404.9;1404.9;1404.9
2012.08.12 00:00;1404.7;1404.7;1404.7;1404.7
2012.08.13 00:00;1404.7;1406.2;1396.7;1404.2
2012.08.14 00:00;1404.5;1411.6;1399.9;1402.9
2012.08.15 00:00;1402.7;1408.1;1397.8;1406.8
2012.08.16 00:00;1406.6;1418;1403.3;1416.3
2012.08.17 00:00;1416;1418.9;1413;1417.7
2012.08.20 00:00;1417.7;1420;1411.7;1417.1
2012.08.21 00:00;1417.4;1426.7;1410.1;1413.8
2012.08.22 00:00;1413.6;1416.1;1406.1;1414.1
2012.08.23 00:00;1413.8;1419.7;1400;1401.8
2012.08.24 00:00;1402.1;1413.7;1397.2;1411.3
2012.08.27 00:00;1411.3;1417.4;1408.5;1409.3
2012.08.28 00:00;1409.5;1413.4;1403.9;1408.6
2012.08.29 00:00;1408.9;1414.1;1406.3;1408.2
2012.08.30 00:00;1408.4;1408.9;1396.7;1397.6
2012.08.31 00:00;1397.8;1413.3;1396.8;1407.1
2012.09.03 00:00;1406.7;1410.2;1397.6;1408.4
2012.09.04 00:00;1409;1410;1395.5;1404.9
2012.09.05 00:00;1404.7;1409;1398.2;1406
2012.09.06 00:00;1405.8;1433.2;1404.2;1433.2
2012.09.07 00:00;1433.5;1439.2;1430.5;1438.7
2012.09.08 00:00;1438.7;1438.7;1438.7;1438.7
2012.09.10 00:00;1437.5;1438.4;1424.8;1425
2012.09.11 00:00;1425.3;1437.9;1422;1430.3
2012.09.12 00:00;1430.3;1439.8;1428.8;1438.3
2012.09.13 00:00;1438;1464.2;1434.2;1457.2
2012.09.14 00:00;1457.5;1474.9;1457.2;1465.9
2012.09.15 00:00;1465.9;1465.9;1465.9;1465.9
2012.09.16 00:00;1465.6;1465.6;1465.6;1465.6
2012.09.17 00:00;1465;1465.5;1457.4;1460.7
2012.09.18 00:00;1460.9;1462.8;1454.8;1460.8
2012.09.19 00:00;1461;1465.4;1457.2;1457.7
2012.09.20 00:00;1457.9;1461.1;1449.1;1460.9
2012.09.21 00:00;1461.1;1468.1;1456.5;1457.5
2012.09.23 00:00;1457.5;1457.5;1457.5;1457.5
2012.09.24 00:00;1457.3;1460.1;1450.6;1457.6
2012.09.25 00:00;1457.3;1462.3;1440.4;1443.3
2012.09.26 00:00;1443.6;1445;1430.4;1434.3
2012.09.27 00:00;1434.6;1449.8;1434.3;1446.6
2012.09.28 00:00;1446.8;1448.6;1434.7;1440.4
2012.09.29 00:00;1440.4;1440.4;1440.4;1440.4
2012.09.30 00:00;1440.4;1440.4;1440.4;1440.4
2012.10.01 00:00;1440;1456.6;1432.8;1441.9
2012.10.02 00:00;1441.9;1450.8;1437.6;1444.8
2012.10.03 00:00;1445.1;1453.8;1440.9;1449.9
2012.10.04 00:00;1450.1;1462.7;1449.9;1460.8
2012.10.05 00:00;1461;1470.8;1456.2;1460.2
2012.10.06 00:00;1460.2;1460.2;1460.2;1460.2
2012.10.08 00:00;1461.2;1461.8;1452.2;1453.6
2012.10.09 00:00;1453.9;1458.9;1439.7;1441.2
2012.10.10 00:00;1441.5;1442;1425.4;1427.9
2012.10.11 00:00;1427.6;1443.5;1425.4;1433.8
2012.10.12 00:00;1434;1438.6;1424.4;1426.2
2012.10.15 00:00;1426.2;1440.5;1420.2;1439.6
2012.10.16 00:00;1439.8;1455.1;1438.3;1453.8
2012.10.17 00:00;1453.6;1461.8;1450.3;1460.8
2012.10.18 00:00;1460.6;1463.6;1451.8;1454.4
2012.10.19 00:00;1454.6;1456.9;1428.4;1429.1
2012.10.20 00:00;1429.1;1429.1;1429.1;1429.1
2012.10.21 00:00;1428;1429.1;1428;1428
2012.10.22 00:00;1428;1436;1420.5;1435.5
2012.10.23 00:00;1435.8;1436.8;1405.6;1411.8
2012.10.24 00:00;1412.1;1418.4;1405.3;1410.4
2012.10.25 00:00;1410.2;1420.1;1400.5;1409.7
2012.10.26 00:00;1410.2;1415.5;1397.8;1410.3
2012.10.28 00:00;1410.3;1410.3;1410.3;1410.3
2012.10.29 00:00;1410.3;1410.3;1400;1405.5
2012.10.30 00:00;1405.6;1414.6;1396;1414.3
2012.10.31 00:00;1414.3;1420.9;1403.6;1404.4
2012.11.01 00:00;1404.6;1428.1;1401.4;1427.1
2012.11.02 00:00;1427.3;1434.1;1408.1;1408.6
2012.11.03 00:00;1408.6;1408.6;1408.6;1408.6
2012.11.05 00:00;1405.7;1418.1;1405.1;1413
2012.11.06 00:00;1413.2;1431.7;1412;1427.8
2012.11.07 00:00;1428;1434.1;1386.5;1393.7
2012.11.08 00:00;1393.5;1399.8;1374.8;1378.3
2012.11.09 00:00;1378;1390.2;1365.6;1379.1
2012.11.12 00:00;1377.8;1383.8;1374.5;1380.4
2012.11.13 00:00;1380.6;1388.2;1367.6;1376.3
2012.11.14 00:00;1376.5;1383.3;1351.6;1355.9
2012.11.15 00:00;1355.7;1360.4;1347.3;1353.6
2012.11.16 00:00;1353.4;1361.9;1342.2;1361.9
2012.11.19 00:00;1362.8;1385.9;1362.7;1385.7
2012.11.20 00:00;1385.9;1389;1375.7;1387
2012.11.21 00:00;1387.2;1390.7;1378.6;1390
2012.11.22 00:00;1390.3;1395;1390;1392.9
2012.11.23 00:00;1392.6;1408.7;1388.1;1407.5
2012.11.24 00:00;1407.5;1407.5;1407.5;1407.5
2012.11.26 00:00;1402.8;1405.6;1396.3;1404.7
2012.11.27 00:00;1405;1408.5;1396.8;1398.2
2012.11.28 00:00;1398.4;1409.7;1384.3;1407.6
2012.11.29 00:00;1407.9;1418.9;1405.5;1415.4
2012.11.30 00:00;1415.2;1420;1410.5;1415.1
2012.12.01 00:00;1415.1;1415.1;1415.1;1415.1
2012.12.02 00:00;1415.1;1415.1;1415.1;1415.1
2012.12.03 00:00;1413.7;1424.6;1405.3;1406.3
2012.12.04 00:00;1406.5;1412.5;1402.5;1404
2012.12.05 00:00;1404.2;1415.4;1397.8;1406.8
2012.12.06 00:00;1407;1414;1404.7;1413.3
2012.12.07 00:00;1413.5;1422.6;1407.7;1417
2012.12.08 00:00;1417;1417;1417;1417
2012.12.09 00:00;1417;1417;1417;1417
2012.12.10 00:00;1416.7;1421.5;1411.4;1417.8
2012.12.11 00:00;1417.6;1434.4;1415.4;1432
2012.12.12 00:00;1431.8;1439;1425.8;1425.8
2012.12.13 00:00;1426;1431.7;1416.1;1417.1
2012.12.14 00:00;1417.3;1425.6;1411.8;1415.2
2012.12.17 00:00;1420.9;1434.1;1415.1;1433.8
2012.12.18 00:00;1434.1;1449.2;1431.2;1446.3
2012.12.19 00:00;1446;1451.8;1435.4;1435.7
2012.12.20 00:00;1435.5;1446.4;1432.9;1445.3
2012.12.21 00:00;1445.5;1446.3;1389.4;1432
2012.12.24 00:00;1428.7;1429.4;1423;1426.8
2012.12.26 00:00;1426.8;1429.9;1416.1;1418.1
2012.12.27 00:00;1417.9;1423.6;1401.2;1419
2012.12.28 00:00;1418.8;1421.3;1391.5;1392.6
2012.12.31 00:00;1391.1;1416.3;1387.7;1411.4
2013.01.02 00:00;1411.4;1462.3;1411.4;1461.8
2013.01.03 00:00;1462;1465.2;1454.9;1458.7
2013.01.04 00:00;1458.4;1467.7;1454.1;1463.4
2013.01.07 00:00;1464.1;1464.5;1455.4;1460.4
2013.01.08 00:00;1460.2;1461.3;1450.6;1455.3
2013.01.09 00:00;1455.6;1463.7;1455.3;1460
2013.01.10 00:00;1459.8;1472.5;1459;1472.5
2013.01.11 00:00;1472.2;1474.8;1466.8;1471.2
2013.01.14 00:00;1470.4;1475.1;1464.4;1468.4
2013.01.15 00:00;1468.6;1472.1;1460.5;1469.9
2013.01.16 00:00;1470.1;1472.7;1464.1;1468
2013.01.17 00:00;1468.2;1484.4;1464.4;1478.6
2013.01.18 00:00;1478.9;1484.7;1474.4;1482.7
2013.01.21 00:00;1481.5;1487.2;1481.3;1486.9
2013.01.22 00:00;1486.1;1492.9;1478.8;1492.9
2013.01.23 00:00;1493.2;1494.4;1488.1;1488.6
2013.01.24 00:00;1488.3;1501.1;1485.8;1491.8
2013.01.25 00:00;1492;1502.5;1490.1;1498.7
2013.01.26 00:00;1498.7;1498.7;1498.7;1498.7
2013.01.28 00:00;1498.1;1503;1494.5;1498.3
2013.01.29 00:00;1498.5;1507.8;1494.3;1507.4
2013.01.30 00:00;1507.2;1508.9;1496.8;1496.8
2013.01.31 00:00;1497;1502.7;1493.4;1498
2013.02.01 00:00;1498.3;1513;1498.3;1509.7
2013.02.03 00:00;1509.7;1509.7;1509.7;1509.7
2013.02.04 00:00;1509.8;1510.9;1493;1495.2
2013.02.05 00:00;1495;1513.4;1494.5;1509.9
2013.02.06 00:00;1509.7;1512.6;1501.6;1509.6
2013.02.07 00:00;1509.3;1513.2;1497;1507.8
2013.02.08 00:00;1507.6;1517.2;1506;1515.6
2013.02.09 00:00;1515.6;1515.6;1515.6;1515.6
2013.02.11 00:00;1514.7;1518.9;1512.1;1515.2
2013.02.12 00:00;1515;1520.9;1510.6;1518.4
2013.02.13 00:00;1518.7;1523.9;1515.1;1518.5
2013.02.14 00:00;1518.3;1522.4;1512;1520
2013.02.15 00:00;1520.3;1523.5;1513.3;1519.4
2013.02.16 00:00;1519.4;1519.4;1519.4;1519.4
2013.02.18 00:00;1517.4;1520.4;1517;1519.6
2013.02.19 00:00;1518.7;1530.2;1516.8;1529.5
2013.02.20 00:00;1529.7;1531.4;1507.9;1508.8
2013.02.21 00:00;1509.1;1510.9;1496.6;1503
2013.02.22 00:00;1502.7;1516.2;1502.7;1515.4
2013.02.25 00:00;1515.7;1525.5;1482.4;1484
2013.02.26 00:00;1484.2;1498.6;1483.4;1493.6
2013.02.27 00:00;1493.3;1520.1;1491.1;1516.8
2013.02.28 00:00;1516.5;1525.2;1509.3;1509.5
2013.03.01 00:00;1509.7;1519.7;1500.4;1517.1
2013.03.02 00:00;1517.1;1517.1;1517.1;1517.1
2013.03.04 00:00;1514.7;1526.9;1507.6;1526.9
2013.03.05 00:00;1527.2;1543.1;1525;1538.9
2013.03.06 00:00;1539.1;1545.1;1537.5;1539.3
2013.03.07 00:00;1539.5;1545.4;1537.6;1543.6
2013.03.08 00:00;1543.8;1552;1540.2;1549.2
2013.03.09 00:00;1549.2;1549.2;1549.2;1549.2
2013.03.11 00:00;1547.1;1555.6;1545.6;1555.4
2013.03.12 00:00;1555.6;1555.9;1546.9;1552
2013.03.13 00:00;1552.3;1555.7;1547.3;1555.2
2013.03.14 00:00;1555;1561.9;1553.8;1559.9
2013.03.15 00:00;1559.7;1563.3;1553.9;1558.6
2013.03.16 00:00;1558.6;1558.6;1558.6;1558.6
2013.03.18 00:00;1546.2;1557;1534;1551.8
2013.03.19 00:00;1551.8;1555.7;1536.4;1544.1
2013.03.20 00:00;1543.9;1560.1;1541;1554.5
2013.03.21 00:00;1554.5;1555.1;1541;1543.3
2013.03.22 00:00;1543.5;1556.4;1539.4;1555.9
2013.03.23 00:00;1555.9;1555.9;1555.9;1555.9
2013.03.25 00:00;1552.5;1564.6;1543.3;1552
2013.03.26 00:00;1551.8;1562.6;1550.6;1561.6
2013.03.27 00:00;1561.3;1564.3;1550.1;1560.8
2013.03.28 00:00;1560.6;1568.5;1554;1567
2013.03.29 00:00;1567.2;1567.5;1567;1567.5
2013.04.01 00:00;1566.8;1568.7;1556.6;1559.3
2013.04.02 00:00;1559.5;1571.7;1558.1;1568.7
2013.04.03 00:00;1568.5;1571.7;1547.9;1552
2013.04.04 00:00;1552.2;1561.1;1549.1;1556.6
2013.04.05 00:00;1556.8;1558.1;1537.1;1549.9
2013.04.06 00:00;1549.9;1549.9;1549.9;1549.9
2013.04.08 00:00;1549;1565.6;1546.6;1565.6
2013.04.09 00:00;1565.4;1572.4;1559.1;1566.6
2013.04.10 00:00;1566.9;1587.9;1564.5;1586.9
2013.04.11 00:00;1587.1;1596.2;1584.3;1591.1
2013.04.12 00:00;1591.3;1592.5;1578.2;1585.3
2013.04.13 00:00;1585.3;1585.3;1585.3;1585.3
2013.04.15 00:00;1585.3;1586;1541.5;1544.8
2013.04.16 00:00;1544.6;1573.6;1543.9;1571.8
2013.04.17 00:00;1572;1572.2;1541.3;1548.4
2013.04.18 00:00;1548.7;1556.4;1533.8;1540.2
2013.04.19 00:00;1540;1553.6;1537.8;1550.2
2013.04.22 00:00;1551.2;1563.7;1545.4;1560.2
2013.04.23 00:00;1560.4;1579.2;1551.4;1577.7
2013.04.24 00:00;1577.9;1581.6;1573.6;1576.4
2013.04.25 00:00;1576.1;1590.7;1573.6;1583.3
2013.04.26 00:00;1583.1;1584.9;1575.5;1579
2013.04.29 00:00;1578.5;1594.6;1576.4;1591.4
2013.04.30 00:00;1591.1;1595.6;1583.8;1595.3
2013.05.01 00:00;1595.1;1597.7;1578.6;1580.6
2013.05.02 00:00;1580.8;1596.5;1580.6;1594.5
2013.05.03 00:00;1594.2;1616.5;1591.9;1611.1
2013.05.06 00:00;1610;1617.2;1609.6;1614.5
2013.05.07 00:00;1614.7;1623.8;1611.4;1622.8
2013.05.08 00:00;1622.5;1631.2;1619.2;1630.3
2013.05.09 00:00;1630.5;1634.2;1621.9;1627.7
2013.05.10 00:00;1627.9;1632.9;1622.4;1631.4
2013.05.13 00:00;1626.9;1635;1623;1631.9
2013.05.14 00:00;1632.1;1650.4;1628.4;1649.2
2013.05.15 00:00;1649.4;1661.4;1644.6;1655.9
2013.05.16 00:00;1656.1;1660.2;1647.8;1650.9
2013.05.17 00:00;1650.9;1667.3;1649.7;1664.8
2013.05.20 00:00;1663.4;1672.4;1661.4;1665
2013.05.21 00:00;1665;1674.6;1661.6;1666.7
2013.05.22 00:00;1666.7;1687.1;1648.1;1658.2
2013.05.23 00:00;1658;1659.6;1634.3;1651.9
2013.05.24 00:00;1652.2;1656.3;1635.8;1651.1
2013.05.27 00:00;1651.4;1656;1645.5;1653.6
2013.05.28 00:00;1652.6;1673.7;1651.8;1657.4
2013.05.29 00:00;1657.2;1657.5;1639.1;1646.4
2013.05.30 00:00;1646.6;1661.6;1642.1;1654.1
2013.05.31 00:00;1654.1;1658.8;1627.4;1630.2
2013.06.03 00:00;1630.4;1639.6;1621.6;1636.6
2013.06.04 00:00;1636.3;1646.2;1622.3;1631
2013.06.05 00:00;1630.8;1632.6;1606.1;1608
2013.06.06 00:00;1608.2;1624.2;1597.3;1623.2
2013.06.07 00:00;1623;1644.4;1616.7;1640.1
2013.06.10 00:00;1636.6;1648.7;1634.5;1641.6
2013.06.11 00:00;1642;1642.3;1621.9;1627.5
2013.06.12 00:00;1627.7;1638.4;1609.8;1610.5
2013.06.13 00:00;1610.3;1639.6;1597.6;1636.6
2013.06.14 00:00;1636.4;1640.8;1623.3;1624.4
2013.06.17 00:00;1624.6;1646.6;1623.3;1639.8
2013.06.18 00:00;1640;1654.2;1637.8;1651.7
2013.06.19 00:00;1652;1654.4;1625.6;1627
2013.06.20 00:00;1626.8;1627.8;1582.6;1588.5
2013.06.21 00:00;1588.3;1602.5;1575.9;1590.1
2013.06.24 00:00;1588;1591;1558.1;1571.5
2013.06.25 00:00;1571.3;1592.7;1563.3;1585.4
2013.06.26 00:00;1585.1;1606.1;1578.2;1600.9
2013.06.27 00:00;1601.1;1619.1;1599.1;1610.8
2013.06.28 00:00;1610.6;1619.3;1599;1603.8
2013.07.01 00:00;1605.6;1625.2;1598;1610.7
2013.07.02 00:00;1610.9;1623.2;1605;1611.5
2013.07.03 00:00;1611.3;1617.5;1598.7;1614.1
2013.07.04 00:00;1612.9;1628.9;1612.7;1628.1
2013.07.05 00:00;1627.8;1635.2;1612.6;1631.9
2013.07.08 00:00;1632.4;1643.8;1630.4;1640.9
2013.07.09 00:00;1641.3;1653.2;1640;1649.7
2013.07.10 00:00;1650;1658.4;1645.7;1657.7
2013.07.11 00:00;1657.4;1675.9;1657.4;1673.7
2013.07.12 00:00;1673.5;1678.4;1670.5;1674.6
2013.07.15 00:00;1673.7;1683.7;1673.6;1681.2
2013.07.16 00:00;1681.4;1683.4;1670.3;1675.3
2013.07.17 00:00;1675.1;1684.2;1669.8;1679
2013.07.18 00:00;1678.8;1692.3;1675.6;1683.5
2013.07.19 00:00;1683.7;1692.9;1679.1;1692.9
2013.07.22 00:00;1693.8;1697.7;1689.3;1693.7
2013.07.23 00:00;1693.9;1699;1689.8;1693.4
2013.07.24 00:00;1693.2;1698.7;1680.8;1687.2
2013.07.25 00:00;1687;1689.7;1675.3;1688.4
2013.07.26 00:00;1688.8;1692.2;1674.1;1690.1
2013.07.29 00:00;1688.8;1690.5;1679.8;1685
2013.07.30 00:00;1685.3;1691.4;1680.6;1687
2013.07.31 00:00;1687.2;1696.9;1683.4;1688.2
2013.08.01 00:00;1688.4;1706.6;1687.1;1704.9
2013.08.02 00:00;1704.6;1707.7;1698.8;1707.3
2013.08.05 00:00;1704.7;1707.6;1701.6;1704.2
2013.08.06 00:00;1704.4;1706.1;1691.3;1695.4
2013.08.07 00:00;1695.2;1695.8;1683.3;1691.2
2013.08.08 00:00;1691;1699.4;1687.2;1696.3
2013.08.09 00:00;1696.5;1698.6;1685.1;1689.1
2013.08.12 00:00;1687.1;1690.6;1677.6;1689.9
2013.08.13 00:00;1690.1;1696.6;1681.6;1692.6
2013.08.14 00:00;1692.3;1695.3;1682.7;1683.7
2013.08.15 00:00;1683.5;1683.9;1657.1;1657.1
2013.08.16 00:00;1657.4;1663.9;1651.6;1653.3
2013.08.19 00:00;1652.2;1658.7;1643.6;1645.4
2013.08.20 00:00;1645.6;1658.2;1642.7;1651.8
2013.08.21 00:00;1652.1;1656.3;1636.2;1636.6
2013.08.22 00:00;1636.4;1659.2;1632.9;1656.6
2013.08.23 00:00;1656.8;1664.1;1652.3;1663.1
2013.08.26 00:00;1661.5;1669;1654.2;1655.4
2013.08.27 00:00;1655.6;1656.4;1627.6;1629.5
2013.08.28 00:00;1629.2;1640.2;1626.1;1630.9
2013.08.29 00:00;1631.2;1645.8;1629.1;1638.5
2013.08.30 00:00;1638.7;1645.7;1626.8;1634.3
2013.09.02 00:00;1640.2;1649.3;1639.5;1648.4
2013.09.03 00:00;1647.7;1650.7;1631.7;1638.9
2013.09.04 00:00;1638.7;1655.4;1635.9;1654.6
2013.09.05 00:00;1654.9;1658.7;1651.1;1652.6
2013.09.06 00:00;1652.4;1664.5;1639.6;1654.1
2013.09.09 00:00;1652.1;1672.1;1652.1;1670.3
2013.09.10 00:00;1670.6;1683.5;1669.4;1682.4
2013.09.11 00:00;1682.6;1689.6;1678.2;1689.6
2013.09.12 00:00;1689.8;1690.2;1681.6;1685.1
2013.09.13 00:00;1684.9;1689.1;1680.7;1688.7
2013.09.16 00:00;1700.8;1709.9;1694.9;1697.2
2013.09.17 00:00;1697;1705.9;1694.4;1705.4
2013.09.18 00:00;1705.6;1729.9;1699.9;1724.6
2013.09.19 00:00;1724.9;1733.6;1720;1722.5
2013.09.20 00:00;1722.7;1726;1707.9;1709.4
2013.09.23 00:00;1711.6;1713.7;1695.9;1698.8
2013.09.24 00:00;1699;1707.1;1693.8;1698.1
2013.09.25 00:00;1697.9;1701;1690.7;1692
2013.09.26 00:00;1692.2;1703.5;1692;1699.2
2013.09.27 00:00;1699.4;1700.8;1686.1;1692.3
2013.09.30 00:00;1680.5;1686.6;1672.6;1683.1
2013.10.01 00:00;1682.8;1697.2;1681;1696
2013.10.02 00:00;1696.2;1697.2;1678.9;1688.6
2013.10.03 00:00;1688.4;1690.1;1668.8;1672.6
2013.10.04 00:00;1672.8;1691.2;1672.6;1689.9
2013.10.07 00:00;1679.6;1684.7;1671.8;1672.5
2013.10.08 00:00;1672.8;1676.5;1651.1;1651.1
2013.10.09 00:00;1651.3;1663.1;1645.1;1653.1
2013.10.10 00:00;1653.3;1692.6;1652.7;1687
2013.10.11 00:00;1687.2;1704.1;1677.6;1703.3
2013.10.14 00:00;1688.8;1710.9;1685.1;1709.9
2013.10.15 00:00;1710.1;1713.9;1694.3;1698.5
2013.10.16 00:00;1698.3;1721.5;1695.5;1716.3
2013.10.17 00:00;1716.5;1733;1710.9;1732
2013.10.18 00:00;1732.2;1744.7;1731.2;1741.4
2013.10.21 00:00;1741.2;1746.7;1739.3;1741.6
2013.10.22 00:00;1741.4;1758.7;1740.3;1753.6
2013.10.23 00:00;1753.9;1753.9;1738.8;1746.3
2013.10.24 00:00;1746.5;1755.7;1744.2;1752.5
2013.10.25 00:00;1752.7;1759.7;1746.9;1758.2
2013.10.28 00:00;1757.8;1765.9;1755.6;1761.1
2013.10.29 00:00;1760.9;1771.4;1758.3;1771.1
2013.10.30 00:00;1770.9;1776.9;1755.5;1762.5
2013.10.31 00:00;1762.7;1767.5;1754.1;1759
2013.11.01 00:00;1758.8;1764.7;1750.6;1758.1
2013.11.04 00:00;1757;1767.2;1756.8;1765.8
2013.11.05 00:00;1765.6;1767;1753.8;1759.8
2013.11.06 00:00;1760.1;1772.9;1758.7;1767.9
2013.11.07 00:00;1767.6;1777.5;1745.4;1748.1
2013.11.08 00:00;1747.9;1770.9;1739.3;1769.1
2013.11.11 00:00;1769.6;1772.9;1765.5;1769.9
2013.11.12 00:00;1770.1;1772.2;1761;1767.5
2013.11.13 00:00;1767.3;1784.1;1757;1782.5
2013.11.14 00:00;1782.7;1791.4;1779.9;1789.9
2013.11.15 00:00;1789.7;1798.4;1788.7;1796.1
2013.11.18 00:00;1796.1;1801.9;1787.1;1791.4
2013.11.19 00:00;1791.6;1795.7;1784.3;1787.3
2013.11.20 00:00;1787;1796.2;1776.8;1781.9
2013.11.21 00:00;1781.7;1797.4;1777.8;1795.4
2013.11.22 00:00;1795.6;1805.1;1794;1803.2
2013.11.25 00:00;1803.4;1810.8;1800.3;1803.3
2013.11.26 00:00;1803.1;1808.5;1800.5;1803.7
2013.11.27 00:00;1803.5;1808.9;1802.5;1805.4
2013.11.28 00:00;1805.6;1811.4;1805.2;1810.1
2013.11.29 00:00;1810;1813.8;1804.3;1805.6
2013.12.02 00:00;1807.9;1809.9;1798.3;1800.5
2013.12.03 00:00;1800.8;1802.6;1787.4;1792.2
2013.12.04 00:00;1792.4;1800.4;1778.9;1793.4
2013.12.05 00:00;1793.2;1795.3;1783;1784
2013.12.06 00:00;1783.8;1806.7;1783.5;1805.5
2013.12.09 00:00;1807.7;1812.2;1805.6;1808.9
2013.12.10 00:00;1808.7;1812.1;1801.6;1803.7
2013.12.11 00:00;1803.5;1808.5;1780.3;1781
2013.12.12 00:00;1781.2;1784.6;1772.3;1773.7
2013.12.13 00:00;1773.5;1783.2;1772.3;1774.2
2013.12.16 00:00;1775.4;1792.6;1760.6;1785
2013.12.17 00:00;1784.8;1788.9;1776.7;1777.7
2013.12.18 00:00;1778;1812.5;1765.1;1809.8
2013.12.19 00:00;1810;1812.4;1801.4;1807.4
2013.12.20 00:00;1807.6;1823.9;1807.4;1820.8
2013.12.23 00:00;1823.4;1830.4;1823;1829
2013.12.24 00:00;1828.8;1834.2;1826.6;1833.8
2013.12.26 00:00;1835.2;1843.6;1834.9;1842.1
2013.12.27 00:00;1841.9;1845.8;1839.1;1842.2
2013.12.30 00:00;1840.8;1844.2;1839.3;1840.4
2013.12.31 00:00;1840.6;1849;1839.9;1846.9
2014.01.02 00:00;1843.1;1846.1;1827.3;1831.5
2014.01.03 00:00;1831.8;1838.2;1825.9;1830.8
2014.01.06 00:00;1829.3;1837.4;1822.6;1824.3
2014.01.07 00:00;1824.5;1839.7;1824.5;1834.8
2014.01.08 00:00;1835;1839.9;1830.6;1836.6
2014.01.09 00:00;1836.3;1843.8;1829.3;1837.8
2014.01.10 00:00;1838;1847.3;1831.3;1842.6
2014.01.13 00:00;1842.6;1843.1;1814.3;1818.9
2014.01.14 00:00;1819.2;1838.7;1817.1;1836.7
2014.01.15 00:00;1836.9;1850.1;1836;1845.7
2014.01.16 00:00;1845.9;1848;1839;1840.9
2014.01.17 00:00;1841.1;1846.9;1833.8;1837.9
2014.01.20 00:00;1838.8;1838.8;1834.3;1837.6
2014.01.21 00:00;1837.6;1847.9;1830.4;1840.8
2014.01.22 00:00;1841;1847;1838.9;1842.6
2014.01.23 00:00;1842.8;1847.2;1817.8;1828.2
2014.01.24 00:00;1828;1831.6;1786.3;1786.8
2014.01.27 00:00;1784.9;1795.4;1770.6;1776.1
2014.01.28 00:00;1775.9;1792.1;1774.1;1791.5
2014.01.29 00:00;1791.7;1804;1767.4;1773.3
2014.01.30 00:00;1773;1797;1771.2;1787.8
2014.01.31 00:00;1787.9;1791.4;1764.4;1782.6
2014.02.03 00:00;1781.4;1786.8;1736.1;1739.9
2014.02.04 00:00;1739.8;1756.3;1737;1747.3
2014.02.05 00:00;1747.1;1753.5;1735;1748.4
2014.02.06 00:00;1748.6;1772.5;1746.9;1770.7
2014.02.07 00:00;1771;1796.4;1761.1;1795.6
2014.02.10 00:00;1796.2;1797.9;1788.9;1797.7
2014.02.11 00:00;1797.5;1822;1796.9;1815.3
2014.02.12 00:00;1815.4;1825.7;1813.8;1819.1
2014.02.13 00:00;1819.4;1829.3;1804.7;1827.3
2014.02.14 00:00;1827.1;1840.9;1818.4;1837.6
2014.02.17 00:00;1836.3;1842.2;1834;1839.3
2014.02.18 00:00;1838.7;1842;1833.7;1839.8
2014.02.19 00:00;1839.8;1846.4;1825.4;1828.1
2014.02.20 00:00;1828.4;1842.1;1819.2;1837.5
2014.02.21 00:00;1837.3;1845.8;1834.7;1835.7
2014.02.24 00:00;1837.6;1858.3;1831;1846.5
2014.02.25 00:00;1846.3;1852.5;1838.9;1848.7
2014.02.26 00:00;1848.5;1854.9;1839.6;1844.4
2014.02.27 00:00;1844.6;1856.8;1834.4;1856.6
2014.02.28 00:00;1856.8;1867.8;1846.7;1861.2
2014.03.03 00:00;1847.6;1850.5;1833.3;1844.9
2014.03.04 00:00;1844.8;1875.7;1844.7;1872.2
2014.03.05 00:00;1872;1876.4;1868.8;1873.9
2014.03.06 00:00;1873.8;1881.8;1872;1877.6
2014.03.07 00:00;1877.8;1888.5;1870.2;1878.9
2014.03.10 00:00;1875.6;1879.5;1866.4;1878.2
2014.03.11 00:00;1878.1;1882.8;1863.7;1865.2
2014.03.12 00:00;1864.9;1869.3;1854.5;1869.3
2014.03.13 00:00;1869.2;1875.5;1842.1;1848.3
2014.03.14 00:00;1848.2;1853.5;1839.5;1839.8
2014.03.17 00:00;1840.2;1862.9;1830.9;1859.1
2014.03.18 00:00;1858.9;1874.2;1852.7;1871
2014.03.19 00:00;1871.2;1874.5;1849.2;1857.1
2014.03.20 00:00;1856.9;1873.5;1851.9;1872.4
2014.03.21 00:00;1872.6;1883.7;1862.6;1864.1
2014.03.24 00:00;1862.2;1872.9;1848.1;1857
2014.03.25 00:00;1856.9;1871;1854.7;1865.5
2014.03.26 00:00;1865.7;1875.3;1848.1;1850.5
2014.03.27 00:00;1850.5;1854.9;1840.4;1848.7
2014.03.28 00:00;1849.1;1865.8;1848;1856.8
2014.03.31 00:00;1861.6;1874;1861.3;1870.1
2014.04.01 00:00;1870.2;1884.7;1868.6;1884.3
2014.04.02 00:00;1884.3;1892.2;1882.4;1889.5
2014.04.03 00:00;1889.4;1893.4;1881.3;1890.3
2014.04.04 00:00;1890.1;1898.4;1861.7;1866.2
2014.04.07 00:00;1866.8;1867.1;1840.1;1844.7
2014.04.08 00:00;1844.9;1854.3;1836.3;1850.4
2014.04.09 00:00;1850.6;1871.9;1849.3;1871
2014.04.10 00:00;1870.9;1872.9;1829.1;1834.7
2014.04.11 00:00;1834.9;1837.1;1812.5;1816.8
2014.04.14 00:00;1811.6;1832.9;1808.3;1829.7
2014.04.15 00:00;1829.6;1848.2;1814.2;1848.1
2014.04.16 00:00;1847.8;1861.8;1845.5;1856.5
2014.04.17 00:00;1856.8;1868.5;1852.2;1863
2014.04.18 00:00;1863;1864.1;1863;1863.1
2014.04.21 00:00;1864.2;1870.2;1861.2;1869.2
2014.04.22 00:00;1869.4;1883.1;1865.4;1877.8
2014.04.23 00:00;1877.6;1883.2;1872;1882.5
2014.04.24 00:00;1882.4;1886.7;1868.1;1878.2
2014.04.25 00:00;1878.4;1878.4;1857.3;1863.7
2014.04.28 00:00;1865.6;1875.6;1848.1;1870.1
2014.04.29 00:00;1870.2;1879.1;1869.1;1874.3
2014.04.30 00:00;1874.5;1884;1870.2;1883
2014.05.01 00:00;1883.2;1886.4;1875.4;1882.5
2014.05.02 00:00;1882.8;1889.4;1875.8;1878.1
2014.05.05 00:00;1878.1;1883.2;1864;1880.8
2014.05.06 00:00;1881.1;1884.7;1865.2;1867.7
2014.05.07 00:00;1868;1878.9;1857.8;1877.9
2014.05.08 00:00;1878.2;1887.9;1868.4;1873.4
2014.05.09 00:00;1873.6;1878;1865.7;1876.7
2014.05.12 00:00;1877.3;1896.5;1877.3;1896.4
2014.05.13 00:00;1896.5;1901.2;1895;1897.5
2014.05.14 00:00;1897.3;1899.9;1885.1;1887.9
2014.05.15 00:00;1888;1891.1;1861.5;1869.6
2014.05.16 00:00;1869.8;1878.2;1863.9;1877.7
2014.05.19 00:00;1878.8;1885.3;1868;1884.1
2014.05.20 00:00;1884.1;1886.8;1867.1;1871.1
2014.05.21 00:00;1871.1;1888.7;1868.8;1885.9
2014.05.22 00:00;1885.6;1896;1884.9;1892.5
2014.05.23 00:00;1892.4;1901;1891.7;1898.9
2014.05.26 00:00;1899.2;1906.4;1898.9;1905
2014.05.27 00:00;1905;1911.6;1903.8;1911.2
2014.05.28 00:00;1911.1;1915.6;1906.2;1911
2014.05.29 00:00;1910.7;1919.6;1908.9;1919.1
2014.05.30 00:00;1918.9;1923.6;1915.7;1921.8
2014.06.02 00:00;1922.9;1925.6;1914.8;1923.3
2014.06.03 00:00;1923.4;1924;1917.2;1923.9
2014.06.04 00:00;1924.1;1927.9;1917.1;1927.3
2014.06.05 00:00;1927;1941.6;1922.1;1939.3
2014.06.06 00:00;1939.4;1950.3;1938.8;1950.3
2014.06.09 00:00;1950.1;1955.3;1946.5;1949.8
2014.06.10 00:00;1949.9;1951.9;1943.7;1951.9
2014.06.11 00:00;1952.2;1952.2;1939.1;1944.3
2014.06.12 00:00;1944.5;1948.1;1925.3;1931.9
2014.06.13 00:00;1931.8;1937.2;1926.7;1935.8
2014.06.16 00:00;1935.3;1940.9;1926.7;1936.9
2014.06.17 00:00;1936.8;1943;1931.3;1941.8
2014.06.18 00:00;1941.9;1957.6;1937;1956.1
2014.06.19 00:00;1956.2;1959.4;1951.6;1957.2
2014.06.20 00:00;1957.1;1963.9;1955.8;1961
2014.06.23 00:00;1959.7;1966.7;1957.3;1959.3
2014.06.24 00:00;1959.4;1966.9;1946.7;1949.3
2014.06.25 00:00;1949.4;1959.9;1944.3;1955.7
2014.06.26 00:00;1956;1959.3;1943.1;1955.9
2014.06.27 00:00;1955.8;1960.6;1949.3;1958.1
2014.06.30 00:00;1958.1;1963.1;1954.6;1960.7
2014.07.01 00:00;1960.6;1978.1;1960;1972.4
2014.07.02 00:00;1972.4;1976.2;1970.9;1974.6
2014.07.03 00:00;1974.7;1984.4;1972.4;1983.8
2014.07.04 00:00;1983.4;1983.6;1980.9;1981.7
2014.07.07 00:00;1981.6;1983.4;1973.3;1976.3
2014.07.08 00:00;1976.4;1976.7;1958.6;1966
2014.07.09 00:00;1966.3;1974;1964.2;1973.5
2014.07.10 00:00;1973.7;1974;1951.1;1962.5
2014.07.11 00:00;1962.8;1969.2;1958.6;1967.8
2014.07.14 00:00;1968.3;1979.2;1968;1976.5
2014.07.15 00:00;1976.7;1981.7;1964.1;1973.4
2014.07.16 00:00;1973.3;1983.1;1972.3;1977.4
2014.07.17 00:00;1977.6;1981.2;1953.7;1954.4
2014.07.18 00:00;1954.2;1979.4;1947.7;1976.7
2014.07.21 00:00;1975.3;1976.3;1963.8;1970.4
2014.07.22 00:00;1970.2;1985.1;1970.1;1977.1
2014.07.23 00:00;1977.3;1988.1;1977.3;1985.8
2014.07.24 00:00;1985.7;1990.3;1981.5;1983.9
2014.07.25 00:00;1984.1;1985.2;1972.6;1976.1
2014.07.28 00:00;1975.7;1980.2;1965.1;1976.4
2014.07.29 00:00;1976.4;1983.6;1966.3;1968.8
2014.07.30 00:00;1968.8;1978.3;1960.7;1969.2
2014.07.31 00:00;1969.1;1969.5;1927.5;1928.3
2014.08.01 00:00;1928.4;1935.9;1914.3;1922.7
2014.08.04 00:00;1923.4;1941.1;1918.3;1935.4
2014.08.05 00:00;1935.3;1936.6;1911;1917.3
2014.08.06 00:00;1917;1926.7;1906.5;1918.4
2014.08.07 00:00;1918.3;1928.9;1903;1907.3
2014.08.08 00:00;1907.6;1931.2;1893.5;1926.8
2014.08.11 00:00;1927;1943.8;1926.8;1936.2
2014.08.12 00:00;1936.1;1941.5;1926.4;1935.2
2014.08.13 00:00;1935.5;1949.2;1933.7;1948.9
2014.08.14 00:00;1948.7;1957.2;1944.9;1956.7
2014.08.15 00:00;1957;1963.5;1940.1;1954.8
2014.08.18 00:00;1961.1;1971.3;1959.3;1971
2014.08.19 00:00;1971;1982.1;1970.7;1979.8
2014.08.20 00:00;1979.9;1988.1;1975.5;1985.4
2014.08.21 00:00;1985.6;1994.1;1982.8;1992
2014.08.22 00:00;1992.2;1993.8;1983.7;1989.2
2014.08.25 00:00;1989.5;2001.5;1989.3;1996.6
2014.08.26 00:00;1996.7;2004.4;1994.1;2000.6
2014.08.27 00:00;2000.4;2002.1;1995.3;1998.5
2014.08.28 00:00;1998.3;2000.2;1989.1;2000.2
2014.08.29 00:00;2000.5;2005.2;1993.9;2001.6
2014.09.01 00:00;2000.5;2002.7;1998.4;2002
2014.09.02 00:00;2002;2007.6;1993.9;2001.8
2014.09.03 00:00;2001.8;2012;1997.5;2000.1
2014.09.04 00:00;2000.1;2011;1991.7;2000.5
2014.09.05 00:00;2000.8;2006.9;1989.3;2006.7
2014.09.08 00:00;2006.4;2006.9;1994.8;2001.8
2014.09.09 00:00;2001.5;2003.3;1983.9;1989.9
2014.09.10 00:00;1989.9;1996.6;1982.1;1995.7
2014.09.11 00:00;1995.7;1999.3;1985.5;1999.3
2014.09.12 00:00;1999.6;1999.6;1979.9;1985.3
2014.09.15 00:00;1971.6;1987.2;1971.6;1984.7
2014.09.16 00:00;1984.9;2002.7;1978.7;1999.9
2014.09.17 00:00;1999.9;2011;1991.7;2002.6
2014.09.18 00:00;2003;2014.8;2001.3;2014.6
2014.09.19 00:00;2014.3;2022.5;2006.5;2012.7
2014.09.22 00:00;2010.2;2010.9;1990.3;1992.6
2014.09.23 00:00;1992.4;1995.4;1975.9;1976.2
2014.09.24 00:00;1975.9;1999.9;1975.9;1998
2014.09.25 00:00;1998.5;1999;1965.3;1968.3
2014.09.26 00:00;1968.3;1986.4;1963.8;1983.2
2014.09.29 00:00;1982.1;1984;1962.7;1975.6
2014.09.30 00:00;1975.5;1985;1967.8;1968.8
2014.10.01 00:00;1968.5;1973.7;1940.8;1948.3
2014.10.02 00:00;1948.6;1952.3;1924.9;1945
2014.10.03 00:00;1944.7;1971;1942.2;1966.5
2014.10.06 00:00;1966.5;1977.2;1956.8;1960.6
2014.10.07 00:00;1960.2;1962.3;1930.6;1931.1
2014.10.08 00:00;1931;1970.3;1924.1;1968.8
2014.10.09 00:00;1968.9;1974.5;1921.3;1924.2
2014.10.10 00:00;1923.9;1937;1900.9;1904.2
2014.10.13 00:00;1897.2;1911.7;1870.4;1870.5
2014.10.14 00:00;1870.2;1898.1;1869.2;1883.2
2014.10.15 00:00;1883.5;1888.5;1818.2;1850.6
2014.10.16 00:00;1850.9;1874.8;1820.4;1855.9
2014.10.17 00:00;1855.8;1896.8;1855.2;1883.1
2014.10.20 00:00;1889.6;1907.3;1877.2;1906.6
2014.10.21 00:00;1906.4;1944.2;1890.7;1944.1
2014.10.22 00:00;1944.4;1948.5;1925.2;1929.6
2014.10.23 00:00;1929.9;1960.8;1927.1;1951.1
2014.10.24 00:00;1951.4;1964.1;1936.6;1964
2014.10.27 00:00;1964.8;1970.4;1949;1962.1
2014.10.28 00:00;1961.8;1984.5;1961.3;1984
2014.10.29 00:00;1983.7;1990;1966.4;1976.2
2014.10.30 00:00;1976;1998.3;1963.3;1993.4
2014.10.31 00:00;1993.1;2020.9;1991.1;2014.5
2014.11.03 00:00;2015.4;2023.1;2011.1;2014.4
2014.11.04 00:00;2014.7;2017.8;1999.2;2009.7
2014.11.05 00:00;2010;2024.2;2007.7;2022.1
2014.11.06 00:00;2022.4;2032.8;2014.8;2032.6
2014.11.07 00:00;2032.3;2036.8;2024.2;2030.1
2014.11.10 00:00;2029;2038.5;2024.2;2037.6
2014.11.11 00:00;2038;2042.1;2034.4;2039.8
2014.11.12 00:00;2040.1;2040.3;2030.1;2038.3
2014.11.13 00:00;2038;2046.5;2030.1;2036.7
2014.11.14 00:00;2037;2042.4;2035.1;2041.1
2014.11.17 00:00;2040.9;2043.1;2028.1;2042.3
2014.11.18 00:00;2042.2;2056.7;2038.5;2051.2
2014.11.19 00:00;2051.2;2052.9;2040.4;2049.6
2014.11.20 00:00;2049.3;2055.1;2037.8;2054.8
2014.11.21 00:00;2054.8;2074.5;2052.3;2063.7
2014.11.24 00:00;2064.1;2071;2063;2069.7
2014.11.25 00:00;2069.7;2074.9;2064.8;2070.2
2014.11.26 00:00;2070.2;2076.9;2066.8;2076.1
2014.11.27 00:00;2075.8;2076.3;2070.1;2075.2
2014.11.28 00:00;2073.8;2074.8;2065.4;2068.2
2014.12.01 00:00;2064.5;2065.2;2049.9;2051.8
2014.12.02 00:00;2052.1;2069.5;2052;2067.9
2014.12.03 00:00;2067.7;2077;2064.4;2073.7
2014.12.04 00:00;2073.6;2078.3;2062.4;2073.2
2014.12.05 00:00;2073;2079.8;2069.7;2077.4
2014.12.08 00:00;2077;2078.2;2054.6;2061.6
2014.12.09 00:00;2061.2;2062.8;2034;2058.8
2014.12.10 00:00;2058.5;2060.5;2024.1;2027.1
2014.12.11 00:00;2026.8;2056.9;2024.3;2027.8
2014.12.12 00:00;2028.1;2032.8;1997.2;1999
2014.12.15 00:00;1999;2019.1;1981.7;1989.1
2014.12.16 00:00;1989.2;2018;1968.5;1973.8
2014.12.17 00:00;1973.6;2017.7;1972.8;2014.3
2014.12.18 00:00;2014.3;2068.9;2011.3;2068.6
2014.12.19 00:00;2068.3;2082.9;2063.4;2074.9
2014.12.22 00:00;2072.6;2082.5;2071.8;2078.8
2014.12.23 00:00;2079.1;2091;2078;2085.7
2014.12.24 00:00;2085.5;2089.7;2083.4;2084.7
2014.12.26 00:00;2085.8;2094.9;2085.7;2090.7
2014.12.29 00:00;2091.5;2095;2082.2;2094
2014.12.30 00:00;2093.7;2094.5;2079.1;2082.7
2014.12.31 00:00;2082.4;2088.8;2073.4;2074.6
2015.01.02 00:00;2057.8;2072.9;2044.5;2052.3
2015.01.05 00:00;2050.9;2053.9;2014.9;2023.6
2015.01.06 00:00;2023.6;2029;1989.6;2000.1
2015.01.07 00:00;2000.1;2028.9;1999.8;2025.9
2015.01.08 00:00;2025.8;2063.6;2025.6;2058.7
2015.01.09 00:00;2059;2066.9;2036.5;2040.9
2015.01.12 00:00;2041;2053.1;2020.2;2028.5
2015.01.13 00:00;2028.5;2056.5;2005.8;2023.2
2015.01.14 00:00;2023.5;2024.4;1985.7;2015.1
2015.01.15 00:00;2014.8;2031.8;1988.1;1988.2
2015.01.16 00:00;1988.5;2018.9;1974.8;2016.3
2015.01.19 00:00;2017.7;2028;2007.4;2013
2015.01.20 00:00;2013.2;2030.6;2001.8;2019.8
2015.01.21 00:00;2020.1;2036.7;2009.5;2031.2
2015.01.22 00:00;2030.9;2063.2;2023.4;2061.6
2015.01.23 00:00;2061.5;2066.4;2048.1;2048.6
2015.01.26 00:00;2039;2058.7;2029.4;2058.2
2015.01.27 00:00;2058.5;2058.5;2016.8;2041.4
2015.01.28 00:00;2041.1;2050.4;1994.9;1997.9
2015.01.29 00:00;1998.2;2023.3;1985.7;2022.6
2015.01.30 00:00;2022.9;2023.9;1989.7;1993.6
2015.02.02 00:00;1994.3;2021.5;1977.1;2018.4
2015.02.03 00:00;2018.8;2047.1;2010.2;2044.8
2015.02.04 00:00;2044.5;2052.3;2025.9;2027.9
2015.02.05 00:00;2027.7;2061.7;2023.9;2059.6
2015.02.06 00:00;2059.4;2070.8;2047.6;2056.2
2015.02.09 00:00;2050.7;2054.6;2039.2;2045.8
2015.02.10 00:00;2045.6;2069.1;2043.3;2065.6
2015.02.11 00:00;2065.5;2082;2055.9;2076.8
2015.02.12 00:00;2076.8;2087.9;2061.2;2085.2
2015.02.13 00:00;2085.2;2096.7;2084.1;2095.7
2015.02.16 00:00;2094.2;2095.9;2085.8;2088.8
2015.02.17 00:00;2084.4;2100.8;2083;2099.7
2015.02.18 00:00;2099.4;2100.5;2090.7;2097.5
2015.02.19 00:00;2097.6;2101.4;2089.4;2098.4
2015.02.20 00:00;2098.1;2110.6;2084.3;2109
2015.02.23 00:00;2109.3;2109.8;2101.6;2108.5
2015.02.24 00:00;2108.4;2117.4;2104.5;2115.9
2015.02.25 00:00;2115.6;2119.1;2109.1;2112.5
2015.02.26 00:00;2112.2;2116.4;2103.1;2111.5
2015.02.27 00:00;2111.2;2112.3;2102.6;2105.8
2015.03.02 00:00;2105.6;2116.5;2101.8;2115.5
2015.03.03 00:00;2115.8;2115.8;2096.7;2105.9
2015.03.04 00:00;2105.9;2106.1;2086.3;2097.2
2015.03.05 00:00;2096.9;2104.3;2094.2;2100.5
2015.03.06 00:00;2100.3;2104;2066.3;2071.9
2015.03.09 00:00;2074.5;2083;2066.7;2078.3
2015.03.10 00:00;2078.2;2078.5;2042.1;2044.3
2015.03.11 00:00;2044.3;2052.6;2038.8;2042.5
2015.03.12 00:00;2042.8;2066.6;2038.7;2065.4
2015.03.13 00:00;2065.5;2069;2040.4;2050.2
2015.03.16 00:00;2051.3;2081.7;2044.7;2076.2
2015.03.17 00:00;2076;2078.3;2063.9;2074
2015.03.18 00:00;2073.7;2107.6;2060.2;2100.9
2015.03.19 00:00;2100.6;2107.1;2084.2;2088.4
2015.03.20 00:00;2088.1;2114.4;2085.7;2106.6
2015.03.23 00:00;2106.2;2114.5;2100.8;2102.6
2015.03.24 00:00;2102.3;2108.3;2090.5;2092.3
2015.03.25 00:00;2092.3;2096.7;2059.5;2062.3
2015.03.26 00:00;2062;2066;2040.4;2056.8
2015.03.27 00:00;2056.8;2064.7;2048.2;2058.6
2015.03.30 00:00;2059.4;2088.4;2054.2;2081.2
2015.03.31 00:00;2081.1;2083.3;2063;2065.1
2015.04.01 00:00;2065.1;2067.2;2039.6;2060.7
2015.04.02 00:00;2060.4;2071.1;2050.5;2067.3
2015.04.03 00:00;2066.9;2070.1;2044.7;2045.8
2015.04.06 00:00;2049.5;2086.1;2045;2078.5
2015.04.07 00:00;2078.1;2089;2072.2;2074.4
2015.04.08 00:00;2074.1;2086.2;2070.6;2082.4
2015.04.09 00:00;2082.7;2092.8;2072.6;2090.9
2015.04.10 00:00;2090.8;2101.8;2089;2101.1
2015.04.13 00:00;2101.1;2106.8;2090.7;2092.1
2015.04.14 00:00;2092.2;2098.4;2081.3;2096.5
2015.04.15 00:00;2096.4;2110.8;2092.8;2106.3
2015.04.16 00:00;2106.6;2109.9;2094.6;2105.8
2015.04.17 00:00;2105.7;2107;2069.5;2080.8
2015.04.20 00:00;2085.9;2102.4;2083.8;2095.8
2015.04.21 00:00;2095.5;2110.1;2092.2;2096.5
2015.04.22 00:00;2096.5;2108.5;2084.9;2104.1
2015.04.23 00:00;2103.9;2119.2;2092.3;2112
2015.04.24 00:00;2112.3;2119.2;2107.8;2116.1
2015.04.27 00:00;2117.5;2124.1;2104.7;2107.8
2015.04.28 00:00;2107.9;2116.5;2092.4;2116
2015.04.29 00:00;2116;2116.8;2094.8;2102.7
2015.04.30 00:00;2102.3;2106;2074.4;2086.4
2015.05.01 00:00;2086.7;2106.3;2084.7;2105.2
2015.05.04 00:00;2106.2;2118.7;2101.9;2113.2
2015.05.05 00:00;2113.2;2115.4;2085.2;2089.2
2015.05.06 00:00;2089.5;2097.2;2064.8;2078.6
2015.05.07 00:00;2078.1;2091.4;2060.6;2087.3
2015.05.08 00:00;2087.6;2116.8;2087.6;2111.9
2015.05.11 00:00;2113.2;2116.9;2099.1;2100.1
2015.05.12 00:00;2100.4;2104.1;2082.5;2098.9
2015.05.13 00:00;2099.2;2109.4;2094.7;2099.2
2015.05.14 00:00;2099.3;2121.1;2094.9;2120.6
2015.05.15 00:00;2120.6;2125.6;2115.9;2121.4
2015.05.18 00:00;2122.3;2131.2;2114.9;2129.3
2015.05.19 00:00;2129.3;2136.4;2123.8;2126.4
2015.05.20 00:00;2126.4;2134.5;2121.8;2124.3
2015.05.21 00:00;2124;2134.3;2117.6;2131.2
2015.05.22 00:00;2131.1;2133.3;2125.1;2126.5
2015.05.25 00:00;2126.5;2128.9;2120.6;2125.3
2015.05.26 00:00;2125.3;2126.6;2098;2107.3
2015.05.27 00:00;2107.6;2126.1;2103.2;2121.7
2015.05.28 00:00;2122;2124.3;2112;2124.1
2015.05.29 00:00;2124;2124.5;2103.6;2108.3
2015.06.01 00:00;2108.1;2119;2101.7;2112.1
2015.06.02 00:00;2112;2117.1;2095.5;2108.2
2015.06.03 00:00;2107.8;2121.9;2107.8;2117.2
2015.06.04 00:00;2116.8;2117.3;2092.5;2100
2015.06.05 00:00;2100.3;2104;2084.7;2092.9
2015.06.08 00:00;2092.6;2094.2;2077.2;2080.7
2015.06.09 00:00;2080.4;2085.1;2069.6;2081.3
2015.06.10 00:00;2081.3;2108.3;2080.6;2107.1
2015.06.11 00:00;2106.9;2114.9;2103.8;2110.1
2015.06.12 00:00;2110.4;2110.8;2090.6;2093.8
2015.06.15 00:00;2084.1;2089.8;2071.6;2084
2015.06.16 00:00;2084;2098;2070.3;2098
2015.06.17 00:00;2097.8;2107.1;2087.1;2096.4
2015.06.18 00:00;2096.8;2127.5;2090.4;2122.7
2015.06.19 00:00;2123;2126.1;2105.9;2106.4
2015.06.22 00:00;2112;2130.1;2111.6;2123.1
2015.06.23 00:00;2122.8;2128.4;2119.3;2125.1
2015.06.24 00:00;2125.4;2126.3;2106.7;2108.6
2015.06.25 00:00;2108.6;2120.6;2099.8;2101.2
2015.06.26 00:00;2101.5;2108.3;2093.9;2102.3
2015.06.29 00:00;2065.8;2090.5;2054.5;2060.2
2015.06.30 00:00;2059.9;2076;2054.1;2063.9
2015.07.01 00:00;2063.9;2084.8;2061.5;2078.7
2015.07.02 00:00;2078.5;2086;2069.3;2076
2015.07.03 00:00;2075.7;2078.8;2070.3;2071.7
2015.07.06 00:00;2044.2;2077.3;2041.1;2073.5
2015.07.07 00:00;2073.8;2084.5;2041.5;2079.8
2015.07.08 00:00;2079.7;2080.6;2042.7;2045.4
2015.07.09 00:00;2045.4;2074.2;2044.3;2048.2
2015.07.10 00:00;2047.9;2080.9;2047.1;2074.2
2015.07.13 00:00;2061.6;2100.3;2060.4;2099.7
2015.07.14 00:00;2099.6;2111.4;2096.5;2108.8
2015.07.15 00:00;2109.2;2113.6;2101;2110.2
2015.07.16 00:00;2110.6;2124.3;2108.8;2122.5
2015.07.17 00:00;2122.8;2125.7;2118.4;2124.6
2015.07.20 00:00;2123.6;2131.7;2121.9;2127.2
2015.07.21 00:00;2127.5;2130.4;2112.5;2113.7
2015.07.22 00:00;2113.6;2117.2;2107.7;2115.6
2015.07.23 00:00;2115.2;2119.2;2096.5;2106.2
2015.07.24 00:00;2106.6;2109;2074.9;2082.2
2015.07.27 00:00;2082.6;2085.5;2061.3;2069.2
2015.07.28 00:00;2068.9;2093.4;2066.2;2092.7
2015.07.29 00:00;2092.6;2108.7;2088.8;2104.5
2015.07.30 00:00;2104.4;2108.4;2092.1;2107.7
2015.07.31 00:00;2107.6;2113.5;2099.7;2104.1
2015.08.03 00:00;2103.1;2106.5;2084.1;2095.4
2015.08.04 00:00;2095.1;2100.1;2085.3;2087.9
2015.08.05 00:00;2087.6;2110.8;2086.3;2098.4
2015.08.06 00:00;2098.3;2102.8;2073.8;2083.7
2015.08.07 00:00;2083.3;2086.3;2065.7;2077.2
2015.08.10 00:00;2076.3;2104.4;2075.2;2104.1
2015.08.11 00:00;2103.8;2105;2074.1;2083.8
2015.08.12 00:00;2083.6;2088.4;2049.7;2087
2015.08.13 00:00;2086.7;2096;2076.4;2084
2015.08.14 00:00;2083.8;2091.7;2076.6;2091.5
2015.08.17 00:00;2092.7;2103.1;2077.3;2101.4
2015.08.18 00:00;2101.3;2106.3;2093;2095.6
2015.08.19 00:00;2095.9;2100.6;2069.2;2075.8
2015.08.20 00:00;2075.7;2080.2;2027.6;2028.2
2015.08.21 00:00;2028.3;2031.3;1970.3;1976.7
2015.08.24 00:00;1965.4;1965.5;1832.5;1875.9
2015.08.25 00:00;1876.1;1950.3;1861.9;1871.1
2015.08.26 00:00;1870.9;1944.4;1852;1938.7
2015.08.27 00:00;1938.4;1991.3;1936.4;1990.5
2015.08.28 00:00;1990.9;1994.3;1968.9;1991.1
2015.08.31 00:00;1987;1987.7;1960.7;1966.5
2015.09.01 00:00;1966.4;1967.6;1899.8;1913.8
2015.09.02 00:00;1913.6;1949.9;1908.3;1948.9
2015.09.03 00:00;1949.2;1974.4;1942.8;1947.9
2015.09.04 00:00;1947.7;1950.4;1908.8;1922.9
2015.09.07 00:00;1917.9;1944.9;1917.8;1931.6
2015.09.08 00:00;1931.9;1969.4;1931;1966.3
2015.09.09 00:00;1966.2;1992.4;1936;1943.1
2015.09.10 00:00;1942.8;1967.8;1929;1951
2015.09.11 00:00;1950.6;1962;1937.7;1960.8
2015.09.14 00:00;1962.7;1974.2;1946.7;1953.3
2015.09.15 00:00;1953.2;1983;1945.2;1981.2
2015.09.16 00:00;1980.8;1998.4;1973;1997.6
2015.09.17 00:00;1997.3;2021.7;1981.8;1986.3
2015.09.18 00:00;1986.5;1992.8;1951;1961.1
2015.09.21 00:00;1959.6;1978.4;1947.9;1973.4
2015.09.22 00:00;1973.5;1974.4;1926.7;1939
2015.09.23 00:00;1939.3;1950.7;1919.6;1940.6
2015.09.24 00:00;1940.7;1945.3;1906.1;1928.9
2015.09.25 00:00;1927.9;1959.7;1919.3;1924.1
2015.09.28 00:00;1922.1;1938.1;1877.1;1882.9
2015.09.29 00:00;1883.1;1898;1869.2;1882.4
2015.09.30 00:00;1882.9;1918.8;1879.5;1911
2015.10.01 00:00;1910.2;1937.8;1898.3;1926.1
2015.10.02 00:00;1924.6;1951.7;1890.9;1951
2015.10.05 00:00;1948.7;1987.9;1945.2;1982.7
2015.10.06 00:00;1982.5;1990.1;1970.4;1972
2015.10.07 00:00;1968.7;1998.9;1967.3;1996
2015.10.08 00:00;1995.6;2016.5;1978.9;2013.1
2015.10.09 00:00;2013.3;2021.4;2006.3;2014.3
2015.10.12 00:00;2011.3;2021.1;2009.2;2019.9
2015.10.13 00:00;2019.2;2021.4;1998.3;1999.4
2015.10.14 00:00;1998.1;2008.6;1989.5;1992.2
2015.10.15 00:00;1992.3;2026.2;1992.3;2025.6
2015.10.16 00:00;2025.1;2033.3;2019.3;2033.3
2015.10.19 00:00;2031.4;2034.6;2020.9;2033.6
2015.10.20 00:00;2032.4;2037.9;2025;2026
2015.10.21 00:00;2025.6;2040.5;2013.8;2016.6
2015.10.22 00:00;2016.9;2061.7;2014.8;2061.7
2015.10.23 00:00;2060.4;2080.6;2059.5;2071.2
2015.10.26 00:00;2070.8;2073.8;2063.5;2069.2
2015.10.27 00:00;2069.2;2070.3;2057.1;2069
2015.10.28 00:00;2067.1;2090.8;2061.2;2087.3
2015.10.29 00:00;2086.1;2092;2078.9;2090.4
2015.10.30 00:00;2090.2;2100.2;2075.3;2079.4
2015.11.02 00:00;2077.6;2105;2069.5;2098.1
2015.11.03 00:00;2097.9;2115.1;2094.1;2107.4
2015.11.04 00:00;2106.6;2114.5;2095.4;2100.3
2015.11.05 00:00;2100.1;2109.1;2088.8;2099.8
2015.11.06 00:00;2098.8;2103.1;2082.1;2097.9
2015.11.09 00:00;2096.3;2101.9;2066.2;2076.2
2015.11.10 00:00;2077.1;2083.2;2068.6;2081.2
2015.11.11 00:00;2080.4;2091.1;2071.8;2072.7
2015.11.12 00:00;2072.8;2081.4;2043.6;2044.5
2015.11.13 00:00;2044.7;2049.7;2015.2;2016.4
2015.11.16 00:00;2009.7;2054.2;2002.1;2052
2015.11.17 00:00;2051.4;2066.7;2044.9;2053.2
2015.11.18 00:00;2052.9;2085.6;2046.3;2081.8
2015.11.19 00:00;2081.1;2092.2;2078.2;2082.3
2015.11.20 00:00;2080.7;2097.7;2078.9;2092
2015.11.23 00:00;2092.1;2095.8;2080.9;2086.2
2015.11.24 00:00;2085.8;2093.8;2068;2086.6
2015.11.25 00:00;2087.1;2095;2084.8;2091.1
2015.11.26 00:00;2091.7;2100.4;2090.6;2097.1
2015.11.27 00:00;2097.1;2098.1;2083.7;2092.2
2015.11.30 00:00;2091.5;2096.7;2080.4;2087.3
2015.12.01 00:00;2087.7;2103;2085.2;2101.3
2015.12.02 00:00;2101.1;2106.5;2076.7;2085
2015.12.03 00:00;2084.8;2096.8;2041.5;2055.3
2015.12.04 00:00;2055.2;2094.2;2048.3;2089.9
2015.12.07 00:00;2092.5;2096.2;2065.6;2082.1
2015.12.08 00:00;2081.2;2082.3;2051.1;2061.6
2015.12.09 00:00;2060.8;2080.3;2034.9;2046.1
2015.12.10 00:00;2047.1;2067.8;2044.5;2051.5
2015.12.11 00:00;2051.6;2056.7;2005.4;2007.7
2015.12.14 00:00;2011.5;2028.3;1992;2020.7
2015.12.15 00:00;2022.1;2054.6;2018.8;2046.6
2015.12.16 00:00;2046.3;2077.7;2040.3;2069.8
2015.12.17 00:00;2069.9;2081.8;2031.4;2032.3
2015.12.18 00:00;2032.4;2038.1;1999.4;2003.6
2015.12.21 00:00;2005.3;2027.4;2003.6;2026.7
2015.12.22 00:00;2025.6;2044.6;2015.5;2042.2
2015.12.23 00:00;2041.8;2065.8;2039;2061.3
2015.12.24 00:00;2061.1;2067.9;2057.2;2059.3
2015.12.28 00:00;2059.8;2062.4;2043;2057.9
2015.12.29 00:00;2057.8;2082.1;2055;2080.9
2015.12.30 00:00;2080.2;2082.5;2061.1;2063.4
2015.12.31 00:00;2063.1;2065.1;2044.5;2057.5
2016.01.02 00:00;2043.1;2043.1;2043.1;2043.1
2016.01.04 00:00;2042.8;2050.3;1987;2016.4
2016.01.05 00:00;2016.3;2023.6;1999.1;2017.1
2016.01.06 00:00;2018.1;2019.8;1977;1994.2
2016.01.07 00:00;1994.1;1997.4;1935;1940.3
2016.01.08 00:00;1943.7;1971;1916.2;1918.8
2016.01.11 00:00;1915.7;1934.6;1898.4;1919.2
2016.01.12 00:00;1920;1945.9;1904.9;1928.9
2016.01.13 00:00;1928.6;1952.5;1883.3;1888.7
2016.01.14 00:00;1890.3;1933.1;1876.7;1918.4
2016.01.15 00:00;1918.8;1926.5;1854.6;1881.7
2016.01.18 00:00;1874.9;1895;1864.9;1877.9
2016.01.19 00:00;1878.6;1912.4;1861.3;1877.4
2016.01.20 00:00;1876.6;1883.3;1809;1856.9
2016.01.21 00:00;1860.1;1887.9;1841;1865.8
2016.01.22 00:00;1863.4;1906.9;1860.4;1903.7
2016.01.25 00:00;1904.2;1908.7;1871.8;1875.9
2016.01.26 00:00;1876;1904.3;1855.5;1892.9
2016.01.27 00:00;1888.9;1914.3;1868.9;1882.4
2016.01.28 00:00;1884.8;1906.5;1870;1885.8
2016.01.29 00:00;1882.2;1936.4;1880.7;1935.3
2016.02.01 00:00;1932.9;1944;1916.2;1932.7
2016.02.02 00:00;1932.7;1933.2;1892.9;1899.7
2016.02.03 00:00;1898.9;1915.9;1868.8;1912.2
2016.02.04 00:00;1911.4;1925.8;1894;1909.5
2016.02.05 00:00;1908.3;1917.9;1869.2;1877.5
2016.02.08 00:00;1878.9;1887.6;1825;1854.8
2016.02.09 00:00;1852.8;1866.7;1828.9;1849.6
2016.02.10 00:00;1853.1;1880.6;1841.6;1845.7
2016.02.11 00:00;1846;1850.1;1806;1829.3
2016.02.12 00:00;1830.6;1863.5;1825.9;1862.5
2016.02.15 00:00;1868;1892.4;1867.7;1887.5
2016.02.16 00:00;1886.6;1895.1;1872.9;1891.5
2016.02.17 00:00;1890.4;1930;1884;1930
2016.02.18 00:00;1928.7;1935.8;1913.7;1920.4
2016.02.19 00:00;1919.8;1925.2;1900.6;1916.7
2016.02.22 00:00;1912.5;1945.7;1910.4;1936
2016.02.23 00:00;1936.1;1939.9;1915.8;1916.2
2016.02.24 00:00;1915.9;1935.1;1888.7;1935.1
2016.02.25 00:00;1934.1;1953.1;1922.1;1951
2016.02.26 00:00;1950.1;1970.2;1943;1943.2
2016.02.29 00:00;1943.4;1957.6;1928;1929.9
2016.03.01 00:00;1929.9;1979.8;1922.2;1978.6
2016.03.02 00:00;1977.5;1985.8;1967.5;1982.9
2016.03.03 00:00;1982.8;1993.5;1975.9;1993
2016.03.04 00:00;1992.3;2008.5;1985.2;1995.7
2016.03.07 00:00;1995.2;2005.1;1985.3;2000.5
2016.03.08 00:00;1999.4;2000.9;1976.5;1982.9
2016.03.09 00:00;1982.3;1994.5;1978.8;1990.5
2016.03.10 00:00;1990.9;2010.6;1967.8;1991
2016.03.11 00:00;1989.1;2022.6;1988.1;2021.4
2016.03.14 00:00;2019.1;2024.9;2012.1;2019
2016.03.15 00:00;2018.9;2019.6;2004.6;2016.3
2016.03.16 00:00;2016.5;2032.3;2006.8;2027.5
2016.03.17 00:00;2026.5;2046.5;2015.3;2041.7
2016.03.18 00:00;2040.8;2052.1;2036.5;2048.3
2016.03.21 00:00;2045.8;2053.6;2040;2052.8
2016.03.22 00:00;2052.3;2056.7;2037.9;2051.8
2016.03.23 00:00;2052.1;2054.2;2034.1;2037
2016.03.24 00:00;2036.9;2038.5;2021;2038.5
2016.03.28 00:00;2039;2047.9;2030.4;2036.4
2016.03.29 00:00;2036;2057.7;2027.4;2057.2
2016.03.30 00:00;2056.7;2072.8;2055.2;2064.1
2016.03.31 00:00;2063.3;2067.7;2055.4;2060.4
2016.04.01 00:00;2060.5;2074.9;2043.2;2072.7
2016.04.04 00:00;2071.4;2079.1;2062;2064
2016.04.05 00:00;2062.9;2062.9;2041.8;2049.3
2016.04.06 00:00;2049.6;2067.8;2042.5;2066.8
2016.04.07 00:00;2066.7;2069.3;2033.1;2042.1
2016.04.08 00:00;2041.2;2061.4;2037.6;2049
2016.04.11 00:00;2047.5;2063.3;2039.3;2039.6
2016.04.12 00:00;2039;2065.1;2036.3;2062.1
2016.04.13 00:00;2061.7;2083.5;2060.8;2082.4
2016.04.14 00:00;2082.6;2088.2;2075.3;2083.9
2016.04.15 00:00;2084;2086.4;2075.9;2081.5
2016.04.18 00:00;2070.7;2094.8;2064.7;2092.2
2016.04.19 00:00;2091.4;2104.6;2091;2100.1
2016.04.20 00:00;2100.3;2111.2;2091.8;2103.8
2016.04.21 00:00;2103.7;2109.9;2084.7;2088
2016.04.22 00:00;2085.6;2094.7;2080.6;2091.9
2016.04.25 00:00;2096.5;2097;2076.4;2089.4
2016.04.26 00:00;2089.6;2096.7;2085;2090.2
2016.04.27 00:00;2087.6;2099.4;2081.5;2097.9
2016.04.28 00:00;2097.6;2099.6;2070.2;2079.3
2016.04.29 00:00;2078.6;2081.2;2050.8;2065.5
2016.05.02 00:00;2065;2082.1;2060.1;2080.3
2016.05.03 00:00;2080.5;2080.8;2052.4;2062.2
2016.05.04 00:00;2062.4;2064.7;2043.4;2050.4
2016.05.05 00:00;2050.9;2064.2;2043.8;2047.7
2016.05.06 00:00;2047.3;2058.5;2034.7;2058.5
2016.05.09 00:00;2057.1;2063.8;2052.2;2058.3
2016.05.10 00:00;2057.8;2083.7;2051.9;2081.2
2016.05.11 00:00;2081.1;2082.4;2061.3;2062.9
2016.05.12 00:00;2062.3;2076.3;2051.9;2063.6
2016.05.13 00:00;2062.9;2066.8;2041.8;2046.2
2016.05.16 00:00;2043.6;2071.5;2038.3;2064.8
2016.05.17 00:00;2064.8;2072.3;2039.8;2047.6
2016.05.18 00:00;2046.6;2060.5;2033.9;2045.9
2016.05.19 00:00;2046.9;2047.5;2024.9;2041.4
2016.05.20 00:00;2041.9;2058.4;2040.1;2052.6
2016.05.23 00:00;2055.4;2058.3;2045.9;2047.5
2016.05.24 00:00;2047.5;2079.7;2043.4;2077.5
2016.05.25 00:00;2077.2;2094.5;2075.9;2090.7
2016.05.26 00:00;2090.8;2093.9;2084.8;2092.6
2016.05.27 00:00;2092.4;2100.6;2089.9;2100.6
2016.05.30 00:00;2101.3;2105.4;2101.1;2103.1
2016.05.31 00:00;2103.3;2104.3;2087.7;2096.4
2016.06.01 00:00;2095.1;2100.7;2084.7;2098.2
2016.06.02 00:00;2098;2105.9;2088.1;2105.2
2016.06.03 00:00;2104.4;2107.1;2084;2098.6
2016.06.06 00:00;2098.6;2113.1;2095;2109.9
2016.06.07 00:00;2109.5;2118.7;2107.5;2111.1
2016.06.08 00:00;2110.9;2120.3;2107.4;2118.4
2016.06.09 00:00;2118.3;2119.1;2106.9;2114.7
2016.06.10 00:00;2114.2;2114.2;2089.1;2096.3
2016.06.13 00:00;2091.3;2098.3;2075.7;2075.9
2016.06.14 00:00;2076.3;2081.5;2063.3;2072.9
2016.06.15 00:00;2073.1;2086.1;2068.5;2070.5
2016.06.16 00:00;2070.5;2079.5;2049.9;2077.6
2016.06.17 00:00;2076.8;2082.8;2061.3;2068.1
2016.06.20 00:00;2079.6;2100.6;2079.1;2091.4
2016.06.21 00:00;2086.7;2094;2077.5;2087.5
2016.06.22 00:00;2086.7;2099.5;2083.6;2085.4
2016.06.23 00:00;2093.4;2119.3;2092.6;2119
2016.06.24 00:00;2122.5;2127;2006.4;2025.9
2016.06.27 00:00;2022;2029.9;1989;1989.7
2016.06.28 00:00;1990.9;2037.2;1990.5;2035.9
2016.06.29 00:00;2035.8;2080.8;2030.5;2080.8
2016.06.30 00:00;2079.4;2098.5;2064.3;2094.1
2016.07.01 00:00;2093.6;2107.8;2088.8;2103.2
2016.07.04 00:00;2106;2111.8;2101.2;2106.9
2016.07.05 00:00;2106.5;2106.5;2079.6;2091.6
2016.07.06 00:00;2091;2101;2073.1;2099.6
2016.07.07 00:00;2098.8;2108.6;2088.6;2098.8
2016.07.08 00:00;2098.5;2131.4;2094.1;2126.7
2016.07.11 00:00;2126.5;2142.9;2126.2;2137.2
2016.07.12 00:00;2136.9;2155.4;2135.1;2151.9
2016.07.13 00:00;2151.6;2158.4;2145.8;2151.8
2016.07.14 00:00;2151.3;2174.1;2149.3;2163.8
2016.07.15 00:00;2162.6;2170.4;2149.2;2151.9
2016.07.18 00:00;2160;2168.9;2158.7;2165.5
2016.07.19 00:00;2166.1;2166.5;2157.3;2165.3
2016.07.20 00:00;2165.3;2175.2;2161;2174.4
2016.07.21 00:00;2173.6;2175.7;2158.8;2164.7
2016.07.22 00:00;2164.6;2174.6;2161.3;2172.5
2016.07.25 00:00;2173.1;2177.8;2161.4;2168.9
2016.07.26 00:00;2168.2;2173.3;2159.4;2171.2
2016.07.27 00:00;2171.4;2174.7;2157.8;2168.5
2016.07.28 00:00;2168.3;2173.9;2159.1;2171.4
2016.07.29 00:00;2170.9;2177.3;2162.9;2176.5
2016.08.01 00:00;2179.7;2183.2;2165.4;2170.9
2016.08.02 00:00;2171.4;2176.3;2147.1;2158.2
2016.08.03 00:00;2157.9;2163.7;2150.9;2162.8
2016.08.04 00:00;2162.3;2169.7;2159.3;2165.4
2016.08.05 00:00;2164.7;2182.6;2164.7;2181.8
2016.08.08 00:00;2181.2;2187.1;2177.5;2180.6
2016.08.09 00:00;2179.9;2187;2177.6;2181.9
2016.08.10 00:00;2181.4;2185;2171.6;2176.2
2016.08.11 00:00;2175.7;2188.9;2173.8;2185.3
2016.08.12 00:00;2185.8;2187.6;2178.7;2184.3
2016.08.15 00:00;2184.3;2193.6;2183.7;2188.6
2016.08.16 00:00;2188.6;2188.9;2178.1;2180.9
2016.08.17 00:00;2180.4;2184.5;2168.4;2184
2016.08.18 00:00;2183.5;2186.9;2178.5;2185.4
2016.08.19 00:00;2185.9;2186.4;2175;2184.7
2016.08.22 00:00;2184.3;2186.8;2175.7;2183.8
2016.08.23 00:00;2182.5;2193.5;2181.6;2188
2016.08.24 00:00;2187.5;2189.6;2170.8;2177
2016.08.25 00:00;2176.5;2179.2;2169.5;2176.1
2016.08.26 00:00;2176;2188.5;2159.2;2169
2016.08.29 00:00;2168.6;2183.5;2166.2;2181.2
2016.08.30 00:00;2181;2182.8;2170;2177.1
2016.08.31 00:00;2177.4;2177.5;2160.6;2169.9
2016.09.01 00:00;2170.2;2178.1;2155.9;2167.5
2016.09.02 00:00;2167.7;2184.5;2165.1;2179.8
2016.09.05 00:00;2180.1;2182.9;2175.9;2179.3
2016.09.06 00:00;2179.6;2187;2173.8;2186.2
2016.09.07 00:00;2186.1;2187.5;2178.2;2185.3
2016.09.08 00:00;2185.5;2190;2176.7;2178.7
2016.09.09 00:00;2177.7;2178.7;2120.4;2121.8
2016.09.12 00:00;2122.9;2163.2;2107.5;2158.6
2016.09.13 00:00;2157.7;2157.7;2118.9;2132.1
2016.09.14 00:00;2131.3;2140.4;2117.8;2121.2
2016.09.15 00:00;2121;2150.1;2113.6;2142.5
2016.09.16 00:00;2142.4;2142.9;2128.6;2138.5
2016.09.19 00:00;2138;2152.3;2133.3;2139.6
2016.09.20 00:00;2139.6;2149;2134.7;2135.5
2016.09.21 00:00;2136.4;2162.6;2131.9;2161.7
2016.09.22 00:00;2161.3;2177.9;2158;2174.1
2016.09.23 00:00;2173.4;2174.6;2161.3;2162.7
2016.09.26 00:00;2161.1;2164.9;2142.1;2144.8
2016.09.27 00:00;2144.9;2159.1;2138.1;2157.4
2016.09.28 00:00;2157.4;2170.6;2149.1;2168
2016.09.29 00:00;2167.7;2172;2142.4;2152.8
2016.09.30 00:00;2150.1;2173.5;2141.1;2162.1
2016.10.03 00:00;2164.1;2169.1;2151.8;2159.6
2016.10.04 00:00;2159.4;2165.1;2140.8;2148.6
2016.10.05 00:00;2148.9;2162.6;2145.7;2158.6
2016.10.06 00:00;2158.4;2161.9;2148.1;2160.5
2016.10.07 00:00;2160.4;2166;2142.2;2150.5
2016.10.10 00:00;2156;2167.9;2153;2163.7
2016.10.11 00:00;2163.9;2165.1;2126.1;2137.7
2016.10.12 00:00;2137.4;2144.9;2130.6;2132.8
2016.10.13 00:00;2132;2136.1;2112;2129.8
2016.10.14 00:00;2130.2;2147.3;2126.1;2130.4
2016.10.17 00:00;2131.3;2134;2121.3;2126.5
2016.10.18 00:00;2126.7;2143.7;2124.3;2136.4
2016.10.19 00:00;2135.7;2146.6;2130.7;2142.3
2016.10.20 00:00;2140.7;2148.2;2130.7;2140.7
2016.10.21 00:00;2139.6;2142.2;2127.2;2139.7
2016.10.24 00:00;2140.6;2152.7;2138.7;2149.5
2016.10.25 00:00;2148.7;2153.3;2139.2;2140
2016.10.26 00:00;2138.9;2143.9;2128.6;2137.4
2016.10.27 00:00;2137.5;2147.4;2126.6;2131.2
2016.10.28 00:00;2131.2;2138.9;2116.4;2127.3
2016.10.31 00:00;2123.1;2134;2120.1;2127
2016.11.01 00:00;2127.5;2133;2094.7;2105.9
2016.11.02 00:00;2106.4;2109.9;2091;2093.7
2016.11.03 00:00;2092.1;2102.4;2083.1;2087.2
2016.11.04 00:00;2087.8;2097;2082;2084.6
2016.11.07 00:00;2107.9;2133.4;2106;2133
2016.11.08 00:00;2132.1;2146.2;2122;2138.1
2016.11.09 00:00;2140.8;2169.2;2031.1;2163
2016.11.10 00:00;2161.5;2183;2150.3;2166.9
2016.11.11 00:00;2167.2;2172.5;2150.5;2162.2
2016.11.14 00:00;2166.5;2176.3;2154.4;2163.2
2016.11.15 00:00;2163.2;2181.3;2160.6;2181.3
2016.11.16 00:00;2180.8;2186.8;2170.7;2174.2
2016.11.17 00:00;2174.2;2186.6;2173.7;2186
2016.11.18 00:00;2185.6;2188.7;2177.9;2181.9
2016.11.21 00:00;2181.5;2197.2;2180.1;2194.8
2016.11.22 00:00;2194.4;2203.9;2193;2203
2016.11.23 00:00;2202.3;2204.5;2193.1;2201.7
2016.11.24 00:00;2202.2;2207.8;2198.6;2206.5
2016.11.25 00:00;2207.1;2212;2203.5;2211.5
2016.11.28 00:00;2209.2;2210.3;2199.3;2200.7
2016.11.29 00:00;2201.3;2209.8;2197.3;2203.7
2016.11.30 00:00;2203.7;2214;2197.9;2199
2016.12.01 00:00;2199.7;2203.6;2186.3;2191.9
2016.12.02 00:00;2190.8;2197.5;2184.6;2191.3
2016.12.05 00:00;2182.7;2208.8;2179.5;2205.5
2016.12.06 00:00;2205;2212;2200.3;2211.5
2016.12.07 00:00;2211.4;2241.4;2206.7;2236.9
2016.12.08 00:00;2236.5;2251.5;2232.9;2247.5
2016.12.09 00:00;2247.3;2260.9;2245.2;2260.7
2016.12.12 00:00;2260.3;2270;2252.2;2256
2016.12.13 00:00;2255.5;2278;2253.2;2273.1
2016.12.14 00:00;2273;2277.1;2247.8;2256.8
2016.12.15 00:00;2256.1;2272.6;2251.8;2264.5
2016.12.16 00:00;2263.6;2268.5;2254.3;2260.3
2016.12.19 00:00;2260.9;2268.3;2258.5;2265.4
2016.12.20 00:00;2265;2273.9;2264.7;2271.5
2016.12.21 00:00;2272;2272.5;2262.7;2262.8
2016.12.22 00:00;2263.1;2264.6;2255.3;2261.7
2016.12.23 00:00;2261.4;2264.6;2258.1;2263.7
2016.12.27 00:00;2262.9;2273;2261.6;2264.7
2016.12.28 00:00;2264.9;2271.4;2247.3;2248.9
2016.12.29 00:00;2249.6;2253.5;2243.3;2249.9
2016.12.30 00:00;2250.4;2256.5;2231.8;2238.5
2017.01.03 00:00;2245.5;2263.1;2243.1;2256.3
2017.01.04 00:00;2256.4;2270.8;2254.8;2268.1
2017.01.05 00:00;2267.9;2269.5;2257.8;2268.3
2017.01.06 00:00;2268.1;2280.5;2262;2274.6
2017.01.09 00:00;2274.3;2278.8;2267.3;2268
2017.01.10 00:00;2268.4;2277.6;2263.2;2268.1
2017.01.11 00:00;2267.6;2275.3;2258.9;2274.8
2017.01.12 00:00;2274;2274;2252.1;2267.7
2017.01.13 00:00;2268;2276.8;2266.2;2274.1
2017.01.16 00:00;2273.6;2273.6;2268.4;2269.4
2017.01.17 00:00;2269.3;2270.6;2260.7;2265.8
2017.01.18 00:00;2265.2;2272.1;2261.7;2268.9
2017.01.19 00:00;2268.8;2272.8;2256.5;2264.6
2017.01.20 00:00;2264.3;2276.1;2263.3;2269.9
2017.01.23 00:00;2269.6;2270.7;2255.2;2264.9
2017.01.24 00:00;2264.2;2283.8;2263;2279.3
2017.01.25 00:00;2279.3;2298.6;2278.5;2297.2
2017.01.26 00:00;2297;2302.5;2292.7;2297.6
2017.01.27 00:00;2296.8;2299.7;2290.1;2292.7
2017.01.30 00:00;2285.6;2288.9;2266.2;2279.3
2017.01.31 00:00;2279.2;2281.1;2265.5;2280.9
2017.02.01 00:00;2280.4;2288;2271.5;2278.1
2017.02.02 00:00;2278.3;2282.7;2267.6;2277.8
2017.02.03 00:00;2277.3;2296.9;2273.7;2294.8
2017.02.06 00:00;2296.3;2297.2;2286.7;2289.6
2017.02.07 00:00;2289.4;2298;2287.2;2288.5
2017.02.08 00:00;2288.3;2294.2;2283.5;2292.9
2017.02.09 00:00;2292.9;2309.8;2290.2;2306
2017.02.10 00:00;2306.2;2317.8;2305.1;2315
2017.02.13 00:00;2315.9;2330.9;2315.4;2328.8
2017.02.14 00:00;2328.7;2339.4;2321.6;2337.4
2017.02.15 00:00;2337.1;2353;2333;2352.2
2017.02.16 00:00;2352.1;2352.4;2337.6;2346.7
2017.02.17 00:00;2346.2;2349.8;2337.9;2349.5
2017.02.20 00:00;2348;2357.7;2347.2;2354.1
2017.02.21 00:00;2353.7;2365.9;2350;2361.3
2017.02.22 00:00;2361;2364.8;2356.1;2363.1
2017.02.23 00:00;2362.9;2368.4;2354.2;2363.4
2017.02.24 00:00;2362.8;2366.5;2350.7;2365.3
2017.02.27 00:00;2365.5;2371.6;2362;2366.5
2017.02.28 00:00;2366.8;2369.6;2358.2;2365.5
2017.03.01 00:00;2365.3;2401.5;2364;2393.3
2017.03.02 00:00;2393;2394.8;2378.3;2381.6
2017.03.03 00:00;2379.9;2383.4;2374;2380.6
2017.03.06 00:00;2379.4;2379.6;2367.3;2371.3
2017.03.07 00:00;2371.5;2375.9;2365;2366.8
2017.03.08 00:00;2365.5;2373.1;2359.8;2363.5
2017.03.09 00:00;2363.3;2369.2;2354.1;2367.6
2017.03.10 00:00;2366.8;2379.3;2362.1;2371.1
2017.03.13 00:00;2371.4;2374.9;2368.1;2374.3
2017.03.14 00:00;2373.9;2374.3;2357.9;2366.5
2017.03.15 00:00;2366.5;2390.3;2366.2;2382.3
2017.03.16 00:00;2382.3;2391.8;2376.5;2382.6
2017.03.17 00:00;2382.1;2385.1;2375.8;2378.2
2017.03.20 00:00;2376.8;2378.8;2368.6;2372.2
2017.03.21 00:00;2371.8;2381.7;2341.1;2343.8
2017.03.22 00:00;2343.6;2351.7;2335.4;2344.9
2017.03.23 00:00;2345.1;2358.9;2341.4;2343.6
2017.03.24 00:00;2344.3;2355.7;2334.8;2345.5
2017.03.27 00:00;2339.8;2344.3;2320.7;2342.7
2017.03.28 00:00;2343.3;2363.2;2336.5;2354.9
2017.03.29 00:00;2355.1;2362.6;2351.8;2359.8
2017.03.30 00:00;2359.6;2369.5;2356.3;2368.1
2017.03.31 00:00;2368.3;2369.5;2359.6;2360.6
2017.04.03 00:00;2360.5;2366.1;2342.8;2357.4
2017.04.04 00:00;2357.4;2361.4;2347.6;2361.2
2017.04.05 00:00;2361.5;2377.9;2346.6;2347.9
2017.04.06 00:00;2348.1;2363.6;2340.8;2357.3
2017.04.07 00:00;2357.7;2363.2;2339.4;2355.2
2017.04.10 00:00;2354.5;2365.5;2350.1;2356.2
2017.04.11 00:00;2356.7;2358.1;2335.7;2354.2
2017.04.12 00:00;2353.8;2358.7;2339.9;2341.9
2017.04.13 00:00;2342.2;2347.1;2326.2;2329.8
2017.04.17 00:00;2327.8;2348.1;2325;2347.6
2017.04.18 00:00;2347.5;2349.1;2332.7;2340.6
2017.04.19 00:00;2340.2;2351.5;2333.7;2334.7
2017.04.20 00:00;2335.5;2360.6;2335.1;2354.3
2017.04.21 00:00;2354.5;2358.1;2342.9;2347.7
2017.04.24 00:00;2370;2378.9;2367.7;2372.6
2017.04.25 00:00;2372;2391.2;2370.4;2385.9
2017.04.26 00:00;2385;2396.7;2383.9;2384
2017.04.27 00:00;2383.4;2390.8;2380.7;2389.7
2017.04.28 00:00;2388.4;2390.8;2380.5;2382.6
2017.05.01 00:00;2383;2392.7;2379.2;2389.2
2017.05.02 00:00;2387.9;2390.7;2383.9;2386.7
2017.05.03 00:00;2385.5;2387.9;2377.7;2384.2
2017.05.04 00:00;2383.7;2392.9;2378.3;2388.6
2017.05.05 00:00;2387.9;2401;2381;2400.8
2017.05.08 00:00;2404.3;2405.3;2391.7;2396.7
2017.05.09 00:00;2396.2;2402;2390.4;2394.8
2017.05.10 00:00;2393.6;2398.4;2389.5;2396.5
2017.05.11 00:00;2396.5;2396.9;2380.4;2392.1
2017.05.12 00:00;2392.4;2392.9;2385.9;2390.2
2017.05.15 00:00;2390.6;2403.6;2389.4;2401.6
2017.05.16 00:00;2400.8;2405.8;2395.3;2398.6
2017.05.17 00:00;2397.8;2397.8;2355.9;2357.3
2017.05.18 00:00;2356.4;2375.8;2345.9;2364.5
2017.05.19 00:00;2364.8;2388.8;2362;2383.3
2017.05.22 00:00;2382.6;2395.1;2379.3;2394.6
2017.05.23 00:00;2393.7;2400.3;2387.8;2398.3
2017.05.24 00:00;2397.5;2405;2395.8;2404.1
2017.05.25 00:00;2404;2418.3;2403.4;2414.2
2017.05.26 00:00;2414.1;2416.5;2408.9;2415.3
2017.05.29 00:00;2415.3;2417.6;2414.6;2414.9
2017.05.30 00:00;2414.9;2415.2;2408.4;2412.1
2017.05.31 00:00;2411.1;2417.1;2403.3;2414.8
2017.06.01 00:00;2414.1;2430.7;2411;2430
2017.06.02 00:00;2429.7;2439.9;2427.4;2437.7
2017.06.05 00:00;2436.1;2439.1;2433.3;2435.4
2017.06.06 00:00;2434.6;2435.8;2426.7;2430
2017.06.07 00:00;2429.9;2435.1;2424.3;2432.2
2017.06.08 00:00;2432;2438.9;2427.4;2434.7
2017.06.09 00:00;2427.6;2445.9;2414.9;2430.4
2017.06.12 00:00;2429.8;2430.9;2419;2429.3
2017.06.13 00:00;2428.6;2441.1;2427.3;2439.9
2017.06.14 00:00;2440;2445.5;2428;2436.4
2017.06.15 00:00;2436;2436.4;2418.5;2434
2017.06.16 00:00;2433.2;2438.6;2422.3;2436.3
2017.06.19 00:00;2435.9;2453;2434.8;2449.6
2017.06.20 00:00;2449.4;2452.6;2435.6;2438.6
2017.06.21 00:00;2437.5;2441.5;2429.6;2434
2017.06.22 00:00;2433.6;2440.6;2429.8;2433.5
2017.06.23 00:00;2433.1;2440.5;2430.2;2433.7
2017.06.26 00:00;2434.1;2448.9;2431.6;2437.5
2017.06.27 00:00;2437.2;2438.9;2418.3;2419.6
2017.06.28 00:00;2419.3;2443.9;2415.8;2443.8
2017.06.29 00:00;2443.2;2446.5;2404.1;2422.9
2017.06.30 00:00;2423;2431.5;2417.1;2423.5
2017.07.01 00:00;2423.2;2423.2;2423.2;2423.2
2017.07.03 00:00;2424.5;2438.3;2423.7;2426
2017.07.04 00:00;2424;2433;2423;2426.8
2017.07.05 00:00;2426.2;2433.8;2420.7;2430
2017.07.06 00:00;2429.5;2432;2407;2410
2017.07.07 00:00;2411.3;2426.3;2409.2;2424.5
2017.07.10 00:00;2424.8;2431.2;2420.8;2425.6
2017.07.11 00:00;2424.8;2429.1;2411.7;2426.3
2017.07.12 00:00;2426.2;2445;2423.9;2442.5
2017.07.13 00:00;2442.5;2448.2;2440.4;2447.5
2017.07.14 00:00;2447.7;2462.5;2443.4;2458.7
2017.07.17 00:00;2458.7;2461.7;2455.4;2461
2017.07.18 00:00;2460.7;2462.2;2449.2;2461.5
2017.07.19 00:00;2460.9;2473.1;2459.2;2472.7
2017.07.20 00:00;2472;2477.5;2466.9;2474.2
2017.07.21 00:00;2473.7;2476.5;2464.2;2471.1
2017.07.24 00:00;2471.1;2471.7;2464.9;2468.7
2017.07.25 00:00;2468;2480;2468;2476.4
2017.07.26 00:00;2475.9;2480.9;2472.8;2475.6
2017.07.27 00:00;2476.2;2481.6;2458.3;2473.4
2017.07.28 00:00;2473;2473.1;2462.6;2471.7
2017.07.31 00:00;2472;2476;2466.5;2470
2017.08.01 00:00;2469.2;2478.3;2467.7;2475.8
2017.08.02 00:00;2475.3;2476.9;2464.5;2474.8
2017.08.03 00:00;2474.3;2475.4;2467.1;2471.2
2017.08.04 00:00;2471.4;2478.7;2468.6;2472.9
2017.08.07 00:00;2473.8;2479.2;2473.1;2478.9
2017.08.08 00:00;2477.9;2489.1;2468.3;2472.7
2017.08.09 00:00;2470.9;2475.3;2460;2475
2017.08.10 00:00;2474.8;2474.8;2433.6;2435.4
2017.08.11 00:00;2434.8;2446.9;2431.2;2441.4
2017.08.14 00:00;2443.4;2467;2443.1;2465.8
2017.08.15 00:00;2464.7;2473.8;2460.6;2464.9
2017.08.16 00:00;2465.5;2474.2;2462.3;2467
2017.08.17 00:00;2466.3;2468.8;2424.2;2426.7
2017.08.18 00:00;2427.6;2439.6;2419.9;2425.5
2017.08.21 00:00;2429.5;2431.6;2416.2;2428.8
2017.08.22 00:00;2428.5;2454.3;2427.8;2453.7
2017.08.23 00:00;2453.2;2455;2439.2;2439.9
2017.08.24 00:00;2439.5;2449.1;2434.8;2442.9
2017.08.25 00:00;2442.6;2453.4;2437.6;2442.7
2017.08.28 00:00;2438.8;2449.4;2436.6;2444.8
2017.08.29 00:00;2431.1;2448.8;2421.3;2447.2
2017.08.30 00:00;2446.8;2459.8;2442.9;2455.9
2017.08.31 00:00;2455.4;2474.1;2455;2470.5
2017.09.01 00:00;2470.3;2479.6;2470;2473.9
2017.09.04 00:00;2463.5;2468.8;2460.7;2468
2017.09.05 00:00;2466.8;2471.3;2445.5;2460.3
2017.09.06 00:00;2459.6;2468.8;2456.5;2464.2
2017.09.07 00:00;2463;2468.5;2457.5;2466.2
2017.09.08 00:00;2466;2467.2;2456.8;2462.2
2017.09.11 00:00;2470.8;2488.6;2469.1;2488.1
2017.09.12 00:00;2487.6;2496.6;2486.6;2496.4
2017.09.13 00:00;2496.8;2496.8;2490.6;2496.3
2017.09.14 00:00;2495.8;2497.6;2489;2495.4
2017.09.15 00:00;2494.8;2501.3;2488.5;2501.3
2017.09.18 00:00;2500.5;2507.3;2499;2504.3
2017.09.19 00:00;2504.6;2507.6;2502.5;2504.8
2017.09.20 00:00;2504.3;2508.6;2495.8;2506.2
2017.09.21 00:00;2505.6;2507.6;2498;2502.1
2017.09.22 00:00;2502.1;2502.4;2493.5;2501.3
2017.09.25 00:00;2499.5;2505.7;2486.5;2499.1
2017.09.26 00:00;2499.4;2502.6;2493.8;2496.1
2017.09.27 00:00;2496.5;2510.7;2494.6;2505.3
2017.09.28 00:00;2504.2;2509.6;2500.5;2509.3
2017.09.29 00:00;2508.4;2519.2;2506.3;2519.1
2017.10.02 00:00;2519;2529.3;2518.8;2529.1
2017.10.03 00:00;2528.8;2534.7;2526.8;2534.5
2017.10.04 00:00;2534.4;2539.3;2530.5;2537.3
2017.10.05 00:00;2536.8;2551.9;2536;2550.3
2017.10.06 00:00;2550.1;2551.2;2543;2546.4
2017.10.09 00:00;2545.8;2551.8;2540.8;2544.8
2017.10.10 00:00;2544.8;2554.8;2544;2550.7
2017.10.11 00:00;2550.1;2554.7;2545.8;2553.9
2017.10.12 00:00;2553.6;2554.8;2547.8;2550.3
2017.10.13 00:00;2549.3;2557;2548.5;2553.9
2017.10.16 00:00;2553.7;2559;2552.1;2557
2017.10.17 00:00;2557;2559;2553.7;2558.2
2017.10.18 00:00;2558;2563.5;2557.7;2562
2017.10.19 00:00;2561.4;2562.6;2543.9;2562.4
2017.10.20 00:00;2562.2;2575.7;2560.9;2575
2017.10.23 00:00;2574.7;2578.4;2563.1;2564
2017.10.24 00:00;2563.9;2571.4;2563.6;2566
2017.10.25 00:00;2565.9;2567.4;2542.8;2560.5
2017.10.26 00:00;2560.6;2566.1;2556.8;2562.9
2017.10.27 00:00;2563.4;2581.9;2558.6;2578.3
2017.10.30 00:00;2576.8;2579.4;2566.6;2569
2017.10.31 00:00;2569.4;2576.4;2568.1;2573.7
2017.11.01 00:00;2574.1;2586.6;2572.5;2574
2017.11.02 00:00;2573.6;2579.6;2563.6;2579.1
2017.11.03 00:00;2578.1;2586.5;2574.9;2582.7
2017.11.06 00:00;2581.9;2590.9;2576.8;2589.7
2017.11.07 00:00;2589.3;2594.7;2581.9;2586.6
2017.11.08 00:00;2584.7;2593.2;2580.9;2591.7
2017.11.09 00:00;2591.6;2595.3;2564.1;2584
2017.11.10 00:00;2582.9;2586.4;2572.1;2579.4
2017.11.13 00:00;2581.5;2585.9;2570.9;2581.4
2017.11.14 00:00;2580.9;2582.8;2565;2578.1
2017.11.15 00:00;2577.5;2577.5;2556.4;2564.7
2017.11.16 00:00;2564.9;2589.7;2562.9;2585.5
2017.11.17 00:00;2583.7;2586.2;2575.2;2576.2
2017.11.20 00:00;2576.8;2584.1;2567.9;2583
2017.11.21 00:00;2582.2;2600.7;2579.7;2596.5
2017.11.22 00:00;2596;2600.2;2593.2;2593.8
2017.11.23 00:00;2593.7;2598.2;2589.7;2597
2017.11.24 00:00;2595.8;2603;2594.7;2601.1
2017.11.27 00:00;2601.6;2605.6;2596.8;2602.9
2017.11.28 00:00;2601.5;2627.3;2597.7;2626
2017.11.29 00:00;2625.8;2634.1;2619.8;2625.4
2017.11.30 00:00;2625.3;2658.2;2622;2641.6
2017.12.01 00:00;2640.8;2650.6;2605.1;2642.6
2017.12.04 00:00;2658.5;2665.2;2633.8;2636.8
2017.12.05 00:00;2636.6;2648.6;2627.3;2627.3
2017.12.06 00:00;2627.9;2634.6;2620;2631
2017.12.07 00:00;2630.4;2641.1;2626.5;2639.6
2017.12.08 00:00;2639.7;2652.3;2637.7;2651.8
2017.12.11 00:00;2652.4;2664.4;2649.3;2663.3
2017.12.12 00:00;2663.1;2670.1;2660.2;2665.4
2017.12.13 00:00;2665.1;2672.2;2656.3;2666.3
2017.12.14 00:00;2665.8;2670.6;2648.8;2649.1
2017.12.15 00:00;2650.5;2680;2649.8;2679.9
2017.12.18 00:00;2679.5;2695.3;2679.5;2692.6
2017.12.19 00:00;2692.8;2695.3;2680;2682.3
2017.12.20 00:00;2682.1;2692.8;2676.8;2679
2017.12.21 00:00;2679.1;2693.4;2678.3;2684.6
2017.12.22 00:00;2684.4;2688.8;2679.8;2683.4
2017.12.26 00:00;2684.4;2686.7;2681.2;2685
2017.12.27 00:00;2685.1;2688.3;2679.1;2682.8
2017.12.28 00:00;2681.7;2686.3;2680.5;2682.9
2017.12.29 00:00;2682.7;2695.6;2665.3;2665.8
2018.01.02 00:00;2672.3;2693.3;2672;2691.3
2018.01.03 00:00;2690.9;2711.9;2689.8;2706.7
2018.01.04 00:00;2708.1;2726.6;2706.3;2722.5
2018.01.05 00:00;2722.9;2740.9;2721.6;2739.9
2018.01.08 00:00;2739.7;2746.1;2734.5;2744.8
2018.01.09 00:00;2744.6;2757.6;2740.6;2747.9
2018.01.10 00:00;2747.4;2749.6;2734.3;2748.4
2018.01.11 00:00;2747.6;2768.3;2745.6;2767.6
2018.01.12 00:00;2766.8;2787.8;2765;2787.2
2018.01.15 00:00;2789.3;2795.4;2788.8;2792.8
2018.01.16 00:00;2792.8;2806.7;2767.4;2781.3
2018.01.17 00:00;2780.8;2807.4;2777.1;2801.9
2018.01.18 00:00;2801.4;2805.9;2791.9;2795
2018.01.19 00:00;2795.2;2813.1;2789.9;2810.9
2018.01.22 00:00;2802.9;2836.2;2800.1;2833.7
2018.01.23 00:00;2833.5;2842.7;2826.9;2836.2
2018.01.24 00:00;2835.1;2853.2;2823.6;2839
2018.01.25 00:00;2837.5;2851.7;2829;2840.4
2018.01.26 00:00;2840.7;2873.9;2839.4;2872.7
2018.01.29 00:00;2871.9;2876.4;2849.6;2850.9
2018.01.30 00:00;2852.2;2855.7;2816.6;2821.2
2018.01.31 00:00;2822.1;2837.9;2811.3;2824.7
2018.02.01 00:00;2828.1;2835.6;2807.8;2822.1
2018.02.02 00:00;2826.4;2829.1;2753.6;2755.6
2018.02.05 00:00;2754.4;2761.1;2594;2613.6
2018.02.06 00:00;2623.4;2698.1;2527.6;2683.1
2018.02.07 00:00;2685.6;2725.1;2658.8;2666.5
2018.02.08 00:00;2665.1;2684.8;2575.5;2592.6
2018.02.09 00:00;2593.1;2636.2;2528.9;2620.1
2018.02.12 00:00;2624.2;2670.4;2618.8;2651.3
2018.02.13 00:00;2651.9;2666.1;2633.5;2661.7
2018.02.14 00:00;2661.7;2700.4;2625.7;2694.9
2018.02.15 00:00;2694.4;2735.6;2687.5;2734
2018.02.16 00:00;2733.8;2753.6;2721.2;2735.3
2018.02.19 00:00;2734.6;2746.5;2718.7;2727.7
2018.02.20 00:00;2728.4;2736.7;2704.9;2714.5
2018.02.21 00:00;2713.8;2746.8;2692.7;2697.3
2018.02.22 00:00;2697;2729.9;2681.1;2713
2018.02.23 00:00;2712.1;2749.3;2709;2745.2
2018.02.26 00:00;2750.8;2785;2741.7;2783.6
2018.02.27 00:00;2783.1;2788.9;2741.3;2745.6
2018.02.28 00:00;2746.4;2760.9;2711.2;2718.3
2018.03.01 00:00;2718.4;2730.2;2657.9;2678.8
2018.03.02 00:00;2678.8;2695.4;2646.6;2689.6
2018.03.05 00:00;2682.7;2727.2;2663.4;2718.5
2018.03.06 00:00;2718.7;2733.9;2709.9;2723.2
2018.03.07 00:00;2691.7;2729.7;2680.9;2721.6
2018.03.08 00:00;2722.4;2739.9;2719.6;2737.9
2018.03.09 00:00;2736.2;2786.6;2729.6;2783.2
2018.03.12 00:00;2784.4;2800.1;2778.6;2782.9
2018.03.13 00:00;2782.4;2802.1;2758.1;2764.3
2018.03.14 00:00;2762.1;2779.1;2743.1;2750.1
2018.03.15 00:00;2750.4;2762.1;2739.8;2752.9
2018.03.16 00:00;2752.9;2760.9;2745.1;2750.3
2018.03.19 00:00;2749.4;2750.6;2692.1;2717.7
2018.03.20 00:00;2716.5;2724.2;2707.9;2718.7
2018.03.21 00:00;2718.7;2738.5;2707.4;2712.7
2018.03.22 00:00;2713.2;2721.4;2636.9;2640.8
2018.03.23 00:00;2640.4;2653.7;2581.1;2591.6
2018.03.26 00:00;2590.4;2657.9;2586.1;2655
2018.03.27 00:00;2654.3;2674.8;2591.2;2606.6
2018.03.28 00:00;2607.5;2628.8;2588.2;2603.5
2018.03.29 00:00;2604.6;2654.8;2596.2;2631.9
2018.04.02 00:00;2628.5;2636.7;2547.2;2578
2018.04.03 00:00;2577.2;2614;2568.7;2608.2
2018.04.04 00:00;2607.2;2645;2554.9;2640.5
2018.04.05 00:00;2642;2667.7;2639.4;2658
2018.04.06 00:00;2657.7;2659.4;2580.1;2600.4
2018.04.09 00:00;2606.5;2649.6;2605;2614.1
2018.04.10 00:00;2613.9;2661.9;2607.9;2650.1
2018.04.11 00:00;2650.6;2656.9;2621.7;2638.2
2018.04.12 00:00;2638.6;2670.9;2635.6;2661.5
2018.04.13 00:00;2658.2;2676.4;2640.9;2655.2
2018.04.16 00:00;2670.5;2683.1;2656.6;2676.4
2018.04.17 00:00;2676.4;2709.9;2674.8;2701.7
2018.04.18 00:00;2700.7;2714.6;2700.1;2706.9
2018.04.19 00:00;2707.4;2709.4;2678.1;2689.4
2018.04.20 00:00;2689.4;2694.4;2656.1;2667.2
2018.04.23 00:00;2678.1;2679.6;2653.8;2668.9
2018.04.24 00:00;2668.9;2685.1;2612.3;2632
2018.04.25 00:00;2631.8;2644.6;2607.7;2642.9
2018.04.26 00:00;2644.6;2674.1;2635.9;2669
2018.04.27 00:00;2670.8;2672.6;2654.3;2668.1
2018.04.30 00:00;2666.9;2678.6;2641.6;2641.6
2018.05.01 00:00;2642.8;2654.3;2619.5;2650.1
2018.05.02 00:00;2652.8;2655.1;2620.8;2622.6
2018.05.03 00:00;2623.1;2632.6;2587.8;2628.7
2018.05.04 00:00;2629;2666;2609;2659.7
2018.05.07 00:00;2659;2678;2658;2665.2
2018.05.08 00:00;2665.3;2671.2;2649.2;2667.5
2018.05.09 00:00;2667;2696.9;2663.4;2693.1
2018.05.10 00:00;2693.9;2721.8;2689.9;2713.4
2018.05.11 00:00;2714.2;2729.6;2713.6;2725.5
2018.05.14 00:00;2728.7;2738.4;2721.8;2726.2
2018.05.15 00:00;2726.7;2728.4;2698.1;2707.1
2018.05.16 00:00;2707.4;2725.3;2702.1;2719.3
2018.05.17 00:00;2719.6;2730.1;2708.8;2717.1
2018.05.18 00:00;2716.3;2724.8;2707.1;2710.6
2018.05.21 00:00;2729.6;2737.4;2722.7;2730.9
2018.05.22 00:00;2730.4;2740;2719.9;2723.5
2018.05.23 00:00;2723.1;2731.2;2702.9;2728.7
2018.05.24 00:00;2728.7;2731.7;2704.2;2725.8
2018.05.25 00:00;2725.5;2736;2712.1;2719.4
2018.05.28 00:00;2727.7;2730.4;2716.9;2721.5
2018.05.29 00:00;2720.7;2722.7;2673.8;2692.1
2018.05.30 00:00;2692.1;2728;2684.6;2722
2018.05.31 00:00;2718.7;2727.2;2698.5;2705.6
2018.06.01 00:00;2706.1;2736;2704.8;2733.8
2018.06.04 00:00;2729.3;2748.5;2728;2745.8
2018.06.05 00:00;2745.3;2752.3;2738.2;2751
2018.06.06 00:00;2750.6;2774;2747.4;2773.2
2018.06.07 00:00;2772.7;2779;2759.5;2772.1
2018.06.08 00:00;2771.1;2779.3;2751.5;2778.7
2018.06.11 00:00;2771.3;2790.1;2770.2;2782.1
2018.06.12 00:00;2780.9;2789.4;2778.1;2788.9
2018.06.13 00:00;2787.9;2791.5;2774.2;2775.2
2018.06.14 00:00;2774.5;2789.5;2767.7;2784.7
2018.06.15 00:00;2781.5;2784.2;2761.5;2777
2018.06.18 00:00;2776.2;2782.6;2757.4;2775
2018.06.19 00:00;2774.8;2776.3;2732;2762.2
2018.06.20 00:00;2761.8;2774.5;2753.4;2767.5
2018.06.21 00:00;2767.5;2781.5;2743.3;2747.2
2018.06.22 00:00;2746.8;2764.5;2745.2;2753.2
2018.06.25 00:00;2753.2;2754.2;2696.9;2718
2018.06.26 00:00;2718.7;2731.5;2711.3;2720.5
2018.06.27 00:00;2723;2744.2;2697.2;2701.2
2018.06.28 00:00;2699.7;2722.7;2689.4;2717.1
2018.06.29 00:00;2716.8;2741.8;2713.3;2717.3
2018.07.02 00:00;2720.1;2724.8;2695;2724
2018.07.03 00:00;2722.8;2737.8;2708.6;2709.9
2018.07.04 00:00;2708.9;2720.7;2707.4;2718.2
2018.07.05 00:00;2718.4;2736.2;2709.1;2734.9
2018.07.06 00:00;2733.2;2763.1;2727.6;2759.6
2018.07.09 00:00;2760.9;2784.6;2760.1;2784.1
2018.07.10 00:00;2783.9;2794.7;2777.6;2782.7
2018.07.11 00:00;2777.7;2784.7;2762.9;2773.4
2018.07.12 00:00;2773.2;2798.2;2770.6;2795.4
2018.07.13 00:00;2795.9;2804.4;2790.4;2801.1
2018.07.16 00:00;2804.2;2805.9;2792.1;2793.7
2018.07.17 00:00;2792.7;2812.7;2786.9;2809.9
2018.07.18 00:00;2810.4;2815.2;2803.9;2811.9
2018.07.19 00:00;2811.4;2814.9;2797.4;2802.6
2018.07.20 00:00;2802.7;2807.7;2790.1;2800.5
2018.07.23 00:00;2803.1;2809.6;2789.8;2808.6
2018.07.24 00:00;2807.9;2828.4;2807.7;2816.2
2018.07.25 00:00;2816.1;2846.6;2811.3;2842.1
2018.07.26 00:00;2832.7;2843.7;2830.6;2838.1
2018.07.27 00:00;2838.2;2844.2;2806.2;2814.5
2018.07.30 00:00;2814.2;2819;2795.8;2802.4
2018.07.31 00:00;2803.2;2825;2800.2;2823.4
2018.08.01 00:00;2821.7;2823;2803.2;2811.5
2018.08.02 00:00;2810.5;2828.5;2788.4;2827.8
2018.08.03 00:00;2827.7;2838.7;2822.2;2838.4
2018.08.06 00:00;2839.5;2850.7;2832.4;2847.2
2018.08.07 00:00;2846.5;2861.3;2845.7;2858.5
2018.08.08 00:00;2857.8;2860;2850.2;2850.8
2018.08.09 00:00;2851;2860.5;2848.3;2850.1
2018.08.10 00:00;2850.2;2850.6;2823.8;2837.1
2018.08.13 00:00;2831.1;2842.1;2818.2;2823.8
2018.08.14 00:00;2824.6;2841.9;2824.1;2840.1
2018.08.15 00:00;2840.1;2841;2801.5;2820.9
2018.08.16 00:00;2820.1;2850.2;2815.6;2842.4
2018.08.17 00:00;2841.7;2855.7;2833.6;2851.7
2018.08.20 00:00;2851.7;2859.5;2848.6;2856.2
2018.08.21 00:00;2856;2872.7;2850.9;2854.2
2018.08.22 00:00;2852.7;2867;2845.2;2860.5
2018.08.23 00:00;2861.2;2868.5;2853.7;2857.2
2018.08.24 00:00;2857;2876.3;2855.2;2875.6
2018.08.27 00:00;2876.8;2898.4;2875.9;2897.7
2018.08.28 00:00;2898.4;2905;2893.4;2899.4
2018.08.29 00:00;2899.7;2916.4;2896.7;2914.2
2018.08.30 00:00;2914.9;2915.4;2894.6;2898.2
2018.08.31 00:00;2897.2;2906.2;2890.9;2905.7
2018.09.03 00:00;2905.4;2911.4;2901.4;2907.7
2018.09.04 00:00;2906.9;2910.9;2885;2899.1
2018.09.05 00:00;2898.3;2899.8;2877;2888.9
2018.09.06 00:00;2887.7;2892.4;2867.4;2878.1
2018.09.07 00:00;2877.1;2884.5;2864.7;2872.5
2018.09.10 00:00;2873.5;2888.1;2873;2879.6
2018.09.11 00:00;2879.9;2892.6;2867.3;2889.9
2018.09.12 00:00;2890.4;2895;2879.3;2887.3
2018.09.13 00:00;2885.9;2906.9;2884.3;2904.4
2018.09.14 00:00;2904.1;2912;2896.6;2905.9
2018.09.17 00:00;2902.6;2905.9;2886.9;2890.9
2018.09.18 00:00;2889.7;2912.4;2878.1;2907.7
2018.09.19 00:00;2908;2913.6;2900.7;2911.3
2018.09.20 00:00;2911.3;2935.6;2908.3;2935.4
2018.09.21 00:00;2934.1;2941.8;2926.9;2927.1
2018.09.24 00:00;2924.6;2925.1;2912.5;2921.6
2018.09.25 00:00;2921.3;2929.1;2913.3;2917.4
2018.09.26 00:00;2917.3;2930.8;2902.8;2906.3
2018.09.27 00:00;2906.8;2927;2902.5;2916.9
2018.09.28 00:00;2917.7;2920.5;2903.1;2916.9
2018.10.01 00:00;2919.1;2937.1;2917.9;2924.1
2018.10.02 00:00;2924.6;2931.2;2912.8;2925.1
2018.10.03 00:00;2924.1;2940;2920.4;2921.5
2018.10.04 00:00;2921.1;2921.2;2883.2;2905.6
2018.10.05 00:00;2905;2911;2868.6;2890.4
2018.10.08 00:00;2893;2893.6;2861.4;2887.5
2018.10.09 00:00;2887.7;2895.6;2870.1;2883.3
2018.10.10 00:00;2882.9;2887.1;2767.5;2768.9
2018.10.11 00:00;2771.4;2794.6;2708.4;2748.3
2018.10.12 00:00;2744.3;2780.8;2728.3;2768.5
2018.10.15 00:00;2765.1;2774.5;2741.3;2743.3
2018.10.16 00:00;2743.3;2814.4;2741.5;2812
2018.10.17 00:00;2811.7;2820.4;2779.1;2812.6
2018.10.18 00:00;2810.4;2810.7;2752.6;2770.9
2018.10.19 00:00;2771.3;2796.3;2758.6;2763.8
2018.10.22 00:00;2753.6;2778.1;2745.8;2752.9
2018.10.23 00:00;2752.1;2753.6;2688.3;2741.1
2018.10.24 00:00;2741.5;2746.1;2648.6;2670.6
2018.10.25 00:00;2670.1;2720;2655.1;2678
2018.10.26 00:00;2674;2688.8;2623.7;2658.7
2018.10.29 00:00;2663.8;2703.2;2599.4;2635.8
2018.10.30 00:00;2635.7;2686.5;2629.7;2685.5
2018.10.31 00:00;2686;2733.6;2678.2;2701.9
2018.11.01 00:00;2702.9;2737.8;2702;2727.8
2018.11.02 00:00;2720.8;2762.6;2696;2719
2018.11.05 00:00;2717.9;2740.5;2709.3;2736.5
2018.11.06 00:00;2735.8;2757.5;2726.2;2755.3
2018.11.07 00:00;2753.3;2814.4;2741.5;2813.8
2018.11.08 00:00;2812.6;2814.9;2791.8;2802.7
2018.11.09 00:00;2801.1;2808;2761.6;2775.7
2018.11.12 00:00;2774.9;2792.3;2719.7;2727.6
2018.11.13 00:00;2728.7;2753.2;2712.1;2726.3
2018.11.14 00:00;2728;2745.7;2683.9;2699.1
2018.11.15 00:00;2697.1;2734.4;2668.9;2730.6
2018.11.16 00:00;2727.6;2746.8;2706.4;2739.8
2018.11.19 00:00;2731.1;2746.1;2679.8;2695.5
2018.11.20 00:00;2694.2;2694.7;2629.9;2635.3
2018.11.21 00:00;2636.6;2669.4;2630.4;2647.3
2018.11.22 00:00;2648.3;2654.4;2625.1;2631
2018.11.23 00:00;2633.1;2645.6;2624.2;2627.6
2018.11.26 00:00;2630.2;2674.2;2629.7;2659.4
2018.11.27 00:00;2659.1;2684.9;2653.6;2684.2
2018.11.28 00:00;2685.2;2743.1;2679.3;2739.5
2018.11.29 00:00;2735.5;2752.9;2721.8;2740.3
2018.11.30 00:00;2739.8;2763.3;2727.5;2762.3
2018.12.03 00:00;2794.8;2812.4;2772.3;2788.9
2018.12.04 00:00;2787.9;2788.6;2694.7;2700.1
2018.12.05 00:00;2698.9;2719.4;2696.8;2716.5
2018.12.06 00:00;2711.6;2711.6;2620.2;2693.7
2018.12.07 00:00;2694;2708.8;2622.5;2636.5
2018.12.10 00:00;2626.8;2647.6;2582.1;2640.4
2018.12.11 00:00;2641.9;2677.1;2620.6;2630.7
2018.12.12 00:00;2632.1;2685.6;2632.1;2648.9
2018.12.13 00:00;2652.6;2670.1;2636.4;2643.6
2018.12.14 00:00;2645.7;2647.9;2593.6;2596.1
2018.12.17 00:00;2593.2;2612.9;2530.3;2553.7
2018.12.18 00:00;2553.5;2574.5;2527.8;2530.3
2018.12.19 00:00;2531.6;2586.7;2488.1;2500.9
2018.12.20 00:00;2504.1;2516.3;2442.6;2486.3
2018.12.21 00:00;2484.5;2506.2;2407.9;2419.6
2018.12.24 00:00;2404.2;2432.8;2339;2340.6
2018.12.26 00:00;2347;2476.1;2315.3;2466
2018.12.27 00:00;2469.2;2496.8;2395.8;2487.5
2018.12.28 00:00;2490.2;2520.5;2471.3;2486.1
2018.12.31 00:00;2500.3;2511.2;2481.3;2506.8
2019.01.02 00:00;2505.2;2519.4;2451;2490.1
2019.01.03 00:00;2477.9;2491.8;2441.9;2449.8
2019.01.04 00:00;2448.3;2537.8;2436.9;2528.3
2019.01.07 00:00;2533.2;2565.8;2522.4;2551.9
2019.01.08 00:00;2552.6;2579.7;2546.2;2570
2019.01.09 00:00;2567.5;2595.4;2567.5;2580
2019.01.10 00:00;2578.2;2598.1;2559.2;2593.6
2019.01.11 00:00;2592.4;2596.4;2575.8;2594.1
2019.01.14 00:00;2589.9;2589.9;2566.1;2580.6
2019.01.15 00:00;2579.9;2612.4;2578.8;2604.9
2019.01.16 00:00;2603.8;2625.1;2601.4;2614.2
2019.01.17 00:00;2613.7;2644.1;2595.1;2636.9
2019.01.18 00:00;2635.1;2676.2;2631.6;2675.5
2019.01.21 00:00;2671.5;2671.7;2654.6;2662.1
2019.01.22 00:00;2662.1;2664.9;2615.5;2632.4
2019.01.23 00:00;2629.7;2652.5;2611.7;2636.7
2019.01.24 00:00;2635;2646.1;2624.9;2635.7
2019.01.25 00:00;2635.1;2671.1;2633.4;2664.5
2019.01.28 00:00;2660.3;2662.2;2621.1;2640.2
2019.01.29 00:00;2638.7;2648.6;2627.2;2645.3
2019.01.30 00:00;2648.2;2688.5;2635.2;2682.5
2019.01.31 00:00;2681;2711.7;2674.7;2710.8
2019.02.01 00:00;2707;2714.6;2694.2;2703.5
2019.02.04 00:00;2697.7;2723.8;2695.7;2719.7
2019.02.05 00:00;2718.5;2736.6;2715.3;2730.9
2019.02.06 00:00;2730.1;2735.3;2721.3;2727.1
2019.02.07 00:00;2725.6;2728.1;2684.5;2702.1
2019.02.08 00:00;2700.8;2707.9;2679.9;2707.2
2019.02.11 00:00;2710.2;2720.7;2699.6;2707.5
2019.02.12 00:00;2706.6;2747;2704.9;2744.3
2019.02.13 00:00;2743;2760.8;2742;2748.8
2019.02.14 00:00;2748.8;2762;2729.5;2741
2019.02.15 00:00;2739.6;2777.6;2728;2776.7
2019.02.18 00:00;2780.2;2780.8;2772.6;2777.2
2019.02.19 00:00;2775.7;2786.5;2765.3;2777.3
2019.02.20 00:00;2776.2;2789.9;2772.6;2786.1
2019.02.21 00:00;2785.4;2797.1;2763.4;2773.7
2019.02.22 00:00;2772.3;2794.7;2770;2794.7
2019.02.25 00:00;2798.5;2813.2;2793.9;2794.6
2019.02.26 00:00;2795;2802.8;2782.7;2789
2019.02.27 00:00;2787.2;2796.3;2774.5;2795.9
2019.02.28 00:00;2794.7;2795.2;2781.3;2786.6
2019.03.01 00:00;2784.8;2807.7;2782.5;2805.9
2019.03.04 00:00;2813;2819.2;2766.8;2790.6
2019.03.05 00:00;2789.8;2798.3;2782.9;2788.2
2019.03.06 00:00;2785.7;2792;2767.9;2770.7
2019.03.07 00:00;2769.6;2775.7;2738.1;2749.5
2019.03.08 00:00;2748;2750.9;2721.6;2748.2
2019.03.11 00:00;2742.6;2786.8;2736.7;2785.6
2019.03.12 00:00;2784.8;2797.9;2780.2;2794
2019.03.13 00:00;2792.7;2821.2;2782.8;2815.6
2019.03.14 00:00;2815.4;2820;2803.4;2808
2019.03.15 00:00;2808.2;2831.5;2807.4;2825.3
2019.03.18 00:00;2823.5;2837.4;2819.3;2836.6
2019.03.19 00:00;2837.2;2853.9;2824.1;2832.8
2019.03.20 00:00;2832.4;2844.5;2812.7;2819
2019.03.21 00:00;2819.1;2861.1;2809.3;2855.5
2019.03.22 00:00;2854.4;2860;2800.7;2802
2019.03.25 00:00;2809.7;2813.7;2785;2804.1
2019.03.26 00:00;2803.7;2830.4;2801.5;2819.7
2019.03.27 00:00;2818.7;2827.2;2787.4;2803.2
2019.03.28 00:00;2802.2;2819.7;2790.6;2817.7
2019.03.29 00:00;2817.3;2836.5;2816;2835.3
2019.04.01 00:00;2841.7;2869;2841.4;2866.6
2019.04.02 00:00;2864.3;2869.4;2858.1;2862.2
2019.04.03 00:00;2862.2;2885;2861.1;2875.6
2019.04.04 00:00;2876.7;2881.5;2866.9;2878.7
2019.04.05 00:00;2878.2;2893.9;2876.4;2893.5
2019.04.08 00:00;2893.6;2895.7;2880.4;2894.7
2019.04.09 00:00;2894.5;2895.9;2873.4;2878.5
2019.04.10 00:00;2878.3;2892;2874.1;2891.8
2019.04.11 00:00;2891.3;2896;2881.7;2888.6
2019.04.12 00:00;2888.3;2911;2887.2;2908.2
2019.04.15 00:00;2909.3;2910.7;2897;2906.9
2019.04.16 00:00;2907.1;2917.6;2901;2907.4
2019.04.17 00:00;2906.9;2919.8;2895;2896.9
2019.04.18 00:00;2898.1;2908.3;2886;2907.1
2019.04.22 00:00;2904.5;2912.1;2895.5;2909.9
2019.04.23 00:00;2908.9;2936.3;2904.7;2934.6
2019.04.24 00:00;2934.6;2936.1;2924.5;2925.3
2019.04.25 00:00;2926.4;2932.3;2911.1;2920.2
2019.04.26 00:00;2919.7;2939.4;2914.3;2935.9
2019.04.29 00:00;2936.8;2948.4;2934.6;2939.7
2019.04.30 00:00;2939.6;2953.1;2922.8;2951.9
2019.05.01 00:00;2951.6;2957.9;2913.3;2914.5
2019.05.02 00:00;2913.9;2929.4;2897.8;2915.6
2019.05.03 00:00;2915.2;2946.4;2913.1;2946.2
2019.05.06 00:00;2903.8;2935.3;2880.6;2927.5
2019.05.07 00:00;2910;2927.6;2859.7;2887.2
2019.05.08 00:00;2887;2896.3;2865.9;2881.7
2019.05.09 00:00;2881.3;2882.5;2833.6;2869.4
2019.05.10 00:00;2867.8;2890.2;2823.4;2884.4
2019.05.13 00:00;2858.2;2866.5;2799.8;2805.4
2019.05.14 00:00;2806;2851.3;2797.3;2837.9
2019.05.15 00:00;2838.1;2857.6;2812.8;2852.5
2019.05.16 00:00;2851.2;2891.9;2838.2;2877.6
2019.05.17 00:00;2877.3;2885.6;2850.5;2859.6
2019.05.20 00:00;2860.8;2875;2830.9;2845.9
2019.05.21 00:00;2847.5;2868.9;2844.8;2863.4
2019.05.22 00:00;2863.4;2868.1;2846.8;2855.5
2019.05.23 00:00;2856.1;2856.8;2804.1;2818.9
2019.05.24 00:00;2820.6;2840.4;2817.9;2829.6
2019.05.27 00:00;2830.3;2837.4;2824.9;2830.5
2019.05.28 00:00;2829.7;2839.9;2799.3;2803.7
2019.05.29 00:00;2802.5;2804.8;2765.1;2779.6
2019.05.30 00:00;2779.1;2797.6;2775.5;2789.1
2019.05.31 00:00;2788.1;2789.8;2749.3;2751.7
2019.06.03 00:00;2742.6;2762.9;2728.1;2752.4
2019.06.04 00:00;2754;2805.5;2743.3;2805.2
2019.06.05 00:00;2805.9;2828.7;2800.4;2828.4
2019.06.06 00:00;2819.4;2852.5;2812.2;2839
2019.06.07 00:00;2838.5;2885.7;2837.4;2877.2
2019.06.10 00:00;2893.8;2905.4;2880.1;2889.4
2019.06.11 00:00;2890.1;2911.1;2879.1;2887.4
2019.06.12 00:00;2885.7;2890.6;2875.1;2881.6
2019.06.13 00:00;2881.7;2896;2867;2895.1
2019.06.14 00:00;2892.8;2898.4;2880.1;2891.6
2019.06.17 00:00;2891.1;2900.4;2887.6;2892.9
2019.06.18 00:00;2893.4;2931.4;2884.3;2921.2
2019.06.19 00:00;2919.5;2931.6;2910.2;2926.5
2019.06.20 00:00;2925.9;2959.2;2925.4;2952.7
2019.06.21 00:00;2952.2;2964.2;2942.7;2943.5
2019.06.24 00:00;2944.2;2956.6;2943.9;2946.7
2019.06.25 00:00;2946.9;2953.2;2915.3;2917.9
2019.06.26 00:00;2917.4;2933.9;2909.4;2910.2
2019.06.27 00:00;2910.9;2930.7;2910.1;2927.9
2019.06.28 00:00;2929.2;2950.3;2925.1;2949
2019.07.01 00:00;2964.9;2976.8;2950.8;2963.6
2019.07.02 00:00;2964;2975.1;2953.8;2974.4
2019.07.03 00:00;2974.6;2996.1;2969.1;2995.3
2019.07.04 00:00;2997.4;2999.2;2992.6;2997.9
2019.07.05 00:00;2997.9;2999.7;2966.9;2987.5
2019.07.08 00:00;2988.7;2989.7;2968.9;2973.7
2019.07.09 00:00;2973.1;2981.7;2959.1;2978
2019.07.10 00:00;2976.7;3003.3;2966.9;2992.2
2019.07.11 00:00;2992.4;3002.5;2988.2;2999.8
2019.07.12 00:00;2998.8;3013.7;2998.2;3010.3
2019.07.15 00:00;3010.6;3019.5;3006.8;3013.4
2019.07.16 00:00;3013.1;3017.6;3000.3;3002
2019.07.17 00:00;3002;3008.8;2976.5;2977.3
2019.07.18 00:00;2976.9;3001.4;2970.5;2999.7
2019.07.19 00:00;3000.4;3005.7;2965.6;2966.9
2019.07.22 00:00;2970.4;2989.4;2968.6;2985.7
2019.07.23 00:00;2985.5;3004.5;2983.7;2999.3
2019.07.24 00:00;2998.8;3018.3;2992.2;3014.4
2019.07.25 00:00;3014.1;3023.9;2994.3;3002.1
2019.07.26 00:00;3003.9;3025.6;3002.3;3019.2
2019.07.29 00:00;3020;3023.6;3011.6;3019.1
2019.07.30 00:00;3018.9;3023.6;2997.7;3010.9
2019.07.31 00:00;3012.4;3016.9;2954.4;2970.7
2019.08.01 00:00;2967.3;3010.5;2940.8;2945.7
2019.08.02 00:00;2947.7;2957.2;2909.7;2930.9
2019.08.05 00:00;2923.4;2930;2817.2;2821.5
2019.08.06 00:00;2814.1;2880.3;2772.4;2871.9
2019.08.07 00:00;2871.5;2887.8;2819.6;2876.6
2019.08.08 00:00;2875.4;2937.2;2867.1;2935
2019.08.09 00:00;2926.6;2932.2;2896;2920.3
2019.08.12 00:00;2919.1;2927.8;2869.8;2879.6
2019.08.13 00:00;2879.4;2941.5;2863.8;2928.9
2019.08.14 00:00;2927.5;2933.7;2833.3;2833.3
2019.08.15 00:00;2832.8;2868.5;2815.2;2849.3
2019.08.16 00:00;2848.8;2892.6;2847.2;2889.5
2019.08.19 00:00;2894.9;2930.1;2893.3;2920
2019.08.20 00:00;2919.1;2930.1;2892.4;2893.9
2019.08.21 00:00;2891.4;2930.7;2891.3;2930.2
2019.08.22 00:00;2929;2937.7;2902.4;2918.5
2019.08.23 00:00;2918.7;2934.7;2832.2;2849.3
2019.08.26 00:00;2826.3;2886.5;2808.2;2880.5
2019.08.27 00:00;2881.2;2897.6;2858.7;2865.2
2019.08.28 00:00;2864.1;2888.7;2850.2;2881.8
2019.08.29 00:00;2882.7;2929;2873.7;2922.5
2019.08.30 00:00;2920.1;2945;2911.6;2921.9
2019.09.02 00:00;2892.3;2924.8;2887.7;2899.1
2019.09.03 00:00;2898.3;2914;2889.7;2903.8
2019.09.04 00:00;2901.8;2938.1;2900.5;2936.9
2019.09.05 00:00;2936.6;2985.4;2935.3;2969.3
2019.09.06 00:00;2970.5;2987;2969.9;2982.1
2019.09.09 00:00;2981.8;2990.9;2968.8;2978.8
2019.09.10 00:00;2979.1;2984.1;2956.6;2978.6
2019.09.11 00:00;2978.1;3003.4;2971.3;3001.8
2019.09.12 00:00;3001.8;3021;3000.4;3007.6
2019.09.13 00:00;3011.6;3023.2;3003.2;3006.7
2019.09.16 00:00;2986;3002.9;2981;3001.1
2019.09.17 00:00;3002.9;3006.1;2991.1;3005.6
2019.09.18 00:00;3005.6;3009.6;2978.2;3007.1
2019.09.19 00:00;3007.9;3021.6;2988.6;3005.4
2019.09.20 00:00;3004.2;3015.1;2982.3;2986.6
2019.09.23 00:00;2998.3;3005.3;2979.3;2998.5
2019.09.24 00:00;2999.9;3009.5;2955.8;2969.2
2019.09.25 00:00;2968.4;2989;2951.1;2983.5
2019.09.26 00:00;2983.2;2992.5;2961.7;2976.9
2019.09.27 00:00;2977.5;2990.1;2943.5;2965.8
2019.09.30 00:00;2975.4;2983.8;2962.2;2982.6
2019.10.01 00:00;2981.7;2991.7;2934.5;2939.6
2019.10.02 00:00;2939.3;2946.3;2871.5;2881.7
2019.10.03 00:00;2881.9;2909.9;2852.6;2909.2
2019.10.04 00:00;2908.1;2950.8;2895.2;2948.3
2019.10.07 00:00;2928.8;2956.9;2928.1;2933.8
2019.10.08 00:00;2932.8;2947.5;2888.2;2891
2019.10.09 00:00;2891.8;2927.1;2885.7;2918.6
2019.10.10 00:00;2918.9;2951.6;2879.5;2947.8
2019.10.11 00:00;2948.1;2991.6;2939.6;2968.5
2019.10.14 00:00;2966.5;2980.2;2951.7;2963.9
2019.10.15 00:00;2965.6;3000.8;2964.4;2994.5
2019.10.16 00:00;2993.9;2995.5;2982.7;2990
2019.10.17 00:00;2990.5;3005.7;2983.2;2996.3
2019.10.18 00:00;2995.7;2999;2973;2987.4
2019.10.21 00:00;2983.5;3005.6;2981.8;3004.3
2019.10.22 00:00;3004.8;3011.8;2986.3;2988.3
2019.10.23 00:00;2989.1;3003.8;2980;3003.8
2019.10.24 00:00;3005.8;3013.2;2996.8;3000.4
2019.10.25 00:00;3001.2;3024.4;2998.1;3018
2019.10.28 00:00;3022.2;3040.7;3020.7;3034.8
2019.10.29 00:00;3035.6;3044.2;3027.6;3034.1
2019.10.30 00:00;3034.8;3052.9;3021.5;3047.9
2019.10.31 00:00;3049.6;3049.6;3018.1;3033.7
2019.11.01 00:00;3033.7;3063;3031.1;3061.5
2019.11.04 00:00;3064;3081.8;3063;3074.5
2019.11.05 00:00;3075.5;3083.6;3068;3070
2019.11.06 00:00;3070;3076.1;3061.5;3075.6
2019.11.07 00:00;3075.9;3095.1;3068.6;3084.1
2019.11.08 00:00;3084.7;3090.7;3070.9;3090.2
2019.11.11 00:00;3089.5;3090.4;3072.9;3085.9
2019.11.12 00:00;3086.3;3100.3;3079.8;3088.9
2019.11.13 00:00;3089.9;3095.3;3074.4;3094.5
2019.11.14 00:00;3094.7;3098.2;3080.5;3096.2
2019.11.15 00:00;3094.8;3118.1;3094.5;3117.8
2019.11.18 00:00;3116.6;3126.6;3110.1;3120.8
2019.11.19 00:00;3120;3131.1;3111.6;3115.7
2019.11.20 00:00;3114.5;3117.4;3089.7;3107.6
2019.11.21 00:00;3093.6;3113.3;3090;3103
2019.11.22 00:00;3102.3;3113.6;3096.8;3110.8
2019.11.25 00:00;3117.8;3132.2;3115.5;3130.6
2019.11.26 00:00;3130.1;3143.8;3127;3143.2
2019.11.27 00:00;3142.7;3153.8;3140.9;3153.4
2019.11.28 00:00;3153.7;3153.7;3140.1;3149.2
2019.11.29 00:00;3149.9;3150.7;3138.7;3142.8
2019.12.02 00:00;3146.5;3156.9;3109.3;3111.9
2019.12.03 00:00;3113.9;3121;3068.8;3090.9
2019.12.04 00:00;3091.1;3118.6;3081.1;3110.1
2019.12.05 00:00;3110.4;3123.9;3102.6;3117
2019.12.06 00:00;3116.9;3150.2;3116.3;3145.8
2019.12.09 00:00;3147.3;3149.2;3131.2;3132.5
2019.12.10 00:00;3133.3;3142.8;3116.3;3136.8
2019.12.11 00:00;3135.4;3144.4;3129.8;3144.2
2019.12.12 00:00;3143.9;3176.9;3137.1;3169.1
2019.12.13 00:00;3175;3184.5;3156.2;3171.7
2019.12.16 00:00;3175.6;3198.4;3173.6;3193.4
2019.12.17 00:00;3192.5;3199;3187.8;3190
2019.12.18 00:00;3193;3202.7;3192.2;3199.2
2019.12.19 00:00;3199.9;3213.7;3194.4;3212.7
2019.12.20 00:00;3212.2;3229;3208.2;3224.2
2019.12.23 00:00;3225.6;3234.3;3224.8;3228.1
2019.12.24 00:00;3228.6;3231.1;3222.6;3225.9
2019.12.26 00:00;3227.3;3244.6;3226.8;3242.1
2019.12.27 00:00;3241.6;3253.6;3235.4;3236
2019.12.30 00:00;3239.3;3244.4;3217.4;3223.4
2019.12.31 00:00;3222.9;3236.2;3213.4;3236.2
2020.01.02 00:00;3237.1;3261.6;3234.8;3261.5
2020.01.03 00:00;3261.3;3263.1;3207;3235.3
2020.01.06 00:00;3219.9;3250.3;3209.6;3243.6
2020.01.07 00:00;3242.9;3254.9;3226.7;3233.4
2020.01.08 00:00;3232;3268;3181.7;3260.7
2020.01.09 00:00;3260.3;3276.8;3258;3275.3
2020.01.10 00:00;3276.8;3287.8;3261.8;3264.6
2020.01.13 00:00;3267.7;3292.2;3267.7;3290.7
2020.01.14 00:00;3290.9;3297.6;3276.6;3288.8
2020.01.15 00:00;3288.6;3300.3;3279.1;3294.9
2020.01.16 00:00;3296.2;3319.2;3295.9;3318.7
2020.01.17 00:00;3318.8;3331.5;3317.5;3325
2020.01.20 00:00;3326;3330.3;3320.5;3327.3
2020.01.21 00:00;3327.5;3332;3309.7;3321.7
2020.01.22 00:00;3323.7;3339.5;3317.7;3319.5
2020.01.23 00:00;3318.3;3329.2;3303.9;3328.7
2020.01.24 00:00;3328.5;3339.1;3283;3293.3
2020.01.27 00:00;3268.7;3271.9;3236.1;3244.6
2020.01.28 00:00;3242.5;3288;3242.5;3285.7
2020.01.29 00:00;3285.8;3295.7;3268.7;3274
2020.01.30 00:00;3273.6;3297.9;3242.9;3297.1
2020.01.31 00:00;3294.5;3300.3;3215.9;3230.9
2020.02.03 00:00;3229.8;3269.9;3227.6;3248.1
2020.02.04 00:00;3244.7;3308;3239.2;3303
2020.02.05 00:00;3301.5;3340.5;3291.2;3338.5
2020.02.06 00:00;3340.5;3359.8;3334.8;3350.3
2020.02.07 00:00;3350.5;3351.5;3322.5;3324.8
2020.02.10 00:00;3323.9;3355.1;3305.6;3354.1
2020.02.11 00:00;3352.8;3376.3;3351.5;3361.2
2020.02.12 00:00;3362;3383.2;3357.9;3382.9
2020.02.13 00:00;3381.9;3385.5;3349.7;3379.5
2020.02.14 00:00;3379.2;3389;3366.1;3382.9
2020.02.17 00:00;3384.7;3393.6;3383.8;3389.6
2020.02.18 00:00;3378.5;3379.8;3356.3;3372.3
2020.02.19 00:00;3372.1;3394.3;3372.1;3388.6
2020.02.20 00:00;3390.8;3397.9;3340.1;3368.3
2020.02.21 00:00;3367.9;3369.7;3329.2;3338.9
2020.02.24 00:00;3309.2;3312.5;3214.8;3229
2020.02.25 00:00;3222.3;3260.5;3118.8;3139.3
2020.02.26 00:00;3141.3;3183.3;3092.5;3101.3
2020.02.27 00:00;3102.1;3117.9;2947.9;2947.9
2020.02.28 00:00;2947;2996.5;2854.3;2989.2
2020.03.02 00:00;2912;3094.5;2891;3072
2020.03.03 00:00;3077.2;3138;2974.9;2992
2020.03.04 00:00;2993.4;3130.2;2978.1;3111.4
2020.03.05 00:00;3110.7;3115.2;2998.3;3024.4
2020.03.06 00:00;3023.5;3038;2899.5;2964.2
2020.03.09 00:00;2902.8;2902.8;2716.6;2735.5
2020.03.10 00:00;2734.4;2886;2696.8;2876.9
2020.03.11 00:00;2866.5;2870.7;2704.3;2743
2020.03.12 00:00;2742.3;2774.8;2444;2450.5
2020.03.13 00:00;2441.6;2707.1;2394.1;2662.5
2020.03.16 00:00;2639.8;2650.6;2361.4;2418.1
2020.03.17 00:00;2408;2554.4;2365.3;2490.3
2020.03.18 00:00;2476.8;2494;2270.8;2413.5
2020.03.19 00:00;2410.2;2467.7;2283;2363.7
2020.03.20 00:00;2361;2505.8;2267;2274.3
2020.03.23 00:00;2224;2391.9;2177.4;2222.7
2020.03.24 00:00;2254.2;2454.2;2243.7;2448.2
2020.03.25 00:00;2446.1;2566.7;2393.6;2474.1
2020.03.26 00:00;2477.8;2632.4;2409.3;2624.3
2020.03.27 00:00;2629.8;2638.5;2512.3;2525.4
2020.03.30 00:00;2471.7;2626.7;2464.3;2619
2020.03.31 00:00;2616.9;2640.9;2561.1;2568.9
2020.04.01 00:00;2564.2;2566.7;2439.8;2463.2
2020.04.02 00:00;2465;2530.4;2430.3;2521.3
2020.04.03 00:00;2519.2;2534.6;2454.8;2485.5
2020.04.06 00:00;2504.5;2674;2504.5;2653
2020.04.07 00:00;2650.5;2753;2629;2642
2020.04.08 00:00;2641.2;2757;2625.9;2742.9
2020.04.09 00:00;2740.5;2814.1;2706.5;2789.3
2020.04.13 00:00;2811.5;2812.2;2716.7;2764
2020.04.14 00:00;2766.6;2849.6;2757.8;2849.3
2020.04.15 00:00;2849.8;2850.1;2756.7;2773.3
2020.04.16 00:00;2775.2;2834.7;2753;2833.2
2020.04.17 00:00;2867.1;2890.4;2826.7;2873.7
2020.04.20 00:00;2863.6;2880.8;2810.8;2818
2020.04.21 00:00;2814.7;2838.6;2723.2;2735.2
2020.04.22 00:00;2742.8;2813.1;2724.1;2796.1
2020.04.23 00:00;2797.6;2842.5;2778.9;2789.7
2020.04.24 00:00;2781.3;2840.9;2761.3;2834.6
2020.04.27 00:00;2844.6;2887.7;2819.8;2875.1
2020.04.28 00:00;2874.5;2920.3;2858;2867
2020.04.29 00:00;2876;2965.6;2868;2965.6
2020.04.30 00:00;2962;2972.2;2885.7;2891
2020.05.01 00:00;2875.5;2887.3;2819.8;2826.8
2020.05.04 00:00;2793.5;2843.5;2778.9;2835.7
2020.05.05 00:00;2834.6;2897.4;2832.6;2866.9
2020.05.06 00:00;2863;2894;2840.1;2842.8
2020.05.07 00:00;2842.3;2901.7;2830.1;2889.9
2020.05.08 00:00;2887.9;2939.1;2886.3;2936.6
2020.05.11 00:00;2925.4;2953.2;2896.4;2925.4
2020.05.12 00:00;2926.5;2945.6;2844.2;2845
2020.05.13 00:00;2841.1;2882.4;2792.4;2824.1
2020.05.14 00:00;2827.9;2859.2;2765.7;2853.2
2020.05.15 00:00;2849.2;2868.2;2814.9;2859.4
2020.05.18 00:00;2858.2;2969.1;2855.4;2950.2
2020.05.19 00:00;2947.2;2980.7;2918.9;2922.2
2020.05.20 00:00;2916.7;2980;2912.9;2975.9
2020.05.21 00:00;2975.8;2977.3;2937.8;2940.5
2020.05.22 00:00;2939.6;2960.9;2907.8;2960.3
2020.05.25 00:00;2955.7;2993.7;2953.9;2993
2020.05.26 00:00;2992.1;3023.4;2984.6;2997.9
2020.05.27 00:00;2996.8;3043.1;2969.5;3040.8
2020.05.28 00:00;3037;3068.6;3023.1;3041.5
2020.05.29 00:00;3040.1;3060.9;2998.1;3060.1
2020.06.01 00:00;3036;3061.6;3011;3056.5
2020.06.02 00:00;3056.2;3081.5;3037.9;3081.2
2020.06.03 00:00;3081.7;3131.6;3076.9;3119.9
