2003.03.23 00:00;882.7;883.2;857.6;863.9
2003.03.30 00:00;864.8;890;843.3;879.8
2003.04.06 00:00;891.2;905.8;862.9;869.6
2003.04.13 00:00;869.6;904.4;866.8;893.1
2003.04.20 00:00;895;920.2;886.2;899.2
2003.04.27 00:00;898.1;930.9;896.6;928.3
2003.05.04 00:00;928.3;940;919.5;933.2
2003.05.11 00:00;934.7;949.1;929.4;944.4
2003.05.18 00:00;940.8;940.8;912.3;933
2003.05.25 00:00;933.7;965.9;927.4;965.4
2003.06.01 00:00;968.6;1008.8;963.8;988
2003.06.08 00:00;988;1004.6;972.5;989.9
2003.06.15 00:00;987.6;1016.8;986.6;993
2003.06.22 00:00;991.7;994.4;972.4;974.6
2003.06.29 00:00;978.3;995.7;961.7;983.7
2003.07.06 00:00;985.2;1011.4;983.3;999.3
2003.07.13 00:00;998.5;1016.1;978;991.9
2003.07.20 00:00;992.4;999.3;974.6;998.1
2003.07.27 00:00;999;1005;977.9;980.4
2003.08.03 00:00;980.1;985.9;959.1;978.5
2003.08.10 00:00;978.8;994.2;973.5;991.2
2003.08.17 00:00;990.6;1012.8;990.4;993
2003.08.24 00:00;992.2;1009.6;983;1008.4
2003.08.31 00:00;1008.6;1030.1;1004.8;1023
2003.09.07 00:00;1022;1035;1007.1;1019.1
2003.09.14 00:00;1019.1;1041.8;1013.6;1034.7
2003.09.21 00:00;1033.7;1033.7;995.8;996.8
2003.09.28 00:00;997;1039.7;989.4;1030.2
2003.10.05 00:00;1028.6;1048.8;1025.8;1042.5
2003.10.12 00:00;1042;1057;1036.1;1039.1
2003.10.19 00:00;1038.8;1050.8;1017.5;1031
2003.10.26 00:00;1029.4;1055.6;1028.4;1048.8
2003.11.02 00:00;1048.3;1065.5;1044.2;1051.7
2003.11.09 00:00;1052.1;1064.8;1042.3;1049.5
2003.11.16 00:00;1048.5;1049.2;1030.9;1037.4
2003.11.23 00:00;1036.3;1060.7;1035.8;1059.5
2003.11.30 00:00;1059.4;1074.6;1056.2;1062.1
2003.12.07 00:00;1061.3;1075.2;1053.2;1074.4
2003.12.14 00:00;1087.4;1093;1067.3;1088.2
2003.12.21 00:00;1085.2;1099.6;1083.2;1096.3
2003.12.28 00:00;1096;1120.4;1095.5;1111.1
2004.01.04 00:00;1111;1133.2;1111;1122.4
2004.01.11 00:00;1121.6;1141;1115.8;1140.5
2004.01.18 00:00;1139.7;1151.1;1134.6;1141.5
2004.01.25 00:00;1141.7;1156.7;1122.3;1132.3
2004.02.01 00:00;1132;1143.7;1123.8;1140.8
2004.02.08 00:00;1140.5;1159.9;1138.7;1146.8
2004.02.15 00:00;1146.5;1159.7;1138.6;1144.4
2004.02.22 00:00;1144.8;1152.7;1134;1145.4
2004.02.29 00:00;1144.8;1164.2;1143.8;1158.4
2004.03.07 00:00;1158.4;1160.3;1102.5;1119.7
2004.03.14 00:00;1117.6;1128;1102.6;1109.5
2004.03.21 00:00;1109.7;1116.1;1086.8;1108.5
2004.03.28 00:00;1108;1147;1108;1144.2
2004.04.04 00:00;1143.1;1155.3;1134.8;1141.5
2004.04.11 00:00;1140.7;1151.7;1120.6;1134.8
2004.04.18 00:00;1134;1143.4;1114.7;1140.7
2004.04.25 00:00;1139.6;1147.6;1104.9;1106.2
2004.05.02 00:00;1106.1;1128.6;1095.8;1096
2004.05.09 00:00;1096;1103.4;1076.1;1094.6
2004.05.16 00:00;1094.8;1106.5;1079;1093.2
2004.05.23 00:00;1093.4;1125;1090.6;1123.8
2004.05.30 00:00;1121.7;1129.8;1112.9;1123.8
2004.06.06 00:00;1122.8;1143.2;1122.8;1136.4
2004.06.13 00:00;1133.6;1140.5;1122.1;1135
2004.06.20 00:00;1135.7;1147.2;1124.7;1136.2
2004.06.27 00:00;1137.4;1146.7;1123.1;1126.3
2004.07.04 00:00;1126.3;1129.6;1108.8;1113.8
2004.07.11 00:00;1114.5;1120.5;1100.7;1103.7
2004.07.18 00:00;1103.7;1116.6;1082.8;1085.8
2004.07.25 00:00;1086.3;1104.5;1077.5;1104.5
2004.08.01 00:00;1098.5;1108.7;1061.2;1063.9
2004.08.08 00:00;1064.9;1079.2;1060.4;1066.4
2004.08.15 00:00;1065.6;1100.8;1061.3;1099.3
2004.08.22 00:00;1098;1110;1092.5;1108.7
2004.08.29 00:00;1107.7;1121.4;1094.4;1114.9
2004.09.05 00:00;1118.6;1125.6;1113.6;1123.1
2004.09.12 00:00;1123.3;1131.8;1119.5;1129.3
2004.09.19 00:00;1129;1132.7;1107.2;1112
2004.09.26 00:00;1111.7;1133.7;1101.5;1133.5
2004.10.03 00:00;1132;1144;1120.4;1122.4
2004.10.10 00:00;1122.2;1127.7;1102.2;1108.9
2004.10.17 00:00;1109.2;1118.7;1093.9;1095.9
2004.10.24 00:00;1095.6;1132.1;1088.1;1128.4
2004.10.31 00:00;1127.9;1171.9;1126.4;1167.6
2004.11.07 00:00;1166.9;1184.8;1162.4;1182.8
2004.11.14 00:00;1183.1;1189.8;1169.3;1172.6
2004.11.21 00:00;1172.1;1187.6;1166.6;1180.6
2004.11.28 00:00;1180.8;1198.5;1172.3;1189.3
2004.12.05 00:00;1189.5;1193.5;1173.5;1190
2004.12.12 00:00;1189.5;1208.3;1189.5;1194.3
2004.12.19 00:00;1193.8;1213;1191.6;1208
2004.12.26 00:00;1208.8;1216.5;1203.9;1208
2005.01.02 00:00;1210.4;1218.1;1179.8;1182.9
2005.01.09 00:00;1184.5;1194;1173.7;1181
2005.01.16 00:00;1182.5;1195.3;1165;1166.5
2005.01.23 00:00;1167.6;1176;1162.1;1173
2005.01.30 00:00;1175.1;1202.8;1175.1;1200.8
2005.02.06 00:00;1201.1;1208.5;1190.2;1204.8
2005.02.13 00:00;1206.4;1212.3;1196.3;1201.1
2005.02.20 00:00;1201.7;1212.4;1182.6;1211.1
2005.02.27 00:00;1211;1225.2;1197.5;1224.2
2005.03.06 00:00;1225;1229.3;1197.7;1200.5
2005.03.13 00:00;1201.3;1211.6;1182;1186.3
2005.03.20 00:00;1187.1;1189.5;1164.6;1171.9
2005.03.27 00:00;1172;1189.7;1162.9;1174
2005.04.03 00:00;1173.6;1192.3;1167.2;1179.8
2005.04.10 00:00;1179.4;1190;1140;1141
2005.04.17 00:00;1141.1;1161;1133.2;1154.3
2005.04.24 00:00;1154.4;1163.7;1137.9;1156.4
2005.05.01 00:00;1155.8;1179.9;1153.3;1169.2
2005.05.08 00:00;1170.3;1178.9;1145.3;1154.8
2005.05.15 00:00;1154.9;1191.6;1153.2;1188.9
2005.05.22 00:00;1189.5;1199.5;1185.4;1199
2005.05.29 00:00;1199.6;1206.3;1190.7;1198.1
2005.06.05 00:00;1197.7;1209.3;1190.9;1198.4
2005.06.12 00:00;1198.8;1221.2;1194.5;1216
2005.06.19 00:00;1216.6;1221.2;1189.7;1191.4
2005.06.26 00:00;1192;1205.3;1189;1196.7
2005.07.03 00:00;1196.5;1214.2;1167.8;1213.5
2005.07.10 00:00;1213.3;1234.7;1212.5;1228.2
2005.07.17 00:00;1228.1;1243.2;1221.4;1235
2005.07.24 00:00;1234.6;1246.5;1228.2;1237.1
2005.07.31 00:00;1237.2;1246.5;1225.4;1228.2
2005.08.07 00:00;1227.7;1243.6;1222.5;1229.2
2005.08.14 00:00;1229.5;1237.6;1215.5;1222.5
2005.08.21 00:00;1222.1;1229.9;1203.8;1204.6
2005.08.28 00:00;1202.4;1228.1;1193.2;1218.9
2005.09.04 00:00;1219;1243.4;1218.7;1242
2005.09.11 00:00;1242;1244.3;1224.7;1237.3
2005.09.18 00:00;1237.4;1238;1206;1216
2005.09.25 00:00;1219.3;1231.6;1211.5;1231.1
2005.10.02 00:00;1231;1234.7;1181.8;1196.3
2005.10.09 00:00;1195.7;1200.5;1168.3;1185.8
2005.10.16 00:00;1186.1;1197.8;1170.6;1180.9
2005.10.23 00:00;1181;1204.4;1176.8;1197.3
2005.10.30 00:00;1197.1;1225.3;1196.9;1219.6
2005.11.06 00:00;1220.2;1236.8;1215.2;1236
2005.11.13 00:00;1236.4;1250.6;1226.7;1248.6
2005.11.20 00:00;1248.8;1271.7;1247;1268.8
2005.11.27 00:00;1268.4;1271.9;1249.6;1265.4
2005.12.04 00:00;1265.3;1273.9;1250.8;1259.1
2005.12.11 00:00;1259.7;1277;1255.5;1267.3
2005.12.18 00:00;1268.5;1273.2;1258.4;1270.3
2005.12.25 00:00;1271.3;1275.1;1245.7;1247.2
2006.01.01 00:00;1249.9;1287.8;1246.2;1286.5
2006.01.08 00:00;1286.2;1296.1;1283.1;1287.3
2006.01.15 00:00;1288.2;1290.8;1260.2;1260.7
2006.01.22 00:00;1261.3;1286.8;1258.5;1285.4
2006.01.29 00:00;1285.3;1288.3;1260.4;1262.4
2006.02.05 00:00;1262.8;1275.1;1253;1265.5
2006.02.12 00:00;1265.8;1290.6;1258.2;1286.7
2006.02.19 00:00;1286.3;1294.5;1281.2;1291.7
2006.02.26 00:00;1291.6;1298.4;1278.8;1285
2006.03.05 00:00;1285.9;1290.4;1268.1;1282.3
2006.03.12 00:00;1281.9;1310.9;1281.9;1307.3
2006.03.19 00:00;1307.5;1311.7;1295.1;1303.4
2006.03.26 00:00;1303.8;1310.5;1291.4;1299.2
2006.04.02 00:00;1298.9;1315.8;1293.5;1296
2006.04.09 00:00;1296.2;1301.3;1282;1287.2
2006.04.16 00:00;1287.5;1318.3;1279.9;1310.5
2006.04.23 00:00;1310.5;1316.5;1294.7;1313.7
2006.04.30 00:00;1313.3;1326.5;1301.9;1323.8
2006.05.07 00:00;1324.5;1326.5;1289.7;1290.9
2006.05.14 00:00;1285.4;1298;1255.2;1268.2
2006.05.21 00:00;1268.2;1281;1244.3;1280.5
2006.05.28 00:00;1280.2;1292.4;1254.3;1286.5
2006.06.04 00:00;1286.5;1287.2;1234.4;1250
2006.06.11 00:00;1249.8;1259.7;1218.5;1248.3
2006.06.18 00:00;1250.1;1257.8;1236.5;1244.5
2006.06.25 00:00;1245.7;1277.5;1236.9;1272.9
2006.07.02 00:00;1272.4;1281.2;1262.3;1266.3
2006.07.09 00:00;1265.8;1275.5;1227.4;1234.6
2006.07.16 00:00;1235.9;1261.9;1223.9;1237.5
2006.07.23 00:00;1238;1279.8;1237;1278.4
2006.07.30 00:00;1278.1;1292.4;1264.7;1280.2
2006.08.06 00:00;1280.5;1283.6;1258;1268.2
2006.08.13 00:00;1270.4;1303.9;1266.8;1303.4
2006.08.20 00:00;1303;1303.5;1288.6;1295.4
2006.08.27 00:00;1295.4;1312.2;1292.2;1310.5
2006.09.03 00:00;1310;1315.3;1292;1298.6
2006.09.10 00:00;1299.4;1327.3;1291;1322.8
2006.09.17 00:00;1322.3;1331.1;1312.3;1317.1
2006.09.24 00:00;1317;1342.4;1313.1;1337.4
2006.10.01 00:00;1337.9;1355.7;1328.4;1351.6
2006.10.08 00:00;1350.8;1368;1344.2;1367.3
2006.10.15 00:00;1367;1374;1357.7;1369
2006.10.22 00:00;1368.7;1392.1;1364.3;1379.2
2006.10.29 00:00;1379.2;1382.7;1361;1364.3
2006.11.05 00:00;1364.8;1389.8;1363;1381.2
2006.11.12 00:00;1381.5;1404.8;1379;1401.7
2006.11.19 00:00;1401.9;1408.7;1396.2;1400.5
2006.11.26 00:00;1400.7;1407.1;1376.7;1398.5
2006.12.03 00:00;1398;1419.1;1396.5;1409.5
2006.12.10 00:00;1409.5;1432.8;1404.7;1425.8
2006.12.17 00:00;1426.1;1432.1;1408.7;1409.6
2006.12.24 00:00;1410.6;1428.2;1410.1;1418.5
2006.12.31 00:00;1423.7;1430.3;1405;1407
2007.01.07 00:00;1408.3;1432.8;1403.6;1432.8
2007.01.14 00:00;1432.8;1436.4;1423.4;1429
2007.01.21 00:00;1430;1440.5;1415.5;1421
2007.01.28 00:00;1421.5;1449;1417.2;1447.6
2007.02.04 00:00;1447.4;1452.7;1432.3;1438.3
2007.02.11 00:00;1438.1;1457.8;1430.7;1455.2
2007.02.18 00:00;1454.8;1461.7;1447.7;1450.7
2007.02.25 00:00;1451.5;1457.3;1379.1;1384
2007.03.04 00:00;1385.7;1412.8;1367.4;1404.1
2007.03.11 00:00;1404.1;1410;1363.5;1389.6
2007.03.18 00:00;1388.1;1441.5;1385.1;1437.5
2007.03.25 00:00;1437.3;1440.1;1409.5;1423.2
2007.04.01 00:00;1423.4;1451;1417.5;1449.8
2007.04.08 00:00;1449.3;1454.6;1435;1454.6
2007.04.15 00:00;1454.6;1487;1454.1;1486.7
2007.04.22 00:00;1486.5;1499.1;1474.2;1496.8
2007.04.29 00:00;1495.5;1511.8;1477;1509.3
2007.05.06 00:00;1508.5;1514.6;1491.8;1508.1
2007.05.13 00:00;1507.9;1524.9;1499;1524.7
2007.05.20 00:00;1524.4;1533;1505.2;1514.8
2007.05.27 00:00;1515;1541.3;1510.6;1538.1
2007.06.03 00:00;1537.8;1541.2;1479.7;1507.7
2007.06.10 00:00;1506.7;1539.5;1489;1533.1
2007.06.17 00:00;1532.6;1540.4;1500.4;1507.6
2007.06.24 00:00;1506.4;1518;1479.7;1505.4
2007.07.01 00:00;1503.7;1532.7;1502.9;1531.2
2007.07.08 00:00;1531.5;1555.1;1504.8;1549.8
2007.07.15 00:00;1550.4;1556.2;1528;1536
2007.07.22 00:00;1534.8;1547.3;1449.5;1450
2007.07.29 00:00;1452.5;1488.3;1430;1437
2007.08.05 00:00;1433.1;1503.9;1426;1445.5
2007.08.12 00:00;1448.7;1467;1369.8;1445.2
2007.08.19 00:00;1444.5;1480;1430.4;1479.8
2007.08.26 00:00;1479.6;1481.8;1431.5;1471.1
2007.09.02 00:00;1473.1;1496.8;1448.3;1457.8
2007.09.09 00:00;1456.6;1489.9;1439.5;1484.5
2007.09.16 00:00;1483.8;1538.7;1471.7;1524.1
2007.09.23 00:00;1523.1;1536;1509.1;1530.3
2007.09.30 00:00;1531.1;1564.7;1526.1;1561.7
2007.10.07 00:00;1561.7;1578.5;1548.2;1567
2007.10.14 00:00;1566.7;1568.2;1498.1;1498.3
2007.10.21 00:00;1498.6;1537;1485.9;1536.2
2007.10.28 00:00;1536;1552.7;1491.4;1512.3
2007.11.04 00:00;1510.8;1521;1447.3;1450.1
2007.11.11 00:00;1449.5;1492.5;1433.2;1456.3
2007.11.18 00:00;1456.8;1462.3;1413.9;1438.8
2007.11.25 00:00;1439.3;1490;1403.7;1484
2007.12.02 00:00;1481.7;1513.7;1460.7;1505.5
2007.12.09 00:00;1505;1525.7;1466.8;1467.3
2007.12.16 00:00;1467.3;1488.7;1435.2;1487.7
2007.12.23 00:00;1486.7;1501.2;1471.8;1476.1
2007.12.30 00:00;1475.8;1479.8;1409.5;1414.2
2008.01.06 00:00;1414.2;1429.8;1377.5;1400.6
2008.01.13 00:00;1401.3;1416.8;1309.5;1319.2
2008.01.20 00:00;1321.6;1364.7;1249.8;1327.9
2008.01.27 00:00;1330.6;1392.8;1305;1391.3
2008.02.03 00:00;1392.1;1395.1;1308.5;1326.8
2008.02.10 00:00;1325.5;1367.7;1316.3;1347.4
2008.02.17 00:00;1346.7;1366.5;1324.2;1352.7
2008.02.24 00:00;1351.6;1387.3;1323.2;1332.9
2008.03.02 00:00;1327.4;1343.4;1280.9;1292.2
2008.03.09 00:00;1290.6;1333.3;1271.2;1291.3
2008.03.16 00:00;1290.5;1342;1252.6;1323.2
2008.03.23 00:00;1324.3;1359.8;1312.4;1316.6
2008.03.30 00:00;1317.4;1385.4;1308;1370.5
2008.04.06 00:00;1371.3;1387.5;1330.4;1334.1
2008.04.13 00:00;1333.9;1397;1323.7;1386
2008.04.20 00:00;1387.8;1399.6;1367.4;1396.4
2008.04.27 00:00;1397.7;1425.7;1381.5;1415
2008.05.04 00:00;1412.3;1422.8;1380.9;1388.2
2008.05.11 00:00;1387;1428.8;1385.5;1424.8
2008.05.18 00:00;1424.6;1440.1;1372.2;1373.4
2008.05.25 00:00;1373.7;1406.5;1370;1400.1
2008.06.01 00:00;1400.6;1410;1358.2;1358.5
2008.06.08 00:00;1358.5;1371.3;1330.8;1356.4
2008.06.15 00:00;1356.4;1369.9;1314.5;1317.5
2008.06.22 00:00;1320;1336.8;1272.1;1279.6
2008.06.29 00:00;1280.8;1294.1;1251.4;1256.2
2008.07.06 00:00;1258.2;1278.2;1225;1239.2
2008.07.13 00:00;1239.7;1262.5;1200.3;1260
2008.07.20 00:00;1258.8;1290.5;1246.8;1253.3
2008.07.27 00:00;1254.8;1289.3;1231.3;1259.4
2008.08.03 00:00;1260.6;1297.7;1245.9;1292.4
2008.08.10 00:00;1291.4;1313.2;1274.2;1299.5
2008.08.17 00:00;1297.5;1305.5;1260.5;1292
2008.08.24 00:00;1291;1299.8;1262.6;1282.8
2008.08.31 00:00;1281.6;1303.4;1216.6;1240.1
2008.09.07 00:00;1263.2;1281.9;1211.4;1257.5
2008.09.14 00:00;1230;1276.7;1133;1241.8
2008.09.21 00:00;1239;1245.2;1175.9;1210.3
2008.09.28 00:00;1215.4;1216.7;1099.1;1105.3
2008.10.05 00:00;1099.9;1100.2;835.2;885.1
2008.10.12 00:00;906.8;1063.7;863.1;930.7
2008.10.19 00:00;935;990.2;840;866.1
2008.10.26 00:00;862.5;981.9;823.1;963.5
2008.11.02 00:00;964;1006.6;895.6;935.3
2008.11.09 00:00;939.6;960.9;815.5;859.7
2008.11.16 00:00;861;880.5;738.1;790
2008.11.23 00:00;800.1;895.4;782.4;893.7
2008.11.30 00:00;896.5;896.5;812.4;871
2008.12.07 00:00;871.8;918.6;828.7;885.2
2008.12.14 00:00;883.3;919.2;857.1;886.4
2008.12.21 00:00;889.1;896.4;857.4;874
2008.12.28 00:00;873.4;937.2;857.5;930.4
2009.01.04 00:00;929;946.5;886.5;888.8
2009.01.11 00:00;888.7;889.2;816;852
2009.01.18 00:00;854.9;869;800.4;826.1
2009.01.25 00:00;826.2;878.2;813.4;828.5
2009.02.01 00:00;826.1;871.5;808.5;870.5
2009.02.08 00:00;870.1;875.1;807.3;821.8
2009.02.15 00:00;815.6;820.1;754;771.1
2009.02.22 00:00;771.2;787.5;731.5;733.9
2009.03.01 00:00;732.1;734.3;666.3;688.8
2009.03.08 00:00;689.3;761.6;671.2;758.8
2009.03.15 00:00;755;805.3;749.6;767.1
2009.03.22 00:00;770.3;834.2;769.1;818.8
2009.03.29 00:00;816;847.4;778.8;844.1
2009.04.05 00:00;843.3;857.7;805.3;855.7
2009.04.12 00:00;851.8;874.9;834.6;869.9
2009.04.19 00:00;868.3;871.3;825.5;869
2009.04.26 00:00;865.7;889.3;841;878.7
2009.05.03 00:00;878.1;930.6;878.1;926.3
2009.05.10 00:00;922.9;924.9;878.4;884.4
2009.05.17 00:00;883.8;925;876.7;886.5
2009.05.24 00:00;886.2;926;877.9;923
2009.05.31 00:00;921.1;958.2;917.4;940.9
2009.06.07 00:00;940.1;956.9;926.3;945.3
2009.06.14 00:00;943;943;903.6;921
2009.06.21 00:00;919.3;924.1;888.8;918.3
2009.06.28 00:00;917.4;932.6;896.8;897.6
2009.07.05 00:00;896;902.2;869;877.6
2009.07.12 00:00;878.3;944.3;869;941
2009.07.19 00:00;940.4;982.3;937.1;982.3
2009.07.26 00:00;980.1;997;967;984.6
2009.08.02 00:00;985.5;1018.5;984.7;1009
2009.08.09 00:00;1008.1;1017.9;988.2;1008.3
2009.08.16 00:00;1006.2;1028.7;977.3;1027.2
2009.08.23 00:00;1026.6;1040;1016.1;1028.8
2009.08.30 00:00;1027.6;1032.1;991.9;1014.8
2009.09.06 00:00;1014.2;1048.7;1012.9;1042.2
2009.09.13 00:00;1040.8;1075.6;1030.3;1066.5
2009.09.20 00:00;1064.8;1081.2;1041.4;1046.2
2009.09.27 00:00;1047.3;1070.8;1016.6;1026.6
2009.10.04 00:00;1026.3;1072.9;1024;1072.7
2009.10.11 00:00;1072;1099.6;1067.2;1086.3
2009.10.18 00:00;1084.1;1102.8;1073.9;1080
2009.10.25 00:00;1079.9;1091.9;1032.5;1035
2009.11.01 00:00;1034.1;1071.9;1028.8;1069.1
2009.11.08 00:00;1068.3;1105.7;1067.5;1093.7
2009.11.15 00:00;1094.1;1114.3;1085.3;1091.8
2009.11.22 00:00;1091.4;1113.1;1068.3;1090.6
2009.11.29 00:00;1092.7;1119.9;1085.7;1109.4
2009.12.06 00:00;1108.8;1111.5;1085.6;1108.9
2009.12.13 00:00;1107.8;1118.3;1093.2;1102.5
2009.12.20 00:00;1103.4;1127;1101.1;1126.8
2009.12.27 00:00;1124.8;1132.5;1114.1;1117.1
2010.01.03 00:00;1117.7;1145.5;1117.2;1145.3
2010.01.10 00:00;1145.4;1151.7;1130.9;1135.6
2010.01.17 00:00;1135;1150.2;1089.1;1094.4
2010.01.24 00:00;1096.8;1106.1;1069;1071.5
2010.01.31 00:00;1072.4;1103.8;1042.8;1062.1
2010.02.07 00:00;1064;1081.6;1054.9;1080.8
2010.02.14 00:00;1079.2;1112.5;1075.2;1107.7
2010.02.21 00:00;1107.3;1114.1;1085.6;1106.3
2010.02.28 00:00;1106.5;1139.5;1105.2;1137.2
2010.03.07 00:00;1136.9;1157.1;1132;1151.6
2010.03.14 00:00;1151.3;1170.3;1141.5;1161.5
2010.03.21 00:00;1154.8;1181.4;1151.8;1168.3
2010.03.28 00:00;1169.5;1183;1165.8;1182.2
2010.04.04 00:00;1183.1;1197.1;1175.4;1197.1
2010.04.11 00:00;1198.8;1214.3;1186.4;1193.4
2010.04.18 00:00;1189.6;1217.1;1183.3;1216.1
2010.04.25 00:00;1214.5;1220;1179.7;1188.9
2010.05.02 00:00;1187.2;1204.7;1059;1110
2010.05.09 00:00;1127.5;1176.9;1123.7;1137
2010.05.16 00:00;1135.6;1149;1052.7;1086.2
2010.05.23 00:00;1086.9;1107.9;1038.2;1088.6
2010.05.30 00:00;1089.5;1108.3;1060;1067
2010.06.06 00:00;1064.6;1092.6;1041.8;1089.9
2010.06.13 00:00;1090.8;1121.8;1088.7;1115
2010.06.20 00:00;1120.9;1134.4;1067.2;1079.4
2010.06.27 00:00;1078.6;1084.1;1010.1;1018.1
2010.07.04 00:00;1018.7;1078.7;1006.9;1075.7
2010.07.11 00:00;1075.1;1102.6;1062.3;1066.8
2010.07.18 00:00;1064.9;1104.5;1053.8;1103.8
2010.07.25 00:00;1104.2;1121.6;1086.1;1103.1
2010.08.01 00:00;1107;1130.2;1104.3;1122.3
2010.08.08 00:00;1122.2;1128.9;1072.4;1078.1
2010.08.15 00:00;1079.2;1100.2;1063.2;1072
2010.08.22 00:00;1071.3;1081.6;1038.6;1065.1
2010.08.29 00:00;1065.5;1105.3;1038.4;1104.3
2010.09.05 00:00;1104.4;1112.4;1086.7;1110.1
2010.09.12 00:00;1112.8;1137.8;1112.8;1127.2
2010.09.19 00:00;1125.8;1151.5;1124.2;1150
2010.09.26 00:00;1150.8;1160.1;1133.8;1148.7
2010.10.03 00:00;1149.5;1169.9;1133.1;1166.7
2010.10.10 00:00;1167.3;1186.6;1157.3;1180.4
2010.10.17 00:00;1179.5;1191.2;1160.5;1186.3
2010.10.24 00:00;1185.4;1197.6;1172.1;1184.7
2010.10.31 00:00;1184.5;1228.3;1177.7;1225.7
2010.11.07 00:00;1224;1228.2;1194.5;1197.5
2010.11.14 00:00;1198.3;1208.6;1173.6;1200.9
2010.11.21 00:00;1205;1208.3;1176.8;1185
2010.11.28 00:00;1190.1;1228.5;1173.8;1224.7
2010.12.05 00:00;1224.3;1242.1;1217.2;1241.4
2010.12.12 00:00;1242.4;1247.5;1232.8;1242.7
2010.12.19 00:00;1244.6;1260.3;1238.6;1257.2
2010.12.26 00:00;1253.8;1262.7;1249.8;1261.8
2011.01.02 00:00;1260;1280.8;1259.2;1271
2011.01.09 00:00;1269.9;1293.4;1261.5;1293.4
2011.01.16 00:00;1292.8;1299.5;1270.5;1283
2011.01.23 00:00;1282.4;1302.2;1273.1;1273.4
2011.01.30 00:00;1272;1310.5;1264.7;1309.8
2011.02.06 00:00;1309.4;1330.7;1308.2;1329.4
2011.02.13 00:00;1327.8;1344.3;1324;1344.3
2011.02.20 00:00;1343.7;1344;1293.9;1319.7
2011.02.27 00:00;1319.3;1337.5;1297.2;1320.8
2011.03.06 00:00;1320.9;1327.9;1283.9;1306.9
2011.03.13 00:00;1302.5;1305.8;1246.6;1280.9
2011.03.20 00:00;1282.5;1320.6;1281;1316.6
2011.03.27 00:00;1315.2;1339.5;1306;1332.9
2011.04.03 00:00;1332.5;1341.8;1323.9;1329.4
2011.04.10 00:00;1330.7;1335;1302.9;1323.3
2011.04.17 00:00;1322.7;1341.8;1294.8;1334.7
2011.04.24 00:00;1334.5;1367.4;1331.2;1367.2
2011.05.01 00:00;1366.8;1376.5;1328.4;1337.8
2011.05.08 00:00;1340.2;1361.1;1331.7;1336.8
2011.05.15 00:00;1334.4;1347.7;1318.5;1330.5
2011.05.22 00:00;1327.9;1335.3;1304.2;1331.3
2011.05.29 00:00;1331.1;1349;1295.5;1296.7
2011.06.05 00:00;1299.6;1299.8;1267.7;1270.7
2011.06.12 00:00;1270.3;1292.7;1258.1;1272.2
2011.06.19 00:00;1271;1299.7;1262.2;1269.7
2011.06.26 00:00;1270.6;1342;1262.5;1340.8
2011.07.03 00:00;1339.9;1359.6;1331.6;1346.8
2011.07.10 00:00;1344.1;1344.4;1299.9;1318.9
2011.07.17 00:00;1318.8;1351.8;1295.4;1344.8
2011.07.24 00:00;1333.8;1344.1;1281.9;1295.9
2011.07.31 00:00;1309.3;1313;1165.9;1200.2
2011.08.07 00:00;1169.7;1191.5;1079.2;1179.2
2011.08.14 00:00;1181.8;1208.7;1119.2;1125.4
2011.08.21 00:00;1123.5;1189.9;1112.8;1176.8
2011.08.28 00:00;1176.7;1230.8;1169.4;1170.6
2011.09.04 00:00;1165.7;1204.3;1136.6;1158.7
2011.09.11 00:00;1143.8;1221.5;1129.8;1219
2011.09.18 00:00;1206.3;1221.5;1108.1;1137
2011.09.25 00:00;1128;1196.3;1121;1127.9
2011.10.02 00:00;1128.5;1179.2;1073.1;1161.1
2011.10.09 00:00;1162.9;1226.5;1161.7;1224.8
2011.10.16 00:00;1223.1;1240.3;1190.1;1239.5
2011.10.23 00:00;1234.1;1293.5;1220.6;1286.4
2011.10.30 00:00;1283.9;1284.7;1212.1;1254.2
2011.11.06 00:00;1256.5;1278.4;1221.2;1264.6
2011.11.13 00:00;1267;1273.5;1208.8;1215.7
2011.11.20 00:00;1210;1211;1149.1;1155.1
2011.11.27 00:00;1173.4;1263.9;1170.7;1245.1
2011.12.04 00:00;1249;1272.7;1229.1;1260.3
2011.12.11 00:00;1256.4;1260.9;1204.6;1216.7
2011.12.18 00:00;1218.5;1267.2;1201.9;1265.9
2011.12.25 00:00;1266.7;1270.6;1249;1258.9
2012.01.01 00:00;1280.4;1287.5;1265.2;1279.4
2012.01.08 00:00;1280;1302.6;1272.5;1294.4
2012.01.15 00:00;1290;1316.2;1286;1315.7
2012.01.22 00:00;1311.8;1333.8;1305.6;1316.6
2012.01.29 00:00;1317.7;1345.4;1299.6;1342.9
2012.02.05 00:00;1339.7;1355.7;1333.4;1343.1
2012.02.12 00:00;1349.9;1363.6;1336.6;1362.3
2012.02.19 00:00;1368.9;1371.6;1352.1;1364.5
2012.02.26 00:00;1364.8;1378;1354.5;1369.3
2012.03.04 00:00;1369.3;1374.8;1339;1372.5
2012.03.11 00:00;1372.1;1406;1366;1403.7
2012.03.18 00:00;1402.7;1413.4;1385.8;1398.8
2012.03.25 00:00;1399.1;1424.7;1391.1;1409
2012.04.01 00:00;1412;1422.3;1374.4;1377.6
2012.04.08 00:00;1377.1;1392.3;1356.5;1370
2012.04.15 00:00;1369.2;1393.4;1362.8;1378.5
2012.04.22 00:00;1378.5;1405.8;1357.2;1401.6
2012.04.29 00:00;1402.9;1414.3;1365.8;1366
2012.05.06 00:00;1356;1372.4;1341.2;1352.1
2012.05.13 00:00;1348.9;1352.7;1291.2;1293.2
2012.05.20 00:00;1293.2;1330.6;1288.6;1315.4
2012.05.27 00:00;1315.4;1334.9;1274.8;1275.5
2012.06.03 00:00;1275.2;1329.4;1262.4;1327.4
2012.06.10 00:00;1344.2;1348.8;1303.7;1342.4
2012.06.17 00:00;1350.7;1363.3;1323.5;1332.7
2012.06.24 00:00;1331.3;1365;1308.3;1364
2012.07.01 00:00;1363.6;1380;1347.5;1356.5
2012.07.08 00:00;1353.9;1361.3;1324.5;1356.3
2012.07.15 00:00;1355.6;1380.2;1343.7;1362.6
2012.07.22 00:00;1362.6;1388.6;1325;1386.4
2012.07.29 00:00;1386.4;1393.7;1352.6;1391.1
2012.08.05 00:00;1391.1;1406.4;1390.5;1404.7
2012.08.12 00:00;1404.7;1418.9;1396.7;1417.7
2012.08.19 00:00;1417.7;1426.7;1397.2;1411.3
2012.08.26 00:00;1411.3;1417.4;1396.7;1407.1
2012.09.02 00:00;1406.7;1439.2;1395.5;1438.7
2012.09.09 00:00;1437.5;1474.9;1422;1465.6
2012.09.16 00:00;1465;1468.1;1449.1;1457.5
2012.09.23 00:00;1457.3;1462.3;1430.4;1440.4
2012.09.30 00:00;1440;1470.8;1432.8;1460.2
2012.10.07 00:00;1461.2;1461.8;1424.4;1426.2
2012.10.14 00:00;1426.2;1463.6;1420.2;1428
2012.10.21 00:00;1428;1436.8;1397.8;1410.3
2012.10.28 00:00;1410.3;1434.1;1396;1408.6
2012.11.04 00:00;1405.7;1434.1;1365.6;1379.1
2012.11.11 00:00;1377.8;1388.2;1342.2;1361.9
2012.11.18 00:00;1362.8;1408.7;1362.7;1407.5
2012.11.25 00:00;1402.8;1420;1384.3;1415.1
2012.12.02 00:00;1413.7;1424.6;1397.8;1417
2012.12.09 00:00;1416.7;1439;1411.4;1415.2
2012.12.16 00:00;1420.9;1451.8;1389.4;1432
2012.12.23 00:00;1428.7;1429.9;1391.5;1392.6
2012.12.30 00:00;1391.1;1467.7;1387.7;1463.4
2013.01.06 00:00;1464.1;1474.8;1450.6;1471.2
2013.01.13 00:00;1470.4;1484.7;1460.5;1482.7
2013.01.20 00:00;1481.5;1502.5;1478.8;1498.7
2013.01.27 00:00;1498.1;1513;1493.4;1509.7
2013.02.03 00:00;1509.8;1517.2;1493;1515.6
2013.02.10 00:00;1514.7;1523.9;1510.6;1519.4
2013.02.17 00:00;1517.4;1531.4;1496.6;1515.4
2013.02.24 00:00;1515.7;1525.5;1482.4;1517.1
2013.03.03 00:00;1514.7;1552;1507.6;1549.2
2013.03.10 00:00;1547.1;1563.3;1545.6;1558.6
2013.03.17 00:00;1546.2;1560.1;1534;1555.9
2013.03.24 00:00;1552.5;1568.5;1543.3;1567.5
2013.03.31 00:00;1566.8;1571.7;1537.1;1549.9
2013.04.07 00:00;1549;1596.2;1546.6;1585.3
2013.04.14 00:00;1585.3;1586;1533.8;1550.2
2013.04.21 00:00;1551.2;1590.7;1545.4;1579
2013.04.28 00:00;1578.5;1616.5;1576.4;1611.1
2013.05.05 00:00;1610;1634.2;1609.6;1631.4
2013.05.12 00:00;1626.9;1667.3;1623;1664.8
2013.05.19 00:00;1663.4;1687.1;1634.3;1651.1
2013.05.26 00:00;1651.4;1673.7;1627.4;1630.2
2013.06.02 00:00;1630.4;1646.2;1597.3;1640.1
2013.06.09 00:00;1636.6;1648.7;1597.6;1624.4
2013.06.16 00:00;1624.6;1654.4;1575.9;1590.1
2013.06.23 00:00;1588;1619.3;1558.1;1603.8
2013.06.30 00:00;1605.6;1635.2;1598;1631.9
2013.07.07 00:00;1632.4;1678.4;1630.4;1674.6
2013.07.14 00:00;1673.7;1692.9;1669.8;1692.9
2013.07.21 00:00;1693.8;1699;1674.1;1690.1
2013.07.28 00:00;1688.8;1707.7;1679.8;1707.3
2013.08.04 00:00;1704.7;1707.6;1683.3;1689.1
2013.08.11 00:00;1687.1;1696.6;1651.6;1653.3
2013.08.18 00:00;1652.2;1664.1;1632.9;1663.1
2013.08.25 00:00;1661.5;1669;1626.1;1634.3
2013.09.01 00:00;1640.2;1664.5;1631.7;1654.1
2013.09.08 00:00;1652.1;1690.2;1652.1;1688.7
2013.09.15 00:00;1700.8;1733.6;1694.4;1709.4
2013.09.22 00:00;1711.6;1713.7;1686.1;1692.3
2013.09.29 00:00;1680.5;1697.2;1668.8;1689.9
2013.10.06 00:00;1679.6;1704.1;1645.1;1703.3
2013.10.13 00:00;1688.8;1744.7;1685.1;1741.4
2013.10.20 00:00;1741.2;1759.7;1738.8;1758.2
2013.10.27 00:00;1757.8;1776.9;1750.6;1758.1
2013.11.03 00:00;1757;1777.5;1739.3;1769.1
2013.11.10 00:00;1769.6;1798.4;1757;1796.1
2013.11.17 00:00;1796.1;1805.1;1776.8;1803.2
2013.11.24 00:00;1803.4;1813.8;1800.3;1805.6
2013.12.01 00:00;1807.9;1809.9;1778.9;1805.5
2013.12.08 00:00;1807.7;1812.2;1772.3;1774.2
2013.12.15 00:00;1775.4;1823.9;1760.6;1820.8
2013.12.22 00:00;1823.4;1845.8;1823;1842.2
2013.12.29 00:00;1840.8;1849;1825.9;1830.8
2014.01.05 00:00;1829.3;1847.3;1822.6;1842.6
2014.01.12 00:00;1842.6;1850.1;1814.3;1837.9
2014.01.19 00:00;1838.8;1847.9;1786.3;1786.8
2014.01.26 00:00;1784.9;1804;1764.4;1782.6
2014.02.02 00:00;1781.4;1796.4;1735;1795.6
2014.02.09 00:00;1796.2;1840.9;1788.9;1837.6
2014.02.16 00:00;1836.3;1846.4;1819.2;1835.7
2014.02.23 00:00;1837.6;1867.8;1831;1861.2
2014.03.02 00:00;1847.6;1888.5;1833.3;1878.9
2014.03.09 00:00;1875.6;1882.8;1839.5;1839.8
2014.03.16 00:00;1840.2;1883.7;1830.9;1864.1
2014.03.23 00:00;1862.2;1875.3;1840.4;1856.8
2014.03.30 00:00;1861.6;1898.4;1861.3;1866.2
2014.04.06 00:00;1866.8;1872.9;1812.5;1816.8
2014.04.13 00:00;1811.6;1868.5;1808.3;1863.1
2014.04.20 00:00;1864.2;1886.7;1857.3;1863.7
2014.04.27 00:00;1865.6;1889.4;1848.1;1878.1
2014.05.04 00:00;1878.1;1887.9;1857.8;1876.7
2014.05.11 00:00;1877.3;1901.2;1861.5;1877.7
2014.05.18 00:00;1878.8;1901;1867.1;1898.9
2014.05.25 00:00;1899.2;1923.6;1898.9;1921.8
2014.06.01 00:00;1922.9;1950.3;1914.8;1950.3
2014.06.08 00:00;1950.1;1955.3;1925.3;1935.8
2014.06.15 00:00;1935.3;1963.9;1926.7;1961
2014.06.22 00:00;1959.7;1966.9;1943.1;1958.1
2014.06.29 00:00;1958.1;1984.4;1954.6;1981.7
2014.07.06 00:00;1981.6;1983.4;1951.1;1967.8
2014.07.13 00:00;1968.3;1983.1;1947.7;1976.7
2014.07.20 00:00;1975.3;1990.3;1963.8;1976.1
2014.07.27 00:00;1975.7;1983.6;1914.3;1922.7
2014.08.03 00:00;1923.4;1941.1;1893.5;1926.8
2014.08.10 00:00;1927;1963.5;1926.4;1954.8
2014.08.17 00:00;1961.1;1994.1;1959.3;1989.2
2014.08.24 00:00;1989.5;2005.2;1989.1;2001.6
2014.08.31 00:00;2000.5;2012;1989.3;2006.7
2014.09.07 00:00;2006.4;2006.9;1979.9;1985.3
2014.09.14 00:00;1971.6;2022.5;1971.6;2012.7
2014.09.21 00:00;2010.2;2010.9;1963.8;1983.2
2014.09.28 00:00;1982.1;1985;1924.9;1966.5
2014.10.05 00:00;1966.5;1977.2;1900.9;1904.2
2014.10.12 00:00;1897.2;1911.7;1818.2;1883.1
2014.10.19 00:00;1889.6;1964.1;1877.2;1964
2014.10.26 00:00;1964.8;2020.9;1949;2014.5
2014.11.02 00:00;2015.4;2036.8;1999.2;2030.1
2014.11.09 00:00;2029;2046.5;2024.2;2041.1
2014.11.16 00:00;2040.9;2074.5;2028.1;2063.7
2014.11.23 00:00;2064.1;2076.9;2063;2068.2
2014.11.30 00:00;2064.5;2079.8;2049.9;2077.4
2014.12.07 00:00;2077;2078.2;1997.2;1999
2014.12.14 00:00;1999;2082.9;1968.5;2074.9
2014.12.21 00:00;2072.6;2094.9;2071.8;2090.7
2014.12.28 00:00;2091.5;2095;2044.5;2052.3
2015.01.04 00:00;2050.9;2066.9;1989.6;2040.9
2015.01.11 00:00;2041;2056.5;1974.8;2016.3
2015.01.18 00:00;2017.7;2066.4;2001.8;2048.6
2015.01.25 00:00;2039;2058.7;1985.7;1993.6
2015.02.01 00:00;1994.3;2070.8;1977.1;2056.2
2015.02.08 00:00;2050.7;2096.7;2039.2;2095.7
2015.02.15 00:00;2094.2;2110.6;2083;2109
2015.02.22 00:00;2109.3;2119.1;2101.6;2105.8
2015.03.01 00:00;2105.6;2116.5;2066.3;2071.9
2015.03.08 00:00;2074.5;2083;2038.7;2050.2
2015.03.15 00:00;2051.3;2114.4;2044.7;2106.6
2015.03.22 00:00;2106.2;2114.5;2040.4;2058.6
2015.03.29 00:00;2059.4;2088.4;2039.6;2045.8
2015.04.05 00:00;2049.5;2101.8;2045;2101.1
2015.04.12 00:00;2101.1;2110.8;2069.5;2080.8
2015.04.19 00:00;2085.9;2119.2;2083.8;2116.1
2015.04.26 00:00;2117.5;2124.1;2074.4;2105.2
2015.05.03 00:00;2106.2;2118.7;2060.6;2111.9
2015.05.10 00:00;2113.2;2125.6;2082.5;2121.4
2015.05.17 00:00;2122.3;2136.4;2114.9;2126.5
2015.05.24 00:00;2126.5;2128.9;2098;2108.3
2015.05.31 00:00;2108.1;2121.9;2084.7;2092.9
2015.06.07 00:00;2092.6;2114.9;2069.6;2093.8
2015.06.14 00:00;2084.1;2127.5;2070.3;2106.4
2015.06.21 00:00;2112;2130.1;2093.9;2102.3
2015.06.28 00:00;2065.8;2090.5;2054.1;2071.7
2015.07.05 00:00;2044.2;2084.5;2041.1;2074.2
2015.07.12 00:00;2061.6;2125.7;2060.4;2124.6
2015.07.19 00:00;2123.6;2131.7;2074.9;2082.2
2015.07.26 00:00;2082.6;2113.5;2061.3;2104.1
2015.08.02 00:00;2103.1;2110.8;2065.7;2077.2
2015.08.09 00:00;2076.3;2105;2049.7;2091.5
2015.08.16 00:00;2092.7;2106.3;1970.3;1976.7
2015.08.23 00:00;1965.4;1994.3;1832.5;1991.1
2015.08.30 00:00;1987;1987.7;1899.8;1922.9
2015.09.06 00:00;1917.9;1992.4;1917.8;1960.8
2015.09.13 00:00;1962.7;2021.7;1945.2;1961.1
2015.09.20 00:00;1959.6;1978.4;1906.1;1924.1
2015.09.27 00:00;1922.1;1951.7;1869.2;1951
2015.10.04 00:00;1948.7;2021.4;1945.2;2014.3
2015.10.11 00:00;2011.3;2033.3;1989.5;2033.3
2015.10.18 00:00;2031.4;2080.6;2013.8;2071.2
2015.10.25 00:00;2070.8;2100.2;2057.1;2079.4
2015.11.01 00:00;2077.6;2115.1;2069.5;2097.9
2015.11.08 00:00;2096.3;2101.9;2015.2;2016.4
2015.11.15 00:00;2009.7;2097.7;2002.1;2092
2015.11.22 00:00;2092.1;2100.4;2068;2092.2
2015.11.29 00:00;2091.5;2106.5;2041.5;2089.9
2015.12.06 00:00;2092.5;2096.2;2005.4;2007.7
2015.12.13 00:00;2011.5;2081.8;1992;2003.6
2015.12.20 00:00;2005.3;2067.9;2003.6;2059.3
2015.12.27 00:00;2059.8;2082.5;2043;2043.1
2016.01.03 00:00;2042.8;2050.3;1916.2;1918.8
2016.01.10 00:00;1915.7;1952.5;1854.6;1881.7
2016.01.17 00:00;1874.9;1912.4;1809;1903.7
2016.01.24 00:00;1904.2;1936.4;1855.5;1935.3
2016.01.31 00:00;1932.9;1944;1868.8;1877.5
2016.02.07 00:00;1878.9;1887.6;1806;1862.5
2016.02.14 00:00;1868;1935.8;1867.7;1916.7
2016.02.21 00:00;1912.5;1970.2;1888.7;1943.2
2016.02.28 00:00;1943.4;2008.5;1922.2;1995.7
2016.03.06 00:00;1995.2;2022.6;1967.8;2021.4
2016.03.13 00:00;2019.1;2052.1;2004.6;2048.3
2016.03.20 00:00;2045.8;2056.7;2021;2038.5
2016.03.27 00:00;2039;2074.9;2027.4;2072.7
2016.04.03 00:00;2071.4;2079.1;2033.1;2049
2016.04.10 00:00;2047.5;2088.2;2036.3;2081.5
2016.04.17 00:00;2070.7;2111.2;2064.7;2091.9
2016.04.24 00:00;2096.5;2099.6;2050.8;2065.5
2016.05.01 00:00;2065;2082.1;2034.7;2058.5
2016.05.08 00:00;2057.1;2083.7;2041.8;2046.2
2016.05.15 00:00;2043.6;2072.3;2024.9;2052.6
2016.05.22 00:00;2055.4;2100.6;2043.4;2100.6
2016.05.29 00:00;2101.3;2107.1;2084;2098.6
2016.06.05 00:00;2098.6;2120.3;2089.1;2096.3
2016.06.12 00:00;2091.3;2098.3;2049.9;2068.1
2016.06.19 00:00;2079.6;2127;2006.4;2025.9
2016.06.26 00:00;2022;2107.8;1989;2103.2
2016.07.03 00:00;2106;2131.4;2073.1;2126.7
2016.07.10 00:00;2126.5;2174.1;2126.2;2151.9
2016.07.17 00:00;2160;2175.7;2157.3;2172.5
2016.07.24 00:00;2173.1;2177.8;2157.8;2176.5
2016.07.31 00:00;2179.7;2183.2;2147.1;2181.8
2016.08.07 00:00;2181.2;2188.9;2171.6;2184.3
2016.08.14 00:00;2184.3;2193.6;2168.4;2184.7
2016.08.21 00:00;2184.3;2193.5;2159.2;2169
2016.08.28 00:00;2168.6;2184.5;2155.9;2179.8
2016.09.04 00:00;2180.1;2190;2120.4;2121.8
2016.09.11 00:00;2122.9;2163.2;2107.5;2138.5
2016.09.18 00:00;2138;2177.9;2131.9;2162.7
2016.09.25 00:00;2161.1;2173.5;2138.1;2162.1
2016.10.02 00:00;2164.1;2169.1;2140.8;2150.5
2016.10.09 00:00;2156;2167.9;2112;2130.4
2016.10.16 00:00;2131.3;2148.2;2121.3;2139.7
2016.10.23 00:00;2140.6;2153.3;2116.4;2127.3
2016.10.30 00:00;2123.1;2134;2082;2084.6
2016.11.06 00:00;2107.9;2183;2031.1;2162.2
2016.11.13 00:00;2166.5;2188.7;2154.4;2181.9
2016.11.20 00:00;2181.5;2212;2180.1;2211.5
2016.11.27 00:00;2209.2;2214;2184.6;2191.3
2016.12.04 00:00;2182.7;2260.9;2179.5;2260.7
2016.12.11 00:00;2260.3;2278;2247.8;2260.3
2016.12.18 00:00;2260.9;2273.9;2255.3;2263.7
2016.12.25 00:00;2262.9;2273;2231.8;2238.5
2017.01.01 00:00;2245.5;2280.5;2243.1;2274.6
2017.01.08 00:00;2274.3;2278.8;2252.1;2274.1
2017.01.15 00:00;2273.6;2276.1;2256.5;2269.9
2017.01.22 00:00;2269.6;2302.5;2255.2;2292.7
2017.01.29 00:00;2285.6;2296.9;2265.5;2294.8
2017.02.05 00:00;2296.3;2317.8;2283.5;2315
2017.02.12 00:00;2315.9;2353;2315.4;2349.5
2017.02.19 00:00;2348;2368.4;2347.2;2365.3
2017.02.26 00:00;2365.5;2401.5;2358.2;2380.6
2017.03.05 00:00;2379.4;2379.6;2354.1;2371.1
2017.03.12 00:00;2371.4;2391.8;2357.9;2378.2
2017.03.19 00:00;2376.8;2381.7;2334.8;2345.5
2017.03.26 00:00;2339.8;2369.5;2320.7;2360.6
2017.04.02 00:00;2360.5;2377.9;2339.4;2355.2
2017.04.09 00:00;2354.5;2365.5;2326.2;2329.8
2017.04.16 00:00;2327.8;2360.6;2325;2347.7
2017.04.23 00:00;2370;2396.7;2367.7;2382.6
2017.04.30 00:00;2383;2401;2377.7;2400.8
2017.05.07 00:00;2404.3;2405.3;2380.4;2390.2
2017.05.14 00:00;2390.6;2405.8;2345.9;2383.3
2017.05.21 00:00;2382.6;2418.3;2379.3;2415.3
2017.05.28 00:00;2415.3;2439.9;2403.3;2437.7
2017.06.04 00:00;2436.1;2445.9;2414.9;2430.4
2017.06.11 00:00;2429.8;2445.5;2418.5;2436.3
2017.06.18 00:00;2435.9;2453;2429.6;2433.7
2017.06.25 00:00;2434.1;2448.9;2404.1;2423.2
2017.07.02 00:00;2424.5;2438.3;2407;2424.5
2017.07.09 00:00;2424.8;2462.5;2411.7;2458.7
2017.07.16 00:00;2458.7;2477.5;2449.2;2471.1
2017.07.23 00:00;2471.1;2481.6;2458.3;2471.7
2017.07.30 00:00;2472;2478.7;2464.5;2472.9
2017.08.06 00:00;2473.8;2489.1;2431.2;2441.4
2017.08.13 00:00;2443.4;2474.2;2419.9;2425.5
2017.08.20 00:00;2429.5;2455;2416.2;2442.7
2017.08.27 00:00;2438.8;2479.6;2421.3;2473.9
2017.09.03 00:00;2463.5;2471.3;2445.5;2462.2
2017.09.10 00:00;2470.8;2501.3;2469.1;2501.3
2017.09.17 00:00;2500.5;2508.6;2493.5;2501.3
2017.09.24 00:00;2499.5;2519.2;2486.5;2519.1
2017.10.01 00:00;2519;2551.9;2518.8;2546.4
2017.10.08 00:00;2545.8;2557;2540.8;2553.9
2017.10.15 00:00;2553.7;2575.7;2543.9;2575
2017.10.22 00:00;2574.7;2581.9;2542.8;2578.3
2017.10.29 00:00;2576.8;2586.6;2563.6;2582.7
2017.11.05 00:00;2581.9;2595.3;2564.1;2579.4
2017.11.12 00:00;2581.5;2589.7;2556.4;2576.2
2017.11.19 00:00;2576.8;2603;2567.9;2601.1
2017.11.26 00:00;2601.6;2658.2;2596.8;2642.6
2017.12.03 00:00;2658.5;2665.2;2620;2651.8
2017.12.10 00:00;2652.4;2680;2648.8;2679.9
2017.12.17 00:00;2679.5;2695.3;2676.8;2683.4
2017.12.24 00:00;2684.4;2695.6;2665.3;2665.8
2017.12.31 00:00;2672.3;2740.9;2672;2739.9
2018.01.07 00:00;2739.7;2787.8;2734.3;2787.2
2018.01.14 00:00;2789.3;2813.1;2767.4;2810.9
2018.01.21 00:00;2802.9;2873.9;2800.1;2872.7
2018.01.28 00:00;2871.9;2876.4;2753.6;2755.6
2018.02.04 00:00;2754.4;2761.1;2527.6;2620.1
2018.02.11 00:00;2624.2;2753.6;2618.8;2735.3
2018.02.18 00:00;2734.6;2749.3;2681.1;2745.2
2018.02.25 00:00;2750.8;2788.9;2646.6;2689.6
2018.03.04 00:00;2682.7;2786.6;2663.4;2783.2
2018.03.11 00:00;2784.4;2802.1;2739.8;2750.3
2018.03.18 00:00;2749.4;2750.6;2581.1;2591.6
2018.03.25 00:00;2590.4;2674.8;2586.1;2631.9
2018.04.01 00:00;2628.5;2667.7;2547.2;2600.4
2018.04.08 00:00;2606.5;2676.4;2605;2655.2
2018.04.15 00:00;2670.5;2714.6;2656.1;2667.2
2018.04.22 00:00;2678.1;2685.1;2607.7;2668.1
2018.04.29 00:00;2666.9;2678.6;2587.8;2659.7
2018.05.06 00:00;2659;2729.6;2649.2;2725.5
2018.05.13 00:00;2728.7;2738.4;2698.1;2710.6
2018.05.20 00:00;2729.6;2740;2702.9;2719.4
2018.05.27 00:00;2727.7;2736;2673.8;2733.8
2018.06.03 00:00;2729.3;2779.3;2728;2778.7
2018.06.10 00:00;2771.3;2791.5;2761.5;2777
2018.06.17 00:00;2776.2;2782.6;2732;2753.2
2018.06.24 00:00;2753.2;2754.2;2689.4;2717.3
2018.07.01 00:00;2720.1;2763.1;2695;2759.6
2018.07.08 00:00;2760.9;2804.4;2760.1;2801.1
2018.07.15 00:00;2804.2;2815.2;2786.9;2800.5
2018.07.22 00:00;2803.1;2846.6;2789.8;2814.5
2018.07.29 00:00;2814.2;2838.7;2788.4;2838.4
2018.08.05 00:00;2839.5;2861.3;2823.8;2837.1
2018.08.12 00:00;2831.1;2855.7;2801.5;2851.7
2018.08.19 00:00;2851.7;2876.3;2845.2;2875.6
2018.08.26 00:00;2876.8;2916.4;2875.9;2905.7
2018.09.02 00:00;2905.4;2911.4;2864.7;2872.5
2018.09.09 00:00;2873.5;2912;2867.3;2905.9
2018.09.16 00:00;2902.6;2941.8;2878.1;2927.1
2018.09.23 00:00;2924.6;2930.8;2902.5;2916.9
2018.09.30 00:00;2919.1;2940;2868.6;2890.4
2018.10.07 00:00;2893;2895.6;2708.4;2768.5
2018.10.14 00:00;2765.1;2820.4;2741.3;2763.8
2018.10.21 00:00;2753.6;2778.1;2623.7;2658.7
2018.10.28 00:00;2663.8;2762.6;2599.4;2719
2018.11.04 00:00;2717.9;2814.9;2709.3;2775.7
2018.11.11 00:00;2774.9;2792.3;2668.9;2739.8
2018.11.18 00:00;2731.1;2746.1;2624.2;2627.6
2018.11.25 00:00;2630.2;2763.3;2629.7;2762.3
2018.12.02 00:00;2794.8;2812.4;2620.2;2636.5
2018.12.09 00:00;2626.8;2685.6;2582.1;2596.1
2018.12.16 00:00;2593.2;2612.9;2407.9;2419.6
2018.12.23 00:00;2404.2;2520.5;2315.3;2486.1
2018.12.30 00:00;2500.3;2537.8;2436.9;2528.3
2019.01.06 00:00;2533.2;2598.1;2522.4;2594.1
2019.01.13 00:00;2589.9;2676.2;2566.1;2675.5
2019.01.20 00:00;2671.5;2671.7;2611.7;2664.5
2019.01.27 00:00;2660.3;2714.6;2621.1;2703.5
2019.02.03 00:00;2697.7;2736.6;2679.9;2707.2
2019.02.10 00:00;2710.2;2777.6;2699.6;2776.7
2019.02.17 00:00;2780.2;2797.1;2763.4;2794.7
2019.02.24 00:00;2798.5;2813.2;2774.5;2805.9
2019.03.03 00:00;2813;2819.2;2721.6;2748.2
2019.03.10 00:00;2742.6;2831.5;2736.7;2825.3
2019.03.17 00:00;2823.5;2861.1;2800.7;2802
2019.03.24 00:00;2809.7;2836.5;2785;2835.3
2019.03.31 00:00;2841.7;2893.9;2841.4;2893.5
2019.04.07 00:00;2893.6;2911;2873.4;2908.2
2019.04.14 00:00;2909.3;2919.8;2886;2907.1
2019.04.21 00:00;2904.5;2939.4;2895.5;2935.9
2019.04.28 00:00;2936.8;2957.9;2897.8;2946.2
2019.05.05 00:00;2903.8;2935.3;2823.4;2884.4
2019.05.12 00:00;2858.2;2891.9;2797.3;2859.6
2019.05.19 00:00;2860.8;2875;2804.1;2829.6
2019.05.26 00:00;2830.3;2839.9;2749.3;2751.7
2019.06.02 00:00;2742.6;2885.7;2728.1;2877.2
2019.06.09 00:00;2893.8;2911.1;2867;2891.6
2019.06.16 00:00;2891.1;2964.2;2884.3;2943.5
2019.06.23 00:00;2944.2;2956.6;2909.4;2949
2019.06.30 00:00;2964.9;2999.7;2950.8;2987.5
2019.07.07 00:00;2988.7;3013.7;2959.1;3010.3
2019.07.14 00:00;3010.6;3019.5;2965.6;2966.9
2019.07.21 00:00;2970.4;3025.6;2968.6;3019.2
2019.07.28 00:00;3020;3023.6;2909.7;2930.9
2019.08.04 00:00;2923.4;2937.2;2772.4;2920.3
2019.08.11 00:00;2919.1;2941.5;2815.2;2889.5
2019.08.18 00:00;2894.9;2937.7;2832.2;2849.3
2019.08.25 00:00;2826.3;2945;2808.2;2921.9
2019.09.01 00:00;2892.3;2987;2887.7;2982.1
2019.09.08 00:00;2981.8;3023.2;2956.6;3006.7
2019.09.15 00:00;2986;3021.6;2978.2;2986.6
2019.09.22 00:00;2998.3;3009.5;2943.5;2965.8
2019.09.29 00:00;2975.4;2991.7;2852.6;2948.3
2019.10.06 00:00;2928.8;2991.6;2879.5;2968.5
2019.10.13 00:00;2966.5;3005.7;2951.7;2987.4
2019.10.20 00:00;2983.5;3024.4;2980;3018
2019.10.27 00:00;3022.2;3063;3018.1;3061.5
2019.11.03 00:00;3064;3095.1;3061.5;3090.2
2019.11.10 00:00;3089.5;3118.1;3072.9;3117.8
2019.11.17 00:00;3116.6;3131.1;3089.7;3110.8
2019.11.24 00:00;3117.8;3153.8;3115.5;3142.8
2019.12.01 00:00;3146.5;3156.9;3068.8;3145.8
2019.12.08 00:00;3147.3;3184.5;3116.3;3171.7
2019.12.15 00:00;3175.6;3229;3173.6;3224.2
2019.12.22 00:00;3225.6;3253.6;3222.6;3236
2019.12.29 00:00;3239.3;3263.1;3207;3235.3
2020.01.05 00:00;3219.9;3287.8;3181.7;3264.6
2020.01.12 00:00;3267.7;3331.5;3267.7;3325
2020.01.19 00:00;3326;3339.5;3283;3293.3
2020.01.26 00:00;3268.7;3300.3;3215.9;3230.9
2020.02.02 00:00;3229.8;3359.8;3227.6;3324.8
2020.02.09 00:00;3323.9;3389;3305.6;3382.9
2020.02.16 00:00;3384.7;3397.9;3329.2;3338.9
2020.02.23 00:00;3309.2;3312.5;2854.3;2989.2
2020.03.01 00:00;2912;3138;2891;2964.2
2020.03.08 00:00;2902.8;2902.8;2394.1;2662.5
2020.03.15 00:00;2639.8;2650.6;2267;2274.3
2020.03.22 00:00;2224;2638.5;2177.4;2525.4
2020.03.29 00:00;2471.7;2640.9;2430.3;2485.5
2020.04.05 00:00;2504.5;2814.1;2504.5;2789.3
2020.04.12 00:00;2811.5;2890.4;2716.7;2873.7
2020.04.19 00:00;2863.6;2880.8;2723.2;2834.6
2020.04.26 00:00;2844.6;2972.2;2819.8;2826.8
2020.05.03 00:00;2793.5;2939.1;2778.9;2936.6
2020.05.10 00:00;2925.4;2953.2;2765.7;2859.4
2020.05.17 00:00;2858.2;2980.7;2855.4;2960.3
2020.05.24 00:00;2955.7;3068.6;2953.9;3060.1
