2020.01.22 10:00;9221.9;9226.9;9213.4;9213.9
2020.01.22 11:00;9214.3;9221.3;9208.3;9215.9
2020.01.22 12:00;9215.8;9223.3;9212.8;9219.4
2020.01.22 13:00;9219.3;9225.4;9216.3;9223.9
2020.01.22 14:00;9223.8;9231.5;9223.4;9225.3
2020.01.22 15:00;9225;9226.9;9215.3;9217.9
2020.01.22 16:00;9218;9235;9203.3;9231
2020.01.22 17:00;9231.3;9245.3;9216.9;9229.3
2020.01.22 18:00;9228.9;9232.3;9210.3;9222.5
2020.01.22 19:00;9222.8;9231.9;9211.3;9231.8
2020.01.22 20:00;9231.9;9238.3;9219.9;9219.9
2020.01.22 21:00;9220;9228.4;9214.3;9219.8
2020.01.22 22:00;9219.6;9220.3;9181.3;9192.5
2020.01.22 23:00;9192.5;9198.3;9172.4;9180.3
2020.01.23 01:00;9178.8;9189.8;9169.8;9174.3
2020.01.23 02:00;9174.4;9187.9;9169.8;9183.5
2020.01.23 03:00;9183.8;9195.8;9177.8;9194.4
2020.01.23 04:00;9194.3;9200.9;9188.3;9191.9
2020.01.23 05:00;9191.8;9194.4;9175;9176.8
2020.01.23 06:00;9176.9;9187.9;9174.4;9180.8
2020.01.23 07:00;9180.9;9181;9166.3;9167.8
2020.01.23 08:00;9167.9;9175.4;9166.6;9171.4
2020.01.23 09:00;9171.3;9196.3;9169.9;9192.3
2020.01.23 10:00;9192.3;9195.9;9179.9;9187.3
2020.01.23 11:00;9187.4;9191;9181.8;9185.5
2020.01.23 12:00;9185.3;9198.9;9184.8;9197.3
2020.01.23 13:00;9197;9200.3;9189.9;9194.8
2020.01.23 14:00;9194.9;9202.8;9183.8;9187.3
2020.01.23 15:00;9187.4;9194.8;9177.8;9181.3
2020.01.23 16:00;9181;9192.8;9143.9;9181.2
2020.01.23 17:00;9180.9;9206.7;9175.8;9182.3
2020.01.23 18:00;9182;9188.4;9167.9;9184.9
2020.01.23 19:00;9185;9198.8;9178.8;9182.1
2020.01.23 20:00;9182;9205.9;9177.4;9204.3
2020.01.23 21:00;9203.9;9218.4;9201.4;9217.8
2020.01.23 22:00;9217.9;9225;9208.9;9219.4
2020.01.23 23:00;9220.1;9245.4;9218.8;9244.4
2020.01.24 01:00;9243.1;9264.6;9242.6;9262.6
2020.01.24 02:00;9262.8;9263.6;9253.6;9254.2
2020.01.24 03:00;9254.1;9261.2;9246.1;9253.1
2020.01.24 04:00;9253.1;9258.3;9249.1;9257.1
2020.01.24 05:00;9256.7;9258.2;9253.6;9255.2
2020.01.24 06:00;9255.1;9263.1;9254.7;9261.6
2020.01.24 07:00;9261.2;9261.7;9258.6;9260.7
2020.01.24 08:00;9261.1;9262.1;9259.1;9259.2
2020.01.24 09:00;9259.1;9259.1;9252.1;9252.7
2020.01.24 10:00;9252.6;9280.1;9251.1;9276.2
2020.01.24 11:00;9276.1;9279.1;9269.8;9270.6
2020.01.24 12:00;9270.2;9273.2;9265.2;9266.1
2020.01.24 13:00;9266.1;9275.6;9266.1;9274.8
2020.01.24 14:00;9275.1;9276.1;9264.6;9267.1
2020.01.24 15:00;9266.6;9273.4;9263.2;9266.6
2020.01.24 16:00;9266.2;9275.6;9248.7;9261.6
2020.01.24 17:00;9261.7;9262.3;9221.1;9235.6
2020.01.24 18:00;9235.7;9248.2;9198.7;9199.7
2020.01.24 19:00;9199.5;9200.1;9155.1;9190.6
2020.01.24 20:00;9190.6;9191.1;9125.7;9143.7
2020.01.24 21:00;9143.6;9147.8;9102.6;9147.2
2020.01.24 22:00;9147.3;9163.2;9119.1;9144.2
2020.01.24 23:00;9144.3;9150.1;9129.7;9130.6
2020.01.27 01:00;9049.5;9062.5;8988.3;9008.5
2020.01.27 02:00;9008.4;9039.9;9006.3;9039.3
2020.01.27 03:00;9039.3;9039.9;9022.9;9032.8
2020.01.27 04:00;9032.8;9032.9;8999.3;9008.9
2020.01.27 05:00;9009.3;9035;9009.3;9027.8
2020.01.27 06:00;9027.9;9032.9;9022.3;9023.4
2020.01.27 07:00;9023.3;9029.3;9012.5;9017.8
2020.01.27 08:00;9018.1;9026.9;9013.9;9024.4
2020.01.27 09:00;9024.8;9036.3;9015.8;9025.8
2020.01.27 10:00;9026.7;9047.8;9015.4;9033.5
2020.01.27 11:00;9033.4;9033.9;8987.1;8998.8
2020.01.27 12:00;8998.5;8998.5;8951.2;8953.3
2020.01.27 13:00;8952.9;8981.3;8936.9;8967.8
2020.01.27 14:00;8967.9;8992.8;8965.8;8972.9
2020.01.27 15:00;8974;8983.2;8962.3;8971.3
2020.01.27 16:00;8971.3;8984.1;8920.3;8978.3
2020.01.27 17:00;8978;8988.3;8940.4;8957.5
2020.01.27 18:00;8957.3;8976.5;8937.9;8970.9
2020.01.27 19:00;8970.8;9004.9;8960.3;8989.8
2020.01.27 20:00;8989.9;9002.5;8981;8988.9
2020.01.27 21:00;8989.3;9004.3;8959.5;8972.3
2020.01.27 22:00;8971.8;8981.9;8948.8;8955.3
2020.01.27 23:00;8955.3;8958.4;8943.8;8955.5
2020.01.28 01:00;8948.4;8980.3;8948.4;8973.9
2020.01.28 02:00;8973.8;8980.8;8960.3;8964
2020.01.28 03:00;8964.3;8994.8;8962;8983.4
2020.01.28 04:00;8983.3;8985.8;8969.8;8982.8
2020.01.28 05:00;8982.8;8983.8;8975.8;8983.3
2020.01.28 06:00;8983.4;9008.3;8982.4;9003.5
2020.01.28 07:00;9003.3;9022.8;9000.9;9020.3
2020.01.28 08:00;9020.3;9034.9;9014.8;9034.3
2020.01.28 09:00;9034;9035.3;9023.8;9027.9
2020.01.28 10:00;9027.8;9030.8;8992.9;8997.8
2020.01.28 11:00;8997.4;8997.8;8969.8;8988.3
2020.01.28 12:00;8988.4;8998.3;8981.4;8988.5
2020.01.28 13:00;8988.5;9014.8;8973.8;9012.8
2020.01.28 14:00;9012.9;9034.8;9004.9;9025
2020.01.28 15:00;9024.5;9033.8;9016.3;9023.3
2020.01.28 16:00;9023.3;9034.9;8996.8;9012.4
2020.01.28 17:00;9013.2;9073.8;9011.8;9068.3
2020.01.28 18:00;9068;9092.3;9056.4;9091.3
2020.01.28 19:00;9091.4;9101.8;9085.3;9089.9
2020.01.28 20:00;9089.8;9099.5;9077.8;9096.8
2020.01.28 21:00;9096.8;9112.4;9096.8;9106.3
2020.01.28 22:00;9106.4;9114.8;9092.4;9093.9
2020.01.28 23:00;9094;9131.3;9091.4;9116
2020.01.29 01:00;9119.4;9121.2;9087.3;9095.2
2020.01.29 02:00;9095.3;9096.8;9088.7;9093.2
2020.01.29 03:00;9093.7;9142.4;9090.7;9132.9
2020.01.29 04:00;9132.8;9138.4;9129.3;9134.7
2020.01.29 05:00;9134.4;9146.4;9132.3;9142.4
2020.01.29 06:00;9142.7;9142.7;9132.3;9136.4
2020.01.29 07:00;9136.2;9140.2;9131.8;9132.7
2020.01.29 08:00;9132.4;9134.7;9124.3;9124.4
2020.01.29 09:00;9124.9;9126.2;9116.8;9122.4
2020.01.29 10:00;9122.7;9137.7;9111.8;9129.9
2020.01.29 11:00;9129.7;9135.7;9117.2;9123.2
2020.01.29 12:00;9122.9;9139.9;9122.7;9138.9
2020.01.29 13:00;9139.2;9151.7;9135.8;9146.4
2020.01.29 14:00;9146.9;9152.2;9137.8;9141.4
2020.01.29 15:00;9140.8;9148.4;9131.3;9132.4
2020.01.29 16:00;9132.7;9154.2;9096.7;9100.9
2020.01.29 17:00;9099.9;9110.9;9068.1;9109.9
2020.01.29 18:00;9110.2;9124;9103.8;9121.2
2020.01.29 19:00;9121.2;9133.4;9119.4;9125.4
2020.01.29 20:00;9125.3;9140;9117.2;9132.7
2020.01.29 21:00;9133.2;9153.2;9123.4;9138.7
2020.01.29 22:00;9138.9;9142.7;9101.9;9104.7
2020.01.29 23:00;9105.4;9128.4;9075.9;9099.8
2020.01.30 01:00;9103.8;9131.3;9101.8;9116.5
2020.01.30 02:00;9116.4;9121.8;9090.3;9097.8
2020.01.30 03:00;9097.5;9107.3;9086.9;9093.3
2020.01.30 04:00;9093.3;9094.9;9050.3;9061.3
2020.01.30 05:00;9061.3;9075.8;9047;9053.8
2020.01.30 06:00;9053.5;9056.5;9044.4;9053.3
2020.01.30 07:00;9053.3;9062.8;9037.9;9054.4
2020.01.30 08:00;9054.8;9058.3;9039.3;9042.4
2020.01.30 09:00;9042.3;9048.3;8998.4;9012.5
2020.01.30 10:00;9012.7;9033.9;9001.5;9033
2020.01.30 11:00;9033.3;9064.3;9027.9;9046.5
2020.01.30 12:00;9046.8;9048.3;9032.3;9036.3
2020.01.30 13:00;9036.3;9039.3;9012.9;9033.3
2020.01.30 14:00;9033.5;9044.3;9026.8;9031.8
2020.01.30 15:00;9031.3;9067.9;9025.5;9054
2020.01.30 16:00;9054.3;9109.5;9039.4;9080.3
2020.01.30 17:00;9079.4;9103.9;9020.6;9022.4
2020.01.30 18:00;9022.3;9087.3;9019.4;9069.4
2020.01.30 19:00;9069.8;9076.3;9027.1;9039.4
2020.01.30 20:00;9039.8;9056.4;9030.4;9051.9
2020.01.30 21:00;9052.3;9111.3;9048.4;9093.9
2020.01.30 22:00;9094.3;9142.9;9088.3;9139.3
2020.01.30 23:00;9138.5;9234.8;9137.5;9231.3
2020.01.31 01:00;9218.6;9223.3;9208.6;9213.3
2020.01.31 02:00;9213.2;9225.6;9199.1;9224.8
2020.01.31 03:00;9224.7;9243.6;9206.2;9206.3
2020.01.31 04:00;9206.9;9238.8;9206.9;9228.1
2020.01.31 05:00;9228.6;9233.1;9218.1;9226.8
2020.01.31 06:00;9226.7;9235.6;9223.1;9235.6
2020.01.31 07:00;9235.6;9238.7;9217.8;9217.8
2020.01.31 08:00;9217.8;9218.7;9206.6;9216.6
2020.01.31 09:00;9216.7;9217.7;9186.2;9187.8
2020.01.31 10:00;9187.6;9193.3;9172.6;9175.1
2020.01.31 11:00;9175.2;9181.1;9162.6;9171.3
2020.01.31 12:00;9171.6;9176.1;9133.3;9153.3
2020.01.31 13:00;9153.2;9168.8;9148.2;9166.3
2020.01.31 14:00;9166.9;9194.6;9166.6;9180.6
2020.01.31 15:00;9180.6;9188.1;9164.6;9181.7
2020.01.31 16:00;9181.8;9196.1;9098.1;9124.1
2020.01.31 17:00;9123.8;9123.8;9047.9;9057.6
2020.01.31 18:00;9057.2;9072.1;9009.2;9067.2
2020.01.31 19:00;9067.1;9067.3;9010.8;9031.1
2020.01.31 20:00;9031.1;9043.7;8992.1;9017.6
2020.01.31 21:00;9017.7;9040.8;9007.2;9018.9
2020.01.31 22:00;9019.2;9028.1;8960.6;8989.6
2020.01.31 23:00;8989.9;9014.1;8987.6;9008.8
2020.02.03 01:00;8993.7;9033.7;8985.7;9017.2
2020.02.03 02:00;9016.7;9062.2;9008.2;9041.8
2020.02.03 03:00;9041.9;9075.9;9025.2;9074.8
2020.02.03 04:00;9075.2;9088.7;9050.2;9052.7
2020.02.03 05:00;9052.3;9075.2;9048.7;9070.3
2020.02.03 06:00;9070.7;9074.2;9061.3;9068.4
2020.02.03 07:00;9068.2;9084.7;9066.8;9078.2
2020.02.03 08:00;9078.3;9078.9;9049.8;9054.7
2020.02.03 09:00;9054.4;9076.7;9049.8;9065.2
2020.02.03 10:00;9064.8;9074.7;9032.3;9055.2
2020.02.03 11:00;9055.9;9059.7;9030.2;9030.2
2020.02.03 12:00;9030.2;9041.7;9022.3;9034.4
2020.02.03 13:00;9034.9;9053.9;9034.9;9042.8
2020.02.03 14:00;9042.7;9047.2;9029.3;9039.8
2020.02.03 15:00;9039.8;9069.2;9038.8;9054.7
2020.02.03 16:00;9054.7;9124.4;9032.9;9123.2
2020.02.03 17:00;9123.2;9152.5;9116.2;9127.4
2020.02.03 18:00;9127.9;9143.4;9101.2;9115.4
2020.02.03 19:00;9115.2;9143.2;9107.7;9139.8
2020.02.03 20:00;9139.9;9141.9;9103.7;9124.7
2020.02.03 21:00;9123.8;9132.4;9108.7;9122.7
2020.02.03 22:00;9122.9;9146.2;9115.3;9127.3
2020.02.03 23:00;9128.2;9136.2;9086.3;9102.4
2020.02.04 01:00;9090.6;9093.6;9070.4;9087.1
2020.02.04 02:00;9087.1;9107.9;9084.6;9104.1
2020.02.04 03:00;9103.8;9154.4;9102.6;9148.3
2020.02.04 04:00;9148.8;9151.6;9132.6;9144.6
2020.02.04 05:00;9144.3;9182.9;9135.8;9170.1
2020.02.04 06:00;9170.1;9181.6;9165.8;9170.9
2020.02.04 07:00;9171.4;9183.1;9167.6;9177.6
2020.02.04 08:00;9177.3;9194.6;9175.1;9187.1
2020.02.04 09:00;9187.6;9193.9;9166.8;9184.9
2020.02.04 10:00;9184.6;9224.9;9179.6;9214.9
2020.02.04 11:00;9214.4;9233.6;9208.6;9229.8
2020.02.04 12:00;9230.1;9232.9;9218.1;9218.3
2020.02.04 13:00;9218.6;9231.6;9213.6;9225.4
2020.02.04 14:00;9225.4;9254.9;9218.2;9254.1
2020.02.04 15:00;9253.8;9261.6;9245.1;9258.9
2020.02.04 16:00;9258.6;9273.1;9224.4;9262.9
2020.02.04 17:00;9262.8;9292.9;9249.6;9282.4
2020.02.04 18:00;9282.3;9325.9;9280.9;9321.4
2020.02.04 19:00;9321.6;9330.1;9316.9;9326.4
2020.02.04 20:00;9326.7;9332.9;9308.1;9331.1
2020.02.04 21:00;9331.1;9350.4;9329.3;9345.9
2020.02.04 22:00;9345.6;9356.4;9328.8;9337.6
2020.02.04 23:00;9336.6;9366.1;9331.1;9356.4
2020.02.05 01:00;9349.2;9360.9;9333.7;9334.9
2020.02.05 02:00;9334.2;9350.7;9322.8;9326.3
2020.02.05 03:00;9326.4;9348.7;9315.3;9345.3
2020.02.05 04:00;9345.3;9345.7;9329.2;9329.3
2020.02.05 05:00;9329.7;9338.4;9322.7;9334.2
2020.02.05 06:00;9333.8;9344.2;9333.3;9341.4
2020.02.05 07:00;9341.7;9344.2;9317.8;9324.9
2020.02.05 08:00;9325.2;9336.4;9323.2;9333.2
2020.02.05 09:00;9333.2;9340.9;9326.2;9329.7
2020.02.05 10:00;9329.2;9416.2;9326.9;9396.7
2020.02.05 11:00;9396.9;9458.3;9387.8;9451.7
2020.02.05 12:00;9451.7;9454.2;9429.3;9437.4
2020.02.05 13:00;9437.3;9449.8;9416.7;9423.9
2020.02.05 14:00;9423.4;9441.9;9419.2;9428.2
2020.02.05 15:00;9428.7;9459.4;9425.8;9456.2
2020.02.05 16:00;9455.9;9456.2;9369.3;9393.7
2020.02.05 17:00;9391.7;9403.9;9315.2;9345.7
2020.02.05 18:00;9345.1;9362.4;9324.7;9359.9
2020.02.05 19:00;9359.9;9370.4;9348.7;9351.7
2020.02.05 20:00;9351.9;9358.2;9331.7;9351.8
2020.02.05 21:00;9351.9;9383.4;9338.8;9381.2
2020.02.05 22:00;9381.4;9398.2;9354.2;9372.3
2020.02.05 23:00;9372.7;9392.7;9363.2;9385.7
2020.02.06 01:00;9390.1;9391.8;9374.8;9376.6
2020.02.06 02:00;9376.1;9388.1;9370.6;9382.3
2020.02.06 03:00;9382.2;9422.1;9379.1;9404.7
2020.02.06 04:00;9404.8;9423.1;9404.8;9421.7
2020.02.06 05:00;9422.1;9427.7;9411.7;9418.7
2020.02.06 06:00;9418.6;9442.6;9413.1;9441.3
2020.02.06 07:00;9441.2;9450.1;9439.6;9444.3
2020.02.06 08:00;9444.5;9456.1;9434.7;9435.6
2020.02.06 09:00;9436;9448.1;9425.3;9444.3
2020.02.06 10:00;9443.6;9447.2;9427.6;9429.1
2020.02.06 11:00;9429.6;9438.3;9404.8;9411.8
2020.02.06 12:00;9411.7;9416.7;9396.3;9398.2
2020.02.06 13:00;9398.3;9431.1;9396.6;9428.8
2020.02.06 14:00;9429.1;9431.7;9407.1;9412.1
2020.02.06 15:00;9412.6;9420.1;9398.3;9403.6
2020.02.06 16:00;9403.3;9408.7;9358.2;9408.7
2020.02.06 17:00;9409.2;9419.2;9386.1;9413.6
2020.02.06 18:00;9413.3;9441.1;9408.1;9421.1
2020.02.06 19:00;9421.1;9446.3;9419.1;9444.7
2020.02.06 20:00;9444.1;9448.2;9427.6;9438.1
2020.02.06 21:00;9438.1;9443.1;9426.7;9427.6
2020.02.06 22:00;9428.1;9451.3;9421.2;9448.1
2020.02.06 23:00;9448.2;9458.6;9439.7;9457.9
2020.02.07 01:00;9459.4;9462.9;9453.8;9459.5
2020.02.07 02:00;9459.8;9462.9;9421.5;9432.8
2020.02.07 03:00;9432.8;9442.3;9417;9429.5
2020.02.07 04:00;9429.8;9444.8;9428.5;9431.3
2020.02.07 05:00;9431;9438.9;9429.4;9437.4
2020.02.07 06:00;9437.9;9437.9;9428.8;9431.8
2020.02.07 07:00;9431.4;9432.8;9419.3;9429.4
2020.02.07 08:00;9428.9;9457;9424.9;9450.3
2020.02.07 09:00;9450.3;9457.3;9429.9;9436.8
2020.02.07 10:00;9436.9;9442.8;9426.7;9437.4
2020.02.07 11:00;9437.4;9440.8;9410.8;9413.3
2020.02.07 12:00;9413.1;9416.4;9395;9395.3
2020.02.07 13:00;9394.9;9414.3;9388.3;9413.3
2020.02.07 14:00;9413.8;9423.6;9411.9;9420.8
2020.02.07 15:00;9420.8;9447;9395.4;9405.9
2020.02.07 16:00;9405.8;9417;9378.3;9392.3
2020.02.07 17:00;9392.3;9432.4;9381.3;9420.9
2020.02.07 18:00;9420.8;9456.5;9412.3;9445.3
2020.02.07 19:00;9444.8;9455.8;9439.4;9445.9
2020.02.07 20:00;9445.8;9446.3;9407.3;9407.3
2020.02.07 21:00;9407.4;9411;9379.3;9409.1
2020.02.07 22:00;9409.3;9412.3;9389.4;9404
2020.02.07 23:00;9403.8;9406.8;9393.3;9393.3
2020.02.10 01:00;9392.4;9418.2;9325;9350.5
2020.02.10 02:00;9350.2;9372.2;9350.2;9366.2
2020.02.10 03:00;9366.5;9414;9358.5;9400.2
2020.02.10 04:00;9400.7;9434.2;9398.5;9423.2
2020.02.10 05:00;9423.4;9428.2;9409.5;9410.7
2020.02.10 06:00;9411.2;9422.2;9399;9402.5
2020.02.10 07:00;9402.7;9421;9400.2;9416.7
2020.02.10 08:00;9416;9428.7;9410.2;9422.5
2020.02.10 09:00;9422.7;9428;9405.7;9408.7
2020.02.10 10:00;9409;9420.2;9378.7;9392.5
2020.02.10 11:00;9392.9;9416.5;9391.5;9398.7
2020.02.10 12:00;9398.5;9424.5;9389.5;9414
2020.02.10 13:00;9414.7;9423;9412.2;9416.7
2020.02.10 14:00;9416.5;9420.7;9401.2;9404.7
2020.02.10 15:00;9405.3;9411.5;9388.2;9394.5
2020.02.10 16:00;9394.2;9443;9373;9442.5
2020.02.10 17:00;9442.2;9473;9438.7;9453
2020.02.10 18:00;9453;9479.5;9448.7;9471
2020.02.10 19:00;9470.7;9471;9451;9459.7
2020.02.10 20:00;9460;9473;9458.2;9466
2020.02.10 21:00;9466;9488;9460;9486.2
2020.02.10 22:00;9486.5;9519.7;9485.7;9519.7
2020.02.10 23:00;9520.5;9525.8;9514.5;9521
2020.02.11 01:00;9517.3;9522.8;9511.8;9519.8
2020.02.11 02:00;9520.1;9545.8;9513.6;9538.1
2020.02.11 03:00;9538.3;9567.1;9536.1;9565.3
2020.02.11 04:00;9565.1;9576.8;9563.6;9565.8
2020.02.11 05:00;9565.6;9569.6;9560.8;9566.6
2020.02.11 06:00;9566.3;9567.8;9560.8;9566.1
2020.02.11 07:00;9566.1;9573.3;9561.8;9569.8
2020.02.11 08:00;9569.8;9572.6;9562.1;9565.1
2020.02.11 09:00;9564.1;9564.6;9549.1;9555.8
2020.02.11 10:00;9555.1;9562.2;9547.1;9553.3
2020.02.11 11:00;9553.2;9556.3;9540.6;9553.3
2020.02.11 12:00;9553.6;9564.6;9552.6;9562.8
2020.02.11 13:00;9562.6;9566.8;9548.8;9550.3
2020.02.11 14:00;9550.1;9568.8;9550.1;9564.6
2020.02.11 15:00;9564.8;9571.1;9554.3;9570.8
2020.02.11 16:00;9570.8;9577.3;9533.6;9551.8
2020.02.11 17:00;9552.1;9604.1;9552.1;9593.3
2020.02.11 18:00;9593.1;9602.3;9547.3;9554.1
2020.02.11 19:00;9554.3;9574.3;9551.1;9574.3
2020.02.11 20:00;9574.1;9586.6;9542.8;9548.1
2020.02.11 21:00;9548.5;9551.1;9518.8;9529.6
2020.02.11 22:00;9529.8;9538.3;9496.1;9520.1
2020.02.11 23:00;9520.3;9528.3;9517.6;9527.3
2020.02.12 01:00;9529.1;9542.1;9529.1;9535.9
2020.02.12 02:00;9536.4;9542.4;9519.1;9529.6
2020.02.12 03:00;9529.2;9539.1;9524.1;9533.1
2020.02.12 04:00;9532.9;9537.4;9529.1;9533.4
2020.02.12 05:00;9533.6;9548.7;9533.1;9545.6
2020.02.12 06:00;9545.6;9553.1;9544.1;9552.1
2020.02.12 07:00;9552.1;9559.9;9550.9;9557.9
2020.02.12 08:00;9557.6;9564.4;9553.4;9556.1
2020.02.12 09:00;9555.9;9561.4;9551.1;9553.6
2020.02.12 10:00;9553.9;9579.1;9548.9;9570.4
2020.02.12 11:00;9570.6;9572.6;9562.9;9566.6
2020.02.12 12:00;9566.6;9571.6;9562.6;9571.1
2020.02.12 13:00;9570.9;9576.1;9569.1;9572.9
2020.02.12 14:00;9573.1;9573.1;9557.6;9564.1
2020.02.12 15:00;9563.9;9575.1;9562.1;9570.6
2020.02.12 16:00;9570.6;9598.9;9556.1;9577.1
2020.02.12 17:00;9577.4;9585.4;9554.4;9567.6
2020.02.12 18:00;9568.1;9605.9;9567.4;9596.9
2020.02.12 19:00;9597.1;9614.6;9590.6;9609.4
2020.02.12 20:00;9609.6;9611.9;9593.6;9604.1
2020.02.12 21:00;9603.9;9608.6;9596.4;9602.1
2020.02.12 22:00;9602.4;9618.9;9591.6;9615.4
2020.02.12 23:00;9615.7;9623.1;9608.1;9618.9
2020.02.13 01:00;9614.7;9620.2;9555.7;9570.5
2020.02.13 02:00;9570.9;9591;9563.5;9577.7
2020.02.13 03:00;9577.5;9593.5;9575.2;9584.7
2020.02.13 04:00;9585.3;9591.2;9577.7;9587
2020.02.13 05:00;9587;9590.3;9581.5;9581.5
2020.02.13 06:00;9581.6;9585.7;9570;9570.5
2020.02.13 07:00;9570.7;9580.2;9569;9578
2020.02.13 08:00;9578.2;9580.2;9566.7;9570.5
2020.02.13 09:00;9570.5;9572;9556.2;9559
2020.02.13 10:00;9559.2;9570.2;9556.7;9562.5
2020.02.13 11:00;9562.5;9562.5;9529;9536.2
2020.02.13 12:00;9535.5;9543.5;9505.7;9535.2
2020.02.13 13:00;9535.5;9551.3;9520.8;9544.2
2020.02.13 14:00;9545;9551.7;9518.5;9540
2020.02.13 15:00;9540;9561.5;9537;9556
2020.02.13 16:00;9556;9586.7;9533.7;9565.3
2020.02.13 17:00;9566;9604;9548.7;9602.3
2020.02.13 18:00;9602;9624.7;9597.7;9609.7
2020.02.13 19:00;9609.2;9625.3;9598.7;9599.5
2020.02.13 20:00;9599.2;9637.5;9594.2;9633
2020.02.13 21:00;9632.5;9639;9619.5;9628.7
2020.02.13 22:00;9628.5;9633.8;9589.2;9599.3
2020.02.13 23:00;9599;9621.5;9599;9619
2020.02.14 01:00;9618;9620.7;9595.7;9604.5
2020.02.14 02:00;9605;9616;9596;9613
2020.02.14 03:00;9613.2;9630;9605.5;9628.2
2020.02.14 04:00;9628.2;9639.5;9619.7;9639.5
2020.02.14 05:00;9639.2;9654.2;9639.2;9642
2020.02.14 06:00;9641.5;9644.5;9637;9640.7
2020.02.14 07:00;9640.7;9645;9633.2;9636.2
2020.02.14 08:00;9636.5;9637.3;9627;9633.2
2020.02.14 09:00;9633.5;9643.2;9630;9636.2
2020.02.14 10:00;9636.2;9639;9626.7;9628.3
2020.02.14 11:00;9628.7;9632;9620.5;9630
2020.02.14 12:00;9630;9637.8;9628.7;9635.7
2020.02.14 13:00;9635.7;9637.3;9626.5;9634
2020.02.14 14:00;9635;9644.2;9634;9642.2
2020.02.14 15:00;9642.7;9643;9609.7;9618.2
2020.02.14 16:00;9618.2;9635;9598.5;9605
2020.02.14 17:00;9604.7;9633.3;9588.7;9631.8
2020.02.14 18:00;9632.3;9636.7;9616.7;9619.2
2020.02.14 19:00;9618.7;9622.8;9591.2;9598.5
2020.02.14 20:00;9598.2;9607.2;9589.7;9594.2
2020.02.14 21:00;9594.5;9618;9584;9608.2
2020.02.14 22:00;9608.5;9625;9595.5;9624.7
2020.02.14 23:00;9624.7;9630.8;9621.7;9629.2
2020.02.17 01:00;9633.6;9664.3;9633.3;9659.4
2020.02.17 02:00;9658.6;9663.4;9650.7;9651.6
2020.02.17 03:00;9650.9;9671.7;9649.4;9667.9
2020.02.17 04:00;9667.2;9671.7;9663.7;9667.2
2020.02.17 05:00;9667.9;9669.4;9664.9;9668.2
2020.02.17 06:00;9667.4;9668.6;9665.2;9666.7
2020.02.17 07:00;9667.4;9675.1;9665.6;9672.4
2020.02.17 08:00;9673.1;9683.1;9669.1;9671.4
2020.02.17 09:00;9670.7;9671.9;9664.4;9670.4
2020.02.17 10:00;9671.4;9677.1;9662.7;9667.6
2020.02.17 11:00;9666.9;9671.4;9664.4;9669.9
2020.02.17 12:00;9669.2;9673.1;9667.4;9668.2
2020.02.17 13:00;9668.9;9671.4;9666.2;9669.9
2020.02.17 14:00;9669.2;9670.9;9658.3;9663.7
2020.02.17 15:00;9664.4;9664.4;9651.7;9653.9
2020.02.17 16:00;9654.6;9660.8;9651.4;9657.8
2020.02.17 17:00;9657.5;9662.5;9654.7;9661
2020.02.17 18:00;9661.3;9664.5;9659;9663.3
2020.02.17 19:00;9663.7;9665.5;9658.8;9663.8
2020.02.18 01:00;9599.2;9610.6;9575.7;9598.4
2020.02.18 02:00;9598.4;9598.7;9583.7;9585.9
2020.02.18 03:00;9585.1;9591.4;9574.9;9583.1
2020.02.18 04:00;9582.4;9588.8;9560.4;9565.8
2020.02.18 05:00;9565.1;9573.6;9564.3;9569.3
2020.02.18 06:00;9568.6;9574.8;9563.6;9574.1
2020.02.18 07:00;9573.3;9573.3;9567.2;9572.4
2020.02.18 08:00;9571.7;9574.6;9562.1;9563.3
2020.02.18 09:00;9562.6;9562.6;9530.2;9533.6
2020.02.18 10:00;9534.3;9559.1;9533.3;9547.1
2020.02.18 11:00;9546.4;9547.3;9532.3;9543
2020.02.18 12:00;9541.7;9564.6;9536.9;9562.3
2020.02.18 13:00;9563;9563;9549.4;9552.3
2020.02.18 14:00;9553;9570.3;9552.3;9566.1
2020.02.18 15:00;9566.8;9587.8;9562.2;9576.7
2020.02.18 16:00;9577.6;9618.8;9571.4;9618.8
2020.02.18 17:00;9619.2;9624.2;9590.5;9615.3
2020.02.18 18:00;9614.9;9619.2;9574.7;9577.9
2020.02.18 19:00;9578.2;9611.2;9575.2;9607.7
2020.02.18 20:00;9608.3;9625.4;9607.4;9611.7
2020.02.18 21:00;9612.2;9644.2;9604.7;9641.2
2020.02.18 22:00;9641.5;9650.7;9625.8;9632.2
2020.02.18 23:00;9631.9;9638.8;9628.9;9637.6
2020.02.19 01:00;9633.8;9656.9;9633.8;9656.9
2020.02.19 02:00;9657.6;9661.4;9651.2;9653.8
2020.02.19 03:00;9654.6;9657.1;9640.8;9655.6
2020.02.19 04:00;9656.3;9665.7;9653.4;9656.3
2020.02.19 05:00;9655.6;9670.2;9655.6;9666.3
2020.02.19 06:00;9667.1;9670.2;9658.8;9659.6
2020.02.19 07:00;9660.3;9664.6;9657.4;9661.1
2020.02.19 08:00;9660.4;9660.4;9653.8;9657.1
2020.02.19 09:00;9656.1;9665.9;9654.6;9665.2
2020.02.19 10:00;9664.4;9664.4;9645.1;9652.4
2020.02.19 11:00;9653.2;9665.1;9653.2;9659.6
2020.02.19 12:00;9658.9;9665.3;9657.4;9662.4
2020.02.19 13:00;9661.7;9664.6;9655.7;9663.6
2020.02.19 14:00;9662.9;9678.8;9662.1;9677.6
2020.02.19 15:00;9676.9;9677.9;9670.1;9675.6
2020.02.19 16:00;9674.9;9710.2;9674.9;9705.3
2020.02.19 17:00;9705;9716.2;9699.4;9714.4
2020.02.19 18:00;9714.9;9731.7;9713.9;9727.4
2020.02.19 19:00;9727.7;9736.7;9722.4;9730.2
2020.02.19 20:00;9730.6;9732.2;9726.2;9728.4
2020.02.19 21:00;9728.1;9741.4;9722.9;9735.1
2020.02.19 22:00;9735.4;9736.7;9713.2;9722
2020.02.19 23:00;9721.6;9730.9;9721.3;9725.7
2020.02.20 01:00;9733.3;9738.1;9727.9;9737.4
2020.02.20 02:00;9738.2;9755.1;9738.2;9749.7
2020.02.20 03:00;9749.3;9752.9;9728.1;9728.1
2020.02.20 04:00;9728.9;9733.1;9702.6;9703.6
2020.02.20 05:00;9702.9;9712;9681.4;9686.2
2020.02.20 06:00;9685.4;9707.2;9679.4;9704.2
2020.02.20 07:00;9704.9;9713.7;9701.2;9710.2
2020.02.20 08:00;9710.9;9723.4;9707.7;9719.7
2020.02.20 09:00;9718.7;9736.4;9715.4;9732.1
2020.02.20 10:00;9732.9;9732.9;9701.2;9709.9
2020.02.20 11:00;9710.7;9721.7;9707.9;9718.2
2020.02.20 12:00;9718.9;9722.1;9706.4;9713.2
2020.02.20 13:00;9712.4;9713.9;9696.2;9698.4
2020.02.20 14:00;9697.7;9709.6;9697.7;9706.1
2020.02.20 15:00;9705.4;9711.9;9684.4;9694.6
2020.02.20 16:00;9693.9;9712.5;9679.8;9707.6
2020.02.20 17:00;9708.7;9718.8;9690.8;9695.6
2020.02.20 18:00;9695.2;9695.6;9510.7;9577.2
2020.02.20 19:00;9576.8;9578.1;9541.5;9576.6
2020.02.20 20:00;9576;9611.3;9566.8;9581.1
2020.02.20 21:00;9581.6;9633.1;9581.6;9616
2020.02.20 22:00;9616.5;9636.6;9593.8;9627.5
2020.02.20 23:00;9628.1;9633.8;9612.9;9613.1
2020.02.21 01:00;9608.8;9617.1;9557.3;9566.5
2020.02.21 02:00;9566.1;9605.3;9566.1;9593.6
2020.02.21 03:00;9592.8;9603.3;9581.3;9586.6
2020.02.21 04:00;9586.1;9587.1;9563.3;9577.3
2020.02.21 05:00;9577.1;9586.1;9575.3;9584.3
2020.02.21 06:00;9583.8;9584.3;9565.4;9572.1
2020.02.21 07:00;9572.8;9576.3;9550.1;9555.9
2020.02.21 08:00;9555.2;9562.1;9539.7;9553.4
2020.02.21 09:00;9552.7;9555.8;9535.6;9547.1
2020.02.21 10:00;9547.8;9580.2;9532.9;9566.9
2020.02.21 11:00;9567.8;9578.4;9553.1;9558.2
2020.02.21 12:00;9557.3;9581.9;9557.3;9573.8
2020.02.21 13:00;9574.1;9583.6;9560.9;9576.3
2020.02.21 14:00;9575.6;9599.1;9571.2;9592.4
2020.02.21 15:00;9591.8;9598.4;9577.3;9581.4
2020.02.21 16:00;9580.3;9598.6;9476.7;9507.7
2020.02.21 17:00;9506.9;9524.5;9467;9501
2020.02.21 18:00;9501.5;9522.3;9488.4;9510.2
2020.02.21 19:00;9509.8;9528.8;9471.5;9479.8
2020.02.21 20:00;9479.5;9492.3;9405.8;9427.5
2020.02.21 21:00;9427.2;9445.8;9406.9;9438
2020.02.21 22:00;9437.5;9466.7;9407.9;9447.3
2020.02.21 23:00;9446;9456.9;9443.4;9448.7
2020.02.24 01:00;9350.3;9358.4;9284.3;9304.2
2020.02.24 02:00;9304.9;9318.5;9278.4;9292.5
2020.02.24 03:00;9292.2;9307.9;9288.7;9295.9
2020.02.24 04:00;9295.2;9301.2;9248.7;9264.4
2020.02.24 05:00;9263.7;9280.5;9248.7;9277.9
2020.02.24 06:00;9279.2;9297.4;9279.2;9288.2
2020.02.24 07:00;9289;9292.2;9273.2;9277.9
2020.02.24 08:00;9277.7;9287.8;9276.8;9283.4
2020.02.24 09:00;9282;9287.2;9244;9252.4
2020.02.24 10:00;9251.3;9257.2;9170.7;9183.7
2020.02.24 11:00;9184.4;9189.7;9121.5;9176.4
2020.02.24 12:00;9175.7;9182.1;9133.7;9142.2
2020.02.24 13:00;9141.4;9198.7;9130.7;9186
2020.02.24 14:00;9184.8;9223.7;9170.4;9184.2
2020.02.24 15:00;9183.1;9210.4;9156.2;9161.9
2020.02.24 16:00;9161;9184.8;9037.3;9178.5
2020.02.24 17:00;9178.8;9197.5;9107.9;9149.3
2020.02.24 18:00;9148.7;9154.1;9085.8;9105.8
2020.02.24 19:00;9104.3;9116.6;9064.1;9082.3
2020.02.24 20:00;9081.4;9104.7;9042.1;9098.8
2020.02.24 21:00;9098.8;9166.1;9064.3;9161.9
2020.02.24 22:00;9161.3;9180.8;9080.3;9081.3
2020.02.24 23:00;9080.7;9100.2;9068;9097.2
2020.02.25 01:00;9066.5;9140.2;9055.7;9136.7
2020.02.25 02:00;9137.7;9165.4;9126.4;9164.7
2020.02.25 03:00;9165.1;9213.2;9160.7;9187.7
2020.02.25 04:00;9187.7;9204.1;9163.2;9164.9
2020.02.25 05:00;9163.9;9183.2;9156.4;9181.1
2020.02.25 06:00;9180.9;9189.2;9169.7;9187.9
2020.02.25 07:00;9187.2;9195.9;9177.9;9195.2
2020.02.25 08:00;9195.4;9217.9;9189.2;9215.2
2020.02.25 09:00;9213.9;9219.7;9180.7;9213.1
2020.02.25 10:00;9212.3;9212.3;9147.7;9154.1
2020.02.25 11:00;9153.2;9172.4;9125.9;9127.4
2020.02.25 12:00;9126.7;9139.7;9066.9;9104.1
2020.02.25 13:00;9104.7;9140.4;9083.2;9127.2
2020.02.25 14:00;9128.1;9174.1;9112.9;9166.7
2020.02.25 15:00;9165.9;9177.1;9138.6;9160.4
2020.02.25 16:00;9160.4;9187.4;9091.3;9126.3
2020.02.25 17:00;9126.8;9141.8;8982.3;9023.9
2020.02.25 18:00;9023.5;9040.7;8938.6;9030.8
2020.02.25 19:00;9030.4;9044.9;8959.9;8965.9
2020.02.25 20:00;8964.9;8989.7;8907.4;8907.4
2020.02.25 21:00;8907.7;8912.7;8819.1;8889.3
2020.02.25 22:00;8890.1;8939.5;8807.1;8838.2
2020.02.25 23:00;8837.6;8890.2;8827.3;8868.7
2020.02.26 01:00;8872.3;8922.3;8861.1;8917.8
2020.02.26 02:00;8917.1;8920.3;8863.1;8864.8
2020.02.26 03:00;8866.6;8907.6;8837.6;8887.8
2020.02.26 04:00;8887.1;8944.3;8865.6;8924.8
2020.02.26 05:00;8924.6;8941.1;8904.3;8921.1
2020.02.26 06:00;8921.3;8925.4;8890.1;8914.6
2020.02.26 07:00;8914.3;8920.8;8897.2;8915.3
2020.02.26 08:00;8915.6;8916.3;8853.8;8867.1
2020.02.26 09:00;8867.6;8914.1;8857.6;8912.3
2020.02.26 10:00;8910.3;8923.6;8781.8;8798.6
2020.02.26 11:00;8798.1;8812.2;8706.6;8781.8
2020.02.26 12:00;8782.3;8847.3;8780.9;8800.8
2020.02.26 13:00;8802.3;8901.1;8801.6;8858.6
2020.02.26 14:00;8858.8;8888.3;8815.1;8863.6
2020.02.26 15:00;8864.1;8926.3;8846.1;8884.1
2020.02.26 16:00;8883.3;9012;8873.3;8952.6
2020.02.26 17:00;8952.4;9034.5;8923.2;9005.5
2020.02.26 18:00;9005.2;9023.7;8947.9;8956.9
2020.02.26 19:00;8957.9;8963.5;8864;8927.7
2020.02.26 20:00;8928.2;8942.9;8814.3;8839.9
2020.02.26 21:00;8839.2;8901.3;8828.3;8860.4
2020.02.26 22:00;8860.8;8926.9;8859;8873.6
2020.02.26 23:00;8875.4;8879.7;8810.8;8815.8
2020.02.27 01:00;8818.8;8874.4;8783.1;8827.1
2020.02.27 02:00;8827.1;8848.3;8745.6;8804.1
2020.02.27 03:00;8804.4;8821.9;8758.8;8773.1
2020.02.27 04:00;8773.8;8784.1;8734.8;8737.4
2020.02.27 05:00;8737.8;8761.9;8720.7;8728.6
2020.02.27 06:00;8729.9;8737.1;8697.7;8699.2
2020.02.27 07:00;8699.9;8739.3;8699.6;8732.6
2020.02.27 08:00;8733.1;8770.1;8694.1;8767.1
2020.02.27 09:00;8766.4;8816.8;8740.8;8785.1
2020.02.27 10:00;8785.3;8809.9;8745.4;8799.9
2020.02.27 11:00;8800.3;8840.9;8783.6;8794.7
2020.02.27 12:00;8795.4;8808.1;8753.8;8753.9
2020.02.27 13:00;8753.6;8797.1;8747.8;8757.9
2020.02.27 14:00;8757.7;8772.9;8698.6;8699.9
2020.02.27 15:00;8700.1;8725.4;8672.4;8682.6
2020.02.27 16:00;8682.6;8718.6;8603.4;8668.7
2020.02.27 17:00;8667.5;8693;8517;8664.7
2020.02.27 18:00;8663.8;8731.6;8606.7;8697.2
2020.02.27 19:00;8696.7;8789.6;8676.7;8732.7
2020.02.27 20:00;8732.1;8776;8609;8638.2
2020.02.27 21:00;8637.6;8656;8583.2;8585.7
2020.02.27 22:00;8586.2;8628.6;8429.6;8429.6
2020.02.27 23:00;8430.1;8463;8336.9;8337.4
2020.02.28 01:00;8335.9;8423.4;8309.7;8410.2
2020.02.28 02:00;8410.9;8427.2;8369.6;8412.7
2020.02.28 03:00;8412.4;8423.7;8362.3;8415.1
2020.02.28 04:00;8415.2;8443.9;8364.4;8370.9
2020.02.28 05:00;8370.9;8378.7;8251.3;8333.2
2020.02.28 06:00;8332.2;8345.4;8259.4;8271.7
2020.02.28 07:00;8272.2;8273.2;8191;8215.2
2020.02.28 08:00;8215.4;8253.4;8165.3;8253.4
2020.02.28 09:00;8251.7;8327.7;8227.7;8302.2
2020.02.28 10:00;8301.7;8354.7;8211.9;8257.4
2020.02.28 11:00;8257.9;8261.2;8127.2;8210.4
2020.02.28 12:00;8210.5;8305.2;8196.2;8297.9
2020.02.28 13:00;8297.4;8337.9;8286.9;8299.4
2020.02.28 14:00;8297.7;8379.4;8267.6;8336.9
2020.02.28 15:00;8337.6;8348.4;8201.7;8201.9
2020.02.28 16:00;8200.4;8318.9;8126.5;8184
2020.02.28 17:00;8181.8;8292.3;8136.6;8284.6
2020.02.28 18:00;8284.8;8493;8200.3;8349.9
2020.02.28 19:00;8350.6;8424.9;8293.3;8415.6
2020.02.28 20:00;8415.3;8440.1;8233.1;8274.8
2020.02.28 21:00;8274.4;8405.1;8214.1;8321.3
2020.02.28 22:00;8321.7;8470.2;8237.1;8470.2
2020.02.28 23:00;8474.7;8570.7;8442.6;8541.4
2020.03.02 01:00;8325.9;8383.5;8223.7;8354.6
2020.03.02 02:00;8354.3;8387.5;8315.3;8346.6
2020.03.02 03:00;8347.1;8499.2;8346.6;8443.1
2020.03.02 04:00;8443.6;8554.8;8430.3;8530.6
2020.03.02 05:00;8530.6;8561.1;8498.9;8513.3
2020.03.02 06:00;8512.5;8531.1;8465.1;8496.1
2020.03.02 07:00;8496.1;8524.3;8485.1;8511.3
2020.03.02 08:00;8511.3;8512.8;8478.3;8505.1
2020.03.02 09:00;8505.8;8626.6;8494.1;8618.8
2020.03.02 10:00;8619.3;8675.6;8590.1;8600.1
2020.03.02 11:00;8600.3;8634.6;8504.3;8541.3
2020.03.02 12:00;8541.1;8557.1;8497.1;8501.1
2020.03.02 13:00;8501.1;8502.3;8362.6;8379.8
2020.03.02 14:00;8381.1;8461.5;8376.8;8449.8
2020.03.02 15:00;8451.2;8515.1;8404.5;8507.8
2020.03.02 16:00;8508.6;8594.4;8484.7;8513.7
2020.03.02 17:00;8513.7;8596.7;8443.2;8557
2020.03.02 18:00;8556.7;8729.1;8552.7;8723.9
2020.03.02 19:00;8724.7;8735.7;8653.8;8726.4
2020.03.02 20:00;8726;8734.7;8631.9;8677.9
2020.03.02 21:00;8677.3;8705.2;8573.7;8610.8
2020.03.02 22:00;8610.5;8877.2;8606.4;8876.2
2020.03.02 23:00;8875.7;8882.1;8785.4;8815.8
2020.03.03 01:00;8830.8;8858.9;8799.8;8858.6
2020.03.03 02:00;8858.6;8890.6;8853.7;8882.1
2020.03.03 03:00;8881.6;8887.8;8814.1;8817.6
2020.03.03 04:00;8817.6;8839.4;8789.6;8821.1
2020.03.03 05:00;8820.8;8859.1;8817.8;8831.9
2020.03.03 06:00;8831.6;8831.6;8764.6;8787.6
2020.03.03 07:00;8788.6;8809.9;8755.4;8757.1
2020.03.03 08:00;8756.4;8813.3;8738.9;8809.8
2020.03.03 09:00;8808.9;8829.9;8783.6;8823.1
2020.03.03 10:00;8822.4;8904.1;8779.8;8864.3
2020.03.03 11:00;8864.3;8905.8;8846.8;8896.9
2020.03.03 12:00;8896.8;8909.6;8876.3;8901.1
2020.03.03 13:00;8901.4;8902.1;8837.1;8849.9
2020.03.03 14:00;8849.9;8916.4;8791.1;8830.1
2020.03.03 15:00;8830.1;8885.1;8784.8;8850.1
2020.03.03 16:00;8850.1;8908.9;8745.2;8779.7
2020.03.03 17:00;8780.1;9001.2;8775.7;8930.2
2020.03.03 18:00;8930.2;8937;8705.5;8833.4
2020.03.03 19:00;8833.2;8862.4;8747.5;8764.4
2020.03.03 20:00;8763.9;8764;8585.8;8591.2
2020.03.03 21:00;8590.4;8632.7;8511.7;8617.9
2020.03.03 22:00;8617.7;8703.2;8561.9;8594.2
2020.03.03 23:00;8593.9;8653.7;8555.8;8559.8
2020.03.04 01:00;8561.4;8575.3;8507.6;8561.1
2020.03.04 02:00;8560.6;8662.3;8555.9;8647.4
2020.03.04 03:00;8647.3;8672.4;8628.3;8641.3
2020.03.04 04:00;8641.3;8691.7;8623.1;8686.8
2020.03.04 05:00;8687.2;8713.1;8679.1;8696.4
2020.03.04 06:00;8694.9;8697.6;8666.7;8693.4
2020.03.04 07:00;8692.7;8716.6;8681.9;8704.8
2020.03.04 08:00;8705.1;8720.6;8686.6;8696.6
2020.03.04 09:00;8696.5;8737.1;8695.1;8718.1
2020.03.04 10:00;8717.9;8742.9;8682.1;8738.6
2020.03.04 11:00;8738.3;8774.4;8725.1;8760.1
2020.03.04 12:00;8759.9;8779.4;8750.3;8755.6
2020.03.04 13:00;8755.6;8768.4;8741.1;8763.1
2020.03.04 14:00;8763.6;8808.1;8742.6;8769.3
2020.03.04 15:00;8770.1;8774.4;8720.6;8741.9
2020.03.04 16:00;8741.6;8781.7;8665.3;8693.8
2020.03.04 17:00;8695.2;8798.3;8680;8719.5
2020.03.04 18:00;8719.2;8770.7;8699.7;8720.2
2020.03.04 19:00;8719.8;8817.2;8719.8;8817
2020.03.04 20:00;8817.3;8859.8;8813.9;8834.7
2020.03.04 21:00;8835.1;8865.2;8808.9;8833.2
2020.03.04 22:00;8831.8;8949.5;8827.2;8943.5
2020.03.04 23:00;8944.2;8944.3;8877.3;8887.3
2020.03.05 01:00;8886.5;8898.3;8857.6;8881.3
2020.03.05 02:00;8881.6;8886.1;8851.6;8865.6
2020.03.05 03:00;8866.1;8873.7;8826.3;8835.1
2020.03.05 04:00;8835.1;8854.3;8821.3;8853.6
2020.03.05 05:00;8853.3;8857.6;8815.3;8817.3
2020.03.05 06:00;8817.1;8831.8;8817.1;8827.1
2020.03.05 07:00;8828.3;8875.1;8828.1;8866.1
2020.03.05 08:00;8866.3;8867.2;8835.3;8838.3
2020.03.05 09:00;8838.1;8838.1;8811.1;8829.6
2020.03.05 10:00;8830.3;8832.8;8779;8779.6
2020.03.05 11:00;8780.6;8781.9;8747.8;8763.1
2020.03.05 12:00;8763.1;8764.4;8709.3;8716.6
2020.03.05 13:00;8716.8;8746.1;8707.1;8733.3
2020.03.05 14:00;8734.1;8750.8;8718.3;8720.8
2020.03.05 15:00;8721.1;8743.6;8682.7;8716.8
2020.03.05 16:00;8716.8;8781.2;8671.6;8736.8
2020.03.05 17:00;8737.1;8826.7;8714.8;8793.9
2020.03.05 18:00;8794.4;8866.7;8774.9;8787
2020.03.05 19:00;8787.4;8797.4;8673.9;8685.9
2020.03.05 20:00;8685.4;8744.2;8656;8721.2
2020.03.05 21:00;8721.2;8721.2;8652.5;8682.9
2020.03.05 22:00;8683.4;8698.2;8610.5;8670.8
2020.03.05 23:00;8671.4;8679.9;8638.4;8672.1
2020.03.06 01:00;8671.2;8693.7;8657.2;8692.8
2020.03.06 02:00;8693.2;8724.4;8657.2;8681.2
2020.03.06 03:00;8681.2;8682.2;8606.7;8608.7
2020.03.06 04:00;8608.2;8613.5;8557.3;8558.2
2020.03.06 05:00;8558.9;8589.4;8537.7;8544.2
2020.03.06 06:00;8543.7;8561.7;8534.2;8543.7
2020.03.06 07:00;8543.8;8547.1;8520.1;8540.4
2020.03.06 08:00;8539.8;8583.9;8531.8;8552.4
2020.03.06 09:00;8552.8;8589.7;8550.9;8554.3
2020.03.06 10:00;8555.2;8593.7;8527.4;8556.9
2020.03.06 11:00;8557.9;8582.2;8465.6;8465.8
2020.03.06 12:00;8465.4;8475.3;8377.7;8411.3
2020.03.06 13:00;8411.4;8429.1;8378.8;8401.2
2020.03.06 14:00;8401.4;8434.9;8336.9;8370.7
2020.03.06 15:00;8370.3;8410.4;8339.9;8391.4
2020.03.06 16:00;8390.9;8460.7;8311.2;8418.5
2020.03.06 17:00;8418.2;8544;8394.1;8508.5
2020.03.06 18:00;8508.8;8517.6;8420;8436.3
2020.03.06 19:00;8435.8;8470.1;8385;8420.3
2020.03.06 20:00;8420.3;8483.4;8390.8;8396.8
2020.03.06 21:00;8397.3;8408.3;8324.5;8338.3
2020.03.06 22:00;8338.8;8569.3;8316.9;8524.8
2020.03.06 23:00;8524.7;8530.8;8479.8;8503.2
2020.03.09 01:00;8302.8;8311.1;8125.2;8171.7
2020.03.09 02:00;8171.7;8199;8102.9;8114.7
2020.03.09 03:00;8114.9;8159.4;8101.7;8139.2
2020.03.09 04:00;8139.4;8152.2;8090.7;8090.7
2020.03.09 05:00;8090.7;8093.8;8090.7;8090.7
2020.03.09 06:00;8090.6;8126.9;8090.5;8090.7
2020.03.09 12:00;8118.6;8119.7;8093.5;8093.5
2020.03.09 16:00;7825.8;8094.2;7823.3;8071.8
2020.03.09 17:00;8072.8;8176.7;8030;8063.3
2020.03.09 18:00;8063;8221.5;8042.5;8194.3
2020.03.09 19:00;8193.9;8241.2;8099.5;8120.5
2020.03.09 20:00;8120;8154.8;7998.8;8012.7
2020.03.09 21:00;8013.2;8067.5;7949.8;8028.5
2020.03.09 22:00;8028.3;8094;7942;7942
2020.03.09 23:00;7941.7;7961.1;7881.3;7920.9
2020.03.10 01:00;7890.5;8027.6;7815.6;8015.3
2020.03.10 02:00;8015.1;8139.6;8011.8;8111.1
2020.03.10 03:00;8110.6;8161.3;8035.4;8159.1
2020.03.10 04:00;8159.3;8201.5;8131.8;8137.6
2020.03.10 05:00;8137.3;8160.8;8106.8;8156.8
2020.03.10 06:00;8156.8;8188.8;8146.3;8185.6
2020.03.10 07:00;8185.8;8217.4;8165;8207.8
2020.03.10 08:00;8208.1;8276.2;8208.1;8264.3
2020.03.10 09:00;8264.3;8272.7;8229.6;8261.8
2020.03.10 10:00;8262.3;8262.3;8165.1;8189.8
2020.03.10 11:00;8190.1;8284.9;8153.4;8283
2020.03.10 12:00;8283.3;8333.6;8251.2;8324.3
2020.03.10 13:00;8324.9;8346.8;8299.3;8331.1
2020.03.10 14:00;8330;8331.6;8258.6;8274.3
2020.03.10 15:00;8274.1;8294.2;8173.1;8229.8
2020.03.10 16:00;8229.1;8244.2;8137.2;8189.7
2020.03.10 17:00;8189.4;8255.3;8085;8085.7
2020.03.10 18:00;8083.9;8138.7;7933.2;8008.8
2020.03.10 19:00;8008.7;8138;8003.7;8089.4
2020.03.10 20:00;8088.9;8160.9;8036.9;8054.2
2020.03.10 21:00;8053.7;8220.1;8012.9;8194.7
2020.03.10 22:00;8194.7;8365.7;8184.2;8365.6
2020.03.10 23:00;8366.6;8379.6;8313.9;8352.9
2020.03.11 01:00;8322.9;8332.4;8222.1;8239.1
2020.03.11 02:00;8240.1;8260.7;8166.3;8212.6
2020.03.11 03:00;8212.7;8250;8154.6;8189.1
2020.03.11 04:00;8189.7;8225.3;8119.6;8156.9
2020.03.11 05:00;8156.9;8196.1;8116.9;8161.6
2020.03.11 06:00;8161.1;8195.4;8137.4;8178.9
2020.03.11 07:00;8179.1;8182.7;8148.6;8153.1
2020.03.11 08:00;8152.9;8154.1;8086.4;8100.6
2020.03.11 09:00;8100.6;8162.9;8087.4;8105.9
2020.03.11 10:00;8104.6;8177.1;8104.1;8174.1
2020.03.11 11:00;8173.8;8246.2;8105.1;8220.1
2020.03.11 12:00;8219.6;8226.4;8151.6;8185.1
2020.03.11 13:00;8185.4;8205.5;8126.4;8179.6
2020.03.11 14:00;8179.1;8191.9;8105.9;8137.6
2020.03.11 15:00;8137.9;8161.3;8072.4;8078.9
2020.03.11 16:00;8078.1;8218;8075.9;8180.7
2020.03.11 17:00;8181;8223.7;8089.6;8114.7
2020.03.11 18:00;8116.2;8141.2;8065.2;8101.6
2020.03.11 19:00;8102;8178.1;8036.2;8058.5
2020.03.11 20:00;8058.2;8069.5;8007.7;8041.1
2020.03.11 21:00;8041;8055.3;7964.5;7980.1
2020.03.11 22:00;7980;8069.1;7894.5;8000
2020.03.11 23:00;7999.9;8034.9;7984;8010
2020.03.12 01:00;8005.1;8105.7;7984.5;8089.6
2020.03.12 02:00;8085.8;8089.3;7979.6;7992.6
2020.03.12 03:00;7993.1;8016.8;7927.1;7982.1
2020.03.12 04:00;7982.6;7996.6;7622.3;7622.3
2020.03.12 05:00;7622.1;7717.1;7599;7659.2
2020.03.12 06:00;7658.8;7685.6;7621.3;7635.1
2020.03.12 07:00;7635.1;7761.6;7634.6;7729.3
2020.03.12 08:00;7729.8;7738.8;7667.3;7707.3
2020.03.12 09:00;7707.6;7715.8;7658.5;7672.6
2020.03.12 10:00;7672.3;7731.6;7628.8;7681.6
2020.03.12 11:00;7682.1;7717.6;7602.8;7623.3
2020.03.12 12:00;7622.3;7665.1;7599.6;7636.3
2020.03.12 13:00;7635.8;7647.3;7600.9;7646.1
2020.03.12 14:00;7646.3;7646.3;7599.6;7599.6
2020.03.12 16:00;7504.2;7570.8;7327.2;7563.9
2020.03.12 17:00;7563.9;7613.8;7453.7;7581.9
2020.03.12 18:00;7582.1;7582.1;7365;7404.3
2020.03.12 19:00;7404.4;7647.3;7325.7;7588.2
2020.03.12 20:00;7592.2;7810.7;7435;7553.9
2020.03.12 21:00;7553.7;7579.3;7381.7;7383.7
2020.03.12 22:00;7383.7;7469.1;7251.4;7255.2
2020.03.12 23:00;7252;7301.2;7131.3;7159.8
2020.03.13 01:00;7115.5;7244.9;7060;7181
2020.03.13 02:00;7185;7215.3;7083.8;7114.8
2020.03.13 03:00;7113.3;7178.4;7112.9;7135.3
2020.03.13 04:00;7136;7147;6982.3;7019.3
2020.03.13 05:00;7017;7056.3;6969.9;7004.8
2020.03.13 06:00;7004.8;7012.3;6942.8;6953.1
2020.03.13 07:00;6953.8;7272.4;6947.8;7272.3
2020.03.13 08:00;7272.3;7485;7262.8;7364
2020.03.13 09:00;7363.9;7404;7266.7;7384.4
2020.03.13 10:00;7384.5;7602.5;7337.9;7538.5
2020.03.13 11:00;7538.4;7606.9;7399.8;7442
2020.03.13 12:00;7441.7;7559.3;7397.9;7554
2020.03.13 13:00;7554.5;7589.5;7508.3;7569.8
2020.03.13 14:00;7568.3;7622.4;7566.5;7622.4
2020.03.13 16:00;7671.4;7734.1;7466;7509.3
2020.03.13 17:00;7509.6;7640.1;7444.3;7444.6
2020.03.13 18:00;7444.9;7523.9;7292.5;7405.6
2020.03.13 19:00;7405.4;7549;7334.4;7468.1
2020.03.13 20:00;7468.9;7595.4;7435.3;7571.4
2020.03.13 21:00;7571.4;7571.4;7402.9;7494.9
2020.03.13 22:00;7495.7;7964.2;7381.5;7963.4
2020.03.13 23:00;7961.4;7974.9;7801.9;7824.9
2020.03.16 01:00;7875;7875;7549.9;7549.9
2020.03.16 16:00;7065;7310.6;7060.4;7242.1
2020.03.16 17:00;7241.1;7447.3;7172.8;7400
2020.03.16 18:00;7400.3;7562.7;7382.1;7512.1
2020.03.16 19:00;7512.6;7529.1;7327.8;7356
2020.03.16 20:00;7356.1;7420.9;7281.5;7292.8
2020.03.16 21:00;7292.1;7403.1;7219.8;7334.6
2020.03.16 22:00;7334.6;7392.1;6927.2;6944.1
2020.03.16 23:00;6943.9;7133.5;6941.7;7075.7
2020.03.17 01:00;7034;7155.4;6985.4;7093.2
2020.03.17 02:00;7093.2;7186.2;7092.9;7159
2020.03.17 03:00;7159;7294.2;7092.9;7276.2
2020.03.17 04:00;7275.2;7298.6;7267.1;7298.6
2020.03.17 05:00;7260.1;7298.4;7232.7;7297.7
2020.03.17 11:00;7294.4;7294.4;7156.2;7172.7
2020.03.17 12:00;7173.5;7231.6;7002;7096.5
2020.03.17 13:00;7093;7294.4;7077.2;7294.4
2020.03.17 14:00;7294.2;7294.2;7095.4;7104.6
2020.03.17 15:00;7108.7;7186.7;7072.7;7183.2
2020.03.17 16:00;7184;7250.9;6966.1;6983.3
2020.03.17 17:00;6983.8;7249.6;6949.6;7229.3
2020.03.17 18:00;7230.1;7428.3;7210.3;7416.3
2020.03.17 19:00;7416.1;7550.1;7292.8;7349.8
2020.03.17 20:00;7350.6;7418.6;7227.3;7390.8
2020.03.17 21:00;7390.8;7496.5;7336.3;7409.3
2020.03.17 22:00;7410.6;7505.3;7284.3;7449.3
2020.03.17 23:00;7449.3;7472.3;7365.4;7365.7
2020.03.18 01:00;7329.2;7381.2;7251.4;7282.9
2020.03.18 02:00;7282.7;7299.4;7143.2;7176.4
2020.03.18 03:00;7175.9;7220.9;7104.4;7137.1
2020.03.18 04:00;7137.4;7179.4;7093.1;7140.7
2020.03.18 05:00;7140.7;7269.4;7116.7;7249.2
2020.03.18 06:00;7249.2;7253.7;7134.2;7138.9
2020.03.18 07:00;7139.7;7161.4;7115.7;7131.7
2020.03.18 08:00;7131.5;7135.6;7063.2;7063.2
2020.03.18 16:00;7063.8;7258.5;7063.8;7221.9
2020.03.18 17:00;7221;7327.3;7163.8;7182
2020.03.18 18:00;7181.5;7202;7069.8;7184
2020.03.18 19:00;7184.7;7197.7;6985;7007.3
2020.03.18 20:00;7033.7;7048.5;6843.7;6895.3
2020.03.18 21:00;6895.3;7035.7;6813.7;7033.3
2020.03.18 22:00;7033.7;7216.1;6887.1;7214.6
2020.03.18 23:00;7215.3;7265;7117.9;7242.9
2020.03.19 01:00;7230.1;7375.7;7108.1;7325.1
2020.03.19 02:00;7325.4;7423.9;7261.1;7364.9
2020.03.19 03:00;7364.8;7403.1;7238;7261.4
2020.03.19 04:00;7260.6;7333.4;7193.6;7201
2020.03.19 05:00;7201.4;7203.4;6951.1;6951.1
2020.03.19 06:00;6951.1;7063.9;6904.5;6913.9
2020.03.19 07:00;6912.6;6986.1;6876.6;6929.9
2020.03.19 08:00;6930.7;7052.1;6930.4;7022.4
2020.03.19 09:00;7025.6;7172.2;7025.4;7115.1
2020.03.19 10:00;7115.4;7250.3;7103.4;7130.2
2020.03.19 11:00;7132.3;7328;7117.9;7289.9
2020.03.19 12:00;7290.3;7314.3;7171.6;7187.4
2020.03.19 13:00;7187.9;7191.6;7119.4;7154.4
2020.03.19 14:00;7155.4;7209.4;7068.6;7086.9
2020.03.19 15:00;7087;7168.4;7041.6;7160.4
2020.03.19 16:00;7160.9;7236.8;7014;7229
2020.03.19 17:00;7229.2;7391;7187.6;7240.2
2020.03.19 18:00;7241;7453.1;7223.4;7322.7
2020.03.19 19:00;7322.7;7400.2;7239.5;7345
2020.03.19 20:00;7346;7461;7317.1;7415.1
2020.03.19 21:00;7416.2;7504.5;7358.7;7427.7
2020.03.19 22:00;7426;7462.7;7261.1;7275
2020.03.19 23:00;7274.2;7282;7159.1;7185.1
2020.03.20 01:00;7178.8;7216.8;7129.5;7143.6
2020.03.20 02:00;7143.3;7201.5;7125.9;7195.5
2020.03.20 03:00;7195.3;7236.3;7160.9;7217.8
2020.03.20 04:00;7217.8;7343.3;7193.3;7239.8
2020.03.20 05:00;7239.4;7317.3;7215.4;7296.3
2020.03.20 06:00;7296.3;7298.6;7254.8;7288.3
2020.03.20 07:00;7288.6;7368.8;7282.8;7330.5
2020.03.20 08:00;7330.4;7332.3;7286.4;7310.4
2020.03.20 09:00;7310.9;7473.5;7303.9;7468.8
2020.03.20 10:00;7469;7578;7426.9;7570.3
2020.03.20 11:00;7570;7629;7544.3;7628.9
2020.03.20 12:00;7628.9;7628.9;7628.9;7628.9
2020.03.20 13:00;7619.4;7619.5;7570;7591.9
2020.03.20 14:00;7587.3;7587.3;7480.9;7521.8
2020.03.20 15:00;7521.8;7571.6;7424.4;7424.4
2020.03.20 16:00;7425;7487;7289.4;7357.2
2020.03.20 17:00;7355.2;7477.9;7343.1;7469.4
2020.03.20 18:00;7469;7477.4;7289.6;7307.9
2020.03.20 19:00;7307.4;7322.9;7132.7;7251.9
2020.03.20 20:00;7252.1;7318.9;7214.5;7256.9
2020.03.20 21:00;7257.4;7298.3;7072.6;7099.3
2020.03.20 22:00;7099.4;7170.9;6952.6;6975.1
2020.03.20 23:00;6974.3;7003.4;6890.4;6926.4
2020.03.23 01:00;6697.9;6717.2;6627.4;6627.9
2020.03.23 02:00;6627.2;6627.2;6627.2;6627.2
2020.03.23 03:00;6681.4;6696;6641.4;6657.1
2020.03.23 04:00;6657.4;6728.3;6651.2;6723.9
2020.03.23 05:00;6723.9;6726.5;6661.7;6720.9
2020.03.23 06:00;6721.2;6808;6720.4;6734.9
2020.03.23 07:00;6734.4;6784.4;6717.9;6776.7
2020.03.23 08:00;6777.2;6782.7;6667.2;6746.7
2020.03.23 09:00;6743.7;6797.9;6718.9;6775.2
2020.03.23 10:00;6775.2;6840.9;6724.9;6776.7
2020.03.23 11:00;6776.4;6797.9;6722.2;6751.7
2020.03.23 12:00;6751.9;6827.4;6747.9;6787.2
2020.03.23 13:00;6787.2;6855.6;6770.9;6841.2
2020.03.23 14:00;6841.4;6846.4;6766.4;6784.4
2020.03.23 15:00;6784.3;7314.6;6781.4;7162.4
2020.03.23 16:00;7162.9;7208.7;6836.9;7032.4
2020.03.23 17:00;7032.5;7079.4;6915;6922.8
2020.03.23 18:00;6922.8;6966.9;6762.3;6851.8
2020.03.23 19:00;6851.3;7108.8;6815.8;7081.3
2020.03.23 20:00;7081.5;7142.5;6916.8;6955.8
2020.03.23 21:00;6957.2;7027.5;6889.7;6933.5
2020.03.23 22:00;6933.2;6982;6847.4;6901.8
2020.03.23 23:00;6960.5;7032.7;6934;6977.9
2020.03.24 01:00;7034.6;7122.4;7028.6;7087.8
2020.03.24 02:00;7087.8;7162.5;7079.6;7082.7
2020.03.24 03:00;7082.8;7120;7035.5;7103.3
2020.03.24 04:00;7103.8;7247.7;7097.9;7240.8
2020.03.24 05:00;7240;7260.9;7204.9;7247
2020.03.24 06:00;7244.5;7249.8;7117.7;7153.5
2020.03.24 07:00;7154.3;7214;7133.1;7205.5
2020.03.24 08:00;7205.3;7241.8;7136.4;7197.8
2020.03.24 09:00;7198.6;7312;7198.6;7289.9
2020.03.24 10:00;7288.9;7302.8;7243.9;7280.5
2020.03.24 11:00;7279.5;7324.8;7246.3;7311.9
2020.03.24 12:00;7311.3;7360.8;7293.9;7360.8
2020.03.24 14:00;7329.8;7337.4;7268.8;7296.3
2020.03.24 15:00;7296.1;7356;7233.3;7341.3
2020.03.24 16:00;7341.9;7436.7;7316.3;7337.1
2020.03.24 17:00;7337.2;7460.9;7316.3;7381.8
2020.03.24 18:00;7382.1;7465.9;7345.6;7455.9
2020.03.24 19:00;7455.6;7529.9;7433.6;7434.9
2020.03.24 20:00;7435.3;7459.9;7343.1;7354.4
2020.03.24 21:00;7354;7469.8;7295.9;7467.9
2020.03.24 22:00;7467.6;7535.4;7450.6;7534.6
2020.03.24 23:00;7534.9;7572.6;7481.9;7554.4
2020.03.25 01:00;7539.5;7631.3;7509.5;7583.3
2020.03.25 02:00;7583.3;7583.9;7467;7494.3
2020.03.25 03:00;7494;7525.8;7416;7445.3
2020.03.25 04:00;7444.8;7525.5;7444.4;7468.9
2020.03.25 05:00;7468.4;7490.3;7417.4;7461.1
2020.03.25 06:00;7461.8;7479.8;7410.9;7432.2
2020.03.25 07:00;7432.3;7513.6;7376;7489.2
2020.03.25 08:00;7488.3;7553.7;7381.5;7549.4
2020.03.25 09:00;7549.9;7573.3;7473.3;7547.9
2020.03.25 10:00;7548.3;7648.3;7533;7646.8
2020.03.25 11:00;7646.9;7709;7594.4;7696.5
2020.03.25 12:00;7696.4;7756.3;7658.8;7677.8
2020.03.25 13:00;7677.4;7678.9;7441.8;7444.3
2020.03.25 14:00;7445.4;7530.2;7416.3;7473.3
2020.03.25 15:00;7473.4;7531.8;7452.8;7520.9
2020.03.25 16:00;7521;7662.6;7464.8;7472.6
2020.03.25 17:00;7472.6;7516.4;7372.4;7506.3
2020.03.25 18:00;7506.9;7534.5;7462.3;7496.6
2020.03.25 19:00;7496.4;7635.1;7492.8;7599.9
2020.03.25 20:00;7600.4;7759.9;7592.4;7691.6
2020.03.25 21:00;7691.9;7702.9;7607.3;7681.1
2020.03.25 22:00;7681.9;7711;7430.4;7453.2
2020.03.25 23:00;7457.4;7496.5;7443.9;7478.3
2020.03.26 01:00;7485.4;7539.2;7462.9;7487.9
2020.03.26 02:00;7487.9;7488;7431.2;7476.9
2020.03.26 03:00;7475.9;7547.1;7449.2;7482.7
2020.03.26 04:00;7480.9;7482.3;7376.2;7405.4
2020.03.26 05:00;7406.2;7438;7354.3;7427.2
2020.03.26 06:00;7427.7;7476.4;7376.2;7444.4
2020.03.26 07:00;7445.2;7454.9;7395.7;7427.2
2020.03.26 08:00;7427.2;7446.2;7377.2;7413.4
2020.03.26 09:00;7413.9;7416;7368.7;7376.2
2020.03.26 10:00;7375.9;7393.4;7319.4;7343.9
2020.03.26 11:00;7343.9;7393.7;7322.4;7359.7
2020.03.26 12:00;7359.5;7384.9;7329.4;7369.7
2020.03.26 13:00;7368.9;7428.9;7355.9;7403.7
2020.03.26 14:00;7403.2;7430.4;7347.4;7349.4
2020.03.26 15:00;7350.6;7471.3;7309.2;7458.2
2020.03.26 16:00;7457.9;7641.8;7434.3;7627.3
2020.03.26 17:00;7626.8;7715.7;7607;7672.5
2020.03.26 18:00;7672.8;7747.9;7639.3;7733.1
2020.03.26 19:00;7733;7765.3;7688.3;7755.3
2020.03.26 20:00;7755.5;7771.8;7646.8;7703.5
2020.03.26 21:00;7703.5;7775.3;7685;7760.8
2020.03.26 22:00;7760.5;7892.5;7708;7873.6
2020.03.26 23:00;7873.9;7875.8;7829.5;7857.7
2020.03.27 01:00;7872.5;7877.5;7811.9;7813.7
2020.03.27 02:00;7813.7;7885.7;7803.9;7872.9
2020.03.27 03:00;7872.4;7887.7;7782.4;7786.7
2020.03.27 04:00;7786.7;7798.4;7728.4;7764.2
2020.03.27 05:00;7765.2;7765.8;7703.9;7726.2
2020.03.27 06:00;7726.2;7778.6;7711.2;7761.7
2020.03.27 07:00;7761.7;7764.7;7702.4;7716.4
2020.03.27 08:00;7716.9;7774.2;7681.7;7772.7
2020.03.27 09:00;7772.9;7800.3;7732.3;7759.2
2020.03.27 10:00;7760.2;7763.7;7689.4;7703.1
2020.03.27 11:00;7703.2;7752.2;7691.9;7710.9
2020.03.27 12:00;7710.7;7740.4;7668.9;7673
2020.03.27 13:00;7673.2;7721.4;7646.4;7654.4
2020.03.27 14:00;7658.1;7706.2;7621.9;7634.4
2020.03.27 15:00;7633.4;7690.2;7614.6;7638.9
2020.03.27 16:00;7639.7;7687.8;7574.5;7629
2020.03.27 17:00;7629.3;7656.8;7581.8;7607.9
2020.03.27 18:00;7607.7;7693.1;7596.2;7598.5
2020.03.27 19:00;7598.3;7650;7577.3;7648
2020.03.27 20:00;7649;7714.3;7619.8;7676.3
2020.03.27 21:00;7676.8;7731.8;7655.5;7728.7
2020.03.27 22:00;7727.8;7796.5;7556.3;7568.8
2020.03.27 23:00;7572.5;7592;7548.1;7551
2020.03.30 01:00;7412;7501;7388.9;7436
2020.03.30 02:00;7435.9;7488.7;7426.2;7460.9
2020.03.30 03:00;7461.9;7495.2;7450.9;7471.1
2020.03.30 04:00;7471.4;7494.7;7451.2;7484.7
2020.03.30 05:00;7485.4;7539;7478.2;7513.5
2020.03.30 06:00;7514.2;7550;7498.9;7540.2
2020.03.30 07:00;7540.7;7602.2;7538.7;7590.2
2020.03.30 08:00;7591.7;7683.9;7582.7;7664.2
2020.03.30 09:00;7664.9;7665.9;7567.7;7592.9
2020.03.30 10:00;7593.9;7637.5;7487.4;7498.2
2020.03.30 11:00;7499.9;7593.5;7498.6;7573.5
2020.03.30 12:00;7572.4;7614;7532.9;7550.9
2020.03.30 13:00;7550.7;7604.2;7547.4;7592.7
2020.03.30 14:00;7591.1;7617.5;7570.8;7597.7
2020.03.30 15:00;7598;7673;7580.4;7672.5
2020.03.30 16:00;7672.7;7708.3;7626.8;7683.1
2020.03.30 17:00;7682.8;7792.1;7671;7760.1
2020.03.30 18:00;7760.6;7825.7;7753.3;7802.6
2020.03.30 19:00;7802.1;7844.6;7768.1;7843.1
2020.03.30 20:00;7843.8;7843.8;7797.2;7812.3
2020.03.30 21:00;7811.8;7854.6;7779.9;7833.1
2020.03.30 22:00;7833.1;7880.3;7794.7;7864.5
2020.03.30 23:00;7863.6;7868.3;7825.6;7849.9
2020.03.31 01:00;7843.3;7879.4;7837.1;7863.8
2020.03.31 02:00;7864.1;7877.1;7846.5;7868.3
2020.03.31 03:00;7868.7;7892.1;7864.3;7867.6
2020.03.31 04:00;7868.6;7930.7;7865.1;7901.1
2020.03.31 05:00;7901;7918.6;7896.8;7903.6
2020.03.31 06:00;7903.6;7906.6;7865.8;7875.1
2020.03.31 07:00;7875.1;7875.1;7809.5;7830.1
2020.03.31 08:00;7830.8;7868.8;7806.1;7846.3
2020.03.31 09:00;7845.8;7898;7816.7;7897.7
2020.03.31 10:00;7898.1;7935.1;7879.3;7912.3
2020.03.31 11:00;7911.6;7942.3;7905.1;7930.6
2020.03.31 12:00;7930.8;7950.8;7909.6;7923.5
2020.03.31 13:00;7923.3;7926.1;7858.8;7865.8
2020.03.31 14:00;7866.8;7871.1;7835.7;7855.8
2020.03.31 15:00;7856.1;7859.3;7758.8;7800.3
2020.03.31 16:00;7800.8;7869;7792.2;7817.4
2020.03.31 17:00;7816.9;7989.7;7814.6;7929.9
2020.03.31 18:00;7930.2;7963.9;7901.9;7926.4
2020.03.31 19:00;7926.7;7934.7;7810.4;7840.4
2020.03.31 20:00;7839.9;7886.7;7806.2;7879.7
2020.03.31 21:00;7879.5;7884.7;7834.9;7853.4
2020.03.31 22:00;7853.2;7872.4;7742.4;7792.8
2020.03.31 23:00;7791.8;7793.2;7751.1;7775.1
2020.04.01 01:00;7758.6;7766.2;7701.8;7724.4
2020.04.01 02:00;7725.1;7737.6;7699.3;7705.6
2020.04.01 03:00;7705.3;7738.1;7681.8;7733.1
2020.04.01 04:00;7732.1;7733.8;7694.8;7723.3
2020.04.01 05:00;7723.3;7735.1;7707.2;7717.1
2020.04.01 06:00;7716.7;7718.8;7685;7687.6
2020.04.01 07:00;7687.8;7695.3;7658.6;7681.6
2020.04.01 08:00;7681.6;7688.1;7568.1;7597.6
2020.04.01 09:00;7597.8;7600.8;7521.8;7592
2020.04.01 10:00;7592.6;7628.1;7550.3;7595.3
2020.04.01 11:00;7594.8;7612.3;7538.6;7575.3
2020.04.01 12:00;7575.7;7609.8;7560.1;7590.6
2020.04.01 13:00;7590.3;7614.3;7554.1;7569.4
2020.04.01 14:00;7568.8;7588.1;7550.2;7564.8
2020.04.01 15:00;7564.6;7585.3;7519.1;7560.8
2020.04.01 16:00;7561.6;7626.9;7548.8;7577.2
2020.04.01 17:00;7585.8;7652.2;7559.7;7638.2
2020.04.01 18:00;7637.9;7677.8;7578.4;7592.2
2020.04.01 19:00;7592.2;7592.4;7494.4;7505.4
2020.04.01 20:00;7504.7;7540.9;7498.4;7533.2
2020.04.01 21:00;7532.9;7552.4;7457.4;7460.4
2020.04.01 22:00;7460.2;7490.3;7399.7;7462.5
2020.04.01 23:00;7462.4;7465.3;7429.9;7460.3
2020.04.02 01:00;7461.1;7509.1;7455.3;7467.8
2020.04.02 02:00;7467.8;7501.6;7460.6;7499.3
2020.04.02 03:00;7500.2;7514.7;7487.3;7494.3
2020.04.02 04:00;7494.6;7506.3;7454.3;7486.6
2020.04.02 05:00;7486.6;7534.6;7486.6;7522.6
2020.04.02 06:00;7523.2;7542.7;7517.1;7518.6
2020.04.02 07:00;7519;7537.6;7501.6;7517.6
2020.04.02 08:00;7518.1;7528.3;7485.6;7523.8
2020.04.02 09:00;7523.7;7552.8;7523.3;7549.3
2020.04.02 10:00;7549.3;7576.8;7539.8;7561.6
2020.04.02 11:00;7561.3;7590.6;7556.6;7559.6
2020.04.02 12:00;7559.3;7566.6;7513.1;7519.3
2020.04.02 13:00;7519.1;7542.3;7500.2;7528.3
2020.04.02 14:00;7528.6;7559.6;7504.5;7553.3
2020.04.02 15:00;7553.6;7570.3;7425.6;7443.9
2020.04.02 16:00;7444.1;7514.9;7370.8;7465.4
2020.04.02 17:00;7464.9;7611.2;7454.9;7559.8
2020.04.02 18:00;7559.7;7602.4;7528.7;7590.2
2020.04.02 19:00;7590.4;7613.4;7559.4;7583.4
2020.04.02 20:00;7584;7604.9;7486.9;7512.2
2020.04.02 21:00;7512.7;7539.2;7441.4;7536.9
2020.04.02 22:00;7537.3;7619;7515.4;7613.2
2020.04.02 23:00;7611.9;7650.7;7606.5;7617.6
2020.04.03 01:00;7614.2;7645.2;7601.7;7629
2020.04.03 02:00;7628.7;7634;7571.4;7586.7
2020.04.03 03:00;7586.7;7605;7560.8;7575.2
2020.04.03 04:00;7575;7594.2;7552.9;7590.4
2020.04.03 05:00;7590.7;7592.7;7558.4;7578.7
2020.04.03 06:00;7578.3;7579.5;7547.3;7555.2
2020.04.03 07:00;7555.5;7555.5;7522.7;7532.7
2020.04.03 08:00;7531.9;7556.8;7510.4;7555.7
2020.04.03 09:00;7556.2;7569.4;7525.4;7558.7
2020.04.03 10:00;7557.9;7573.4;7518.4;7555.7
2020.04.03 11:00;7555;7570.2;7507.7;7530.7
2020.04.03 12:00;7530.7;7544;7504.9;7542.7
2020.04.03 13:00;7543.7;7558;7523;7546.9
2020.04.03 14:00;7547.2;7643.2;7536.7;7632.5
2020.04.03 15:00;7632.5;7638;7535.7;7591.2
2020.04.03 16:00;7591.5;7655.5;7567;7616.6
2020.04.03 17:00;7616.8;7643.8;7526.6;7545.3
2020.04.03 18:00;7545.8;7561.6;7492.8;7516.1
2020.04.03 19:00;7515.8;7525.8;7461.6;7492.5
2020.04.03 20:00;7492.6;7510.8;7431.1;7442.8
2020.04.03 21:00;7442.6;7493.1;7419.7;7489.3
2020.04.03 22:00;7489.3;7526.8;7434.1;7509.2
2020.04.03 23:00;7509.9;7537.8;7503.8;7517.5
2020.04.06 01:00;7590.5;7645.6;7590.1;7622.9
2020.04.06 02:00;7623.2;7651.9;7620.7;7648.9
2020.04.06 03:00;7649.2;7811.9;7647.2;7778.2
2020.04.06 04:00;7777.2;7800.7;7759.4;7786.4
2020.04.06 05:00;7786.7;7797.4;7744.2;7772.4
2020.04.06 06:00;7772.4;7798.3;7760.8;7784.7
2020.04.06 07:00;7785.1;7806.7;7769.4;7785.7
2020.04.06 08:00;7786.2;7840.2;7769.4;7821.6
2020.04.06 09:00;7821.9;7863.9;7809.7;7819.4
2020.04.06 10:00;7819.2;7848.4;7810.7;7832.9
2020.04.06 11:00;7832.9;7834.9;7791;7833.2
2020.04.06 12:00;7832.2;7843.9;7809.2;7830.7
2020.04.06 13:00;7831.4;7839.4;7807.2;7822.2
2020.04.06 14:00;7821.9;7821.9;7789.2;7803.2
2020.04.06 15:00;7802.9;7815.4;7776.7;7807.9
2020.04.06 16:00;7807.9;7853;7747;7848.3
2020.04.06 17:00;7848;7877.5;7827.5;7850.8
2020.04.06 18:00;7851;7894.6;7841;7886
2020.04.06 19:00;7886.3;7933;7878.3;7933
2020.04.06 20:00;7932.8;7957.4;7913.9;7957.3
2020.04.06 21:00;7957;7958.5;7909.6;7951.5
2020.04.06 22:00;7950.8;8095.5;7934.4;8050.2
2020.04.06 23:00;8050.1;8050.1;8015.3;8029.4
2020.04.07 01:00;8021.7;8030.9;7995.9;7998.5
2020.04.07 02:00;7998.7;8078.6;7993;8076.6
2020.04.07 03:00;8076.4;8091.8;8020.9;8037.9
2020.04.07 04:00;8037.9;8048.5;7993.4;7997.7
2020.04.07 05:00;7997.9;8004.5;7973.2;8003.4
2020.04.07 06:00;8003.9;8006.5;7943.4;7956.5
2020.04.07 07:00;7956.5;8003.2;7951.7;8001.5
2020.04.07 08:00;8000.7;8063.5;7991.2;8052.7
2020.04.07 09:00;8052.9;8147.9;8042;8141.9
2020.04.07 10:00;8142.4;8229.4;8111.9;8199.2
2020.04.07 11:00;8198;8241;8186.7;8196.7
2020.04.07 12:00;8195.9;8231.5;8190.7;8211.4
2020.04.07 13:00;8211.4;8298.6;8207.2;8287.4
2020.04.07 14:00;8287.4;8289.7;8232.6;8235.7
2020.04.07 15:00;8235.7;8277.4;8228.4;8270.9
2020.04.07 16:00;8270.9;8292.9;8197.6;8257.3
2020.04.07 17:00;8256.8;8263.8;8068.1;8097.2
2020.04.07 18:00;8097.3;8193.3;8072.8;8169.8
2020.04.07 19:00;8170.1;8253.8;8167.8;8220.1
2020.04.07 20:00;8220.1;8235.1;8157.3;8166.3
2020.04.07 21:00;8166.6;8170.6;8045.3;8060.6
2020.04.07 22:00;8060.6;8156.1;8027.3;8034.1
2020.04.07 23:00;8034.4;8045.2;7986.9;7993.7
2020.04.08 01:00;7993.4;8018.4;7976.4;7991.1
2020.04.08 02:00;7991.1;8062.6;7987.4;8038.4
2020.04.08 03:00;8038.4;8045.3;7949.4;7967.4
2020.04.08 04:00;7967.4;8043.6;7959;8002.9
2020.04.08 05:00;8002.9;8049.5;8001.9;8004.9
2020.04.08 06:00;8005.1;8041.1;7995.9;8037.1
2020.04.08 07:00;8037.3;8084.5;8025.1;8079.6
2020.04.08 08:00;8079.9;8138.6;8068.9;8117.4
2020.04.08 09:00;8117.6;8120.6;7980.4;8034.6
2020.04.08 10:00;8034.9;8067.4;8014.2;8058.1
2020.04.08 11:00;8058.9;8060.6;7977.6;8013.9
2020.04.08 12:00;8014.1;8034.9;7994.3;8007.6
2020.04.08 13:00;8008;8067.6;8005.4;8063.1
2020.04.08 14:00;8063.1;8098.6;8050.1;8086.9
2020.04.08 15:00;8086.9;8121.6;8076.9;8096.1
2020.04.08 16:00;8096.6;8150.9;8061.2;8068.2
2020.04.08 17:00;8068.5;8134;8041.6;8130.2
2020.04.08 18:00;8130.7;8185.2;8107.7;8156.5
2020.04.08 19:00;8156.7;8191.2;8143.7;8169.5
2020.04.08 20:00;8169.9;8185.6;8117.5;8122
2020.04.08 21:00;8121.7;8210.2;8118.7;8208.7
2020.04.08 22:00;8208.2;8238.8;8155;8209.2
2020.04.08 23:00;8209.7;8210.7;8184.2;8192.9
2020.04.09 01:00;8181.4;8187.2;8155.7;8174.9
2020.04.09 02:00;8174.9;8231.4;8165.6;8221.1
2020.04.09 03:00;8221.4;8226.2;8194.4;8204.7
2020.04.09 04:00;8204.7;8218.4;8148.4;8155
2020.04.09 05:00;8154.9;8175.4;8131.5;8145.9
2020.04.09 06:00;8146.7;8169.7;8135.4;8163.7
2020.04.09 07:00;8164.2;8193.2;8146.1;8190.7
2020.04.09 08:00;8190.9;8193.2;8161.2;8179.5
2020.04.09 09:00;8178.7;8242.4;8178.7;8241.9
2020.04.09 10:00;8241.4;8268.9;8229.2;8256.2
2020.04.09 11:00;8255.7;8261.7;8176.9;8178.7
2020.04.09 12:00;8179;8195.4;8148.7;8157
2020.04.09 13:00;8157.7;8177.6;8130;8157.9
2020.04.09 14:00;8157.2;8190.5;8115.4;8136.4
2020.04.09 15:00;8136.4;8268.9;8099.2;8262.2
2020.04.09 16:00;8262.2;8323.1;8234.8;8304.1
2020.04.09 17:00;8304.6;8304.6;8153.7;8223.5
2020.04.09 18:00;8223.8;8248.3;8161.1;8236.6
2020.04.09 19:00;8237.3;8277.1;8218.2;8268.8
2020.04.09 20:00;8269.1;8279.8;8226.8;8246.1
2020.04.09 21:00;8245.7;8248.5;8149.3;8175.6
2020.04.09 22:00;8175.1;8224.9;8159.6;8221.6
2020.04.09 23:00;8222.3;8243.1;8209.6;8232.7
2020.04.13 01:00;8291.8;8298.1;8073.3;8137.1
2020.04.13 02:00;8137.8;8163.1;8105.3;8116.6
2020.04.13 03:00;8117.3;8131.8;8084.8;8089.1
2020.04.13 04:00;8088.8;8139.6;8084.3;8122.6
2020.04.13 05:00;8123.1;8144.3;8116.1;8127.3
2020.04.13 06:00;8126.8;8132.8;8094.1;8107.1
2020.04.13 07:00;8107.3;8113.3;8091.7;8109.1
2020.04.13 08:00;8109.1;8121.3;8090.1;8092.6
2020.04.13 09:00;8092.6;8133.6;8090.1;8115.8
2020.04.13 10:00;8116.6;8127.1;8105.3;8112.6
2020.04.13 11:00;8113.3;8128.8;8108.6;8128.8
2020.04.13 12:00;8129.3;8151.3;8126.1;8133.3
2020.04.13 13:00;8133.3;8172;8124.3;8151.1
2020.04.13 14:00;8150.6;8201.8;8149.6;8195.8
2020.04.13 15:00;8196.1;8218.1;8182.2;8200.6
2020.04.13 16:00;8200.3;8242.9;8161.2;8169.4
2020.04.13 17:00;8169.2;8228.4;8155.2;8177.2
2020.04.13 18:00;8177.4;8223;8140.9;8204.2
2020.04.13 19:00;8203.7;8241.7;8194.7;8205.4
2020.04.13 20:00;8204.9;8253.2;8185.1;8240.9
2020.04.13 21:00;8241.3;8258.8;8215;8253.4
2020.04.13 22:00;8253.2;8328.9;8228.2;8315.8
2020.04.13 23:00;8316.4;8333.2;8308.9;8332.6
2020.04.14 01:00;8337.1;8372.2;8330.3;8365.8
2020.04.14 02:00;8365.6;8369.6;8353.3;8363.6
2020.04.14 03:00;8364.1;8364.1;8317.5;8343.6
2020.04.14 04:00;8343.3;8444.6;8337.8;8428.8
2020.04.14 05:00;8428.1;8463.3;8420.6;8450.6
2020.04.14 06:00;8450.6;8454.3;8430.3;8446.8
2020.04.14 07:00;8446.6;8481.7;8442.3;8477.6
2020.04.14 08:00;8477;8485.8;8444.3;8451.8
2020.04.14 09:00;8453.1;8469.1;8432.8;8467.3
2020.04.14 10:00;8467.6;8470.3;8428.3;8434.6
2020.04.14 11:00;8434.8;8445.7;8413.8;8423.8
2020.04.14 12:00;8424.1;8453.2;8420.1;8444.6
2020.04.14 13:00;8443.8;8452.7;8422.7;8434.3
2020.04.14 14:00;8434.6;8468.3;8420.3;8461.1
2020.04.14 15:00;8460.6;8490.6;8450.5;8484.6
2020.04.14 16:00;8483.8;8592.2;8456.4;8588.5
2020.04.14 17:00;8588.9;8608.5;8567.5;8580.2
2020.04.14 18:00;8580.7;8598.4;8543;8582.3
2020.04.14 19:00;8583.2;8661.2;8583.2;8651.2
2020.04.14 20:00;8651.9;8689.2;8635.4;8683.3
2020.04.14 21:00;8683.8;8696.7;8665.5;8687.2
2020.04.14 22:00;8686.8;8701.7;8644.5;8681.2
2020.04.14 23:00;8680.9;8700.1;8670.2;8699.8
2020.04.15 01:00;8701.2;8702;8682.2;8688.7
2020.04.15 02:00;8688.2;8695.2;8668.7;8672.9
2020.04.15 03:00;8672.6;8680.2;8654.4;8664.7
2020.04.15 04:00;8665.2;8667.2;8645.4;8665.2
2020.04.15 05:00;8665.4;8670.9;8633.4;8641.7
2020.04.15 06:00;8641.4;8659.9;8640.2;8654.2
2020.04.15 07:00;8654.4;8680.2;8644.2;8667.9
2020.04.15 08:00;8667.9;8677.7;8630.9;8636.2
2020.04.15 09:00;8636.2;8666.9;8626.1;8652.9
2020.04.15 10:00;8653.2;8672.7;8586.9;8590.9
2020.04.15 11:00;8590.9;8615.2;8566.4;8582.4
2020.04.15 12:00;8582.9;8585.4;8554.7;8579.9
2020.04.15 13:00;8579.9;8594.2;8559.3;8586.2
2020.04.15 14:00;8586.4;8616.5;8585.4;8593.7
2020.04.15 15:00;8593.6;8599.2;8505.6;8514.6
2020.04.15 16:00;8514.7;8566.1;8486.3;8518.8
2020.04.15 17:00;8518.1;8582.1;8500.8;8571.4
2020.04.15 18:00;8570.6;8581.1;8518.2;8528.6
2020.04.15 19:00;8528.3;8586.7;8522.7;8569.9
2020.04.15 20:00;8569.6;8594.8;8558.6;8571.8
2020.04.15 21:00;8572.1;8646.9;8571.8;8646.8
2020.04.15 22:00;8646.2;8655.8;8566.3;8581.8
2020.04.15 23:00;8581.3;8598.6;8567.9;8572.4
2020.04.16 01:00;8582.4;8589.6;8527.8;8539.8
2020.04.16 02:00;8540.1;8540.3;8515.8;8532.8
2020.04.16 03:00;8532.8;8568.1;8500.8;8526.8
2020.04.16 04:00;8526.8;8568.8;8524.8;8540.3
2020.04.16 05:00;8540.3;8566.1;8529.3;8536.4
2020.04.16 06:00;8536.6;8546.8;8515.6;8539.6
2020.04.16 07:00;8539.8;8566.8;8539.8;8563.8
2020.04.16 08:00;8564.3;8617.3;8543.3;8615.1
2020.04.16 09:00;8615.1;8695.6;8596.6;8676.8
2020.04.16 10:00;8677.3;8689.3;8642.3;8675.8
2020.04.16 11:00;8675.7;8688.6;8661.6;8664.6
2020.04.16 12:00;8664.8;8673.8;8641.6;8665.3
2020.04.16 13:00;8665.6;8679.8;8636.3;8669.6
2020.04.16 14:00;8669.6;8669.6;8624.3;8641.1
2020.04.16 15:00;8640.6;8697.8;8620.6;8678.8
2020.04.16 16:00;8676.6;8698.2;8640.9;8643.9
2020.04.16 17:00;8643.7;8714.4;8593.2;8706.7
2020.04.16 18:00;8707;8783.2;8693.9;8774.4
2020.04.16 19:00;8773.9;8786.2;8606.1;8662.7
2020.04.16 20:00;8662.4;8695.4;8644.9;8664.2
2020.04.16 21:00;8664.5;8721.2;8641.8;8702.2
2020.04.16 22:00;8701.9;8766.4;8667.7;8743.8
2020.04.16 23:00;8744;8842.3;8732;8834.8
2020.04.17 01:00;8910;8927.9;8876.2;8922
2020.04.17 02:00;8922.5;8966.3;8907.3;8933.5
2020.04.17 03:00;8933.8;8933.9;8881.6;8905.8
2020.04.17 04:00;8905.8;8933.5;8904.8;8923.3
2020.04.17 05:00;8923.3;8947.9;8909;8926.4
2020.04.17 06:00;8926.5;8926.8;8891.8;8916.3
2020.04.17 07:00;8915.8;8926.8;8906.4;8912.3
2020.04.17 08:00;8912.8;8952.3;8912.4;8933.3
2020.04.17 09:00;8933.3;8937.4;8885.3;8917.3
2020.04.17 10:00;8917.5;8943.4;8859.8;8892.8
2020.04.17 11:00;8892.4;8924.8;8880.5;8891.3
2020.04.17 12:00;8891.3;8929.8;8882.2;8917
2020.04.17 13:00;8917.1;8942.8;8911.9;8934.2
2020.04.17 14:00;8933.9;8947.8;8896.7;8905.8
2020.04.17 15:00;8905.4;8916.5;8876.4;8883.9
2020.04.17 16:00;8884;8890.8;8765.4;8824.4
2020.04.17 17:00;8824.4;8847.4;8741.6;8767.1
2020.04.17 18:00;8767.5;8786.5;8715.5;8746.4
2020.04.17 19:00;8746.6;8767.2;8718;8756.8
2020.04.17 20:00;8756.4;8763;8732.6;8737.6
2020.04.17 21:00;8737.9;8738.7;8690.7;8725.9
2020.04.17 22:00;8725.5;8827.4;8722.5;8818.6
2020.04.17 23:00;8818.2;8818.2;8799.6;8810.8
2020.04.20 01:00;8775.6;8788.6;8734.1;8753.3
2020.04.20 02:00;8752.6;8764.6;8739.3;8748.6
2020.04.20 03:00;8749.3;8838.1;8749;8824.3
2020.04.20 04:00;8824.3;8824.3;8758.8;8789.8
2020.04.20 05:00;8790.6;8816.1;8771.6;8795.3
2020.04.20 06:00;8795.3;8822.7;8789.8;8818.6
2020.04.20 07:00;8818.1;8830.3;8801.6;8809.1
2020.04.20 08:00;8809.1;8811.8;8772.8;8778.3
2020.04.20 09:00;8778.1;8791.6;8762.1;8790.8
2020.04.20 10:00;8791.1;8792.6;8740.3;8780.6
2020.04.20 11:00;8780.6;8783.3;8745.1;8762.8
2020.04.20 12:00;8763.1;8776.8;8743.6;8746.8
2020.04.20 13:00;8746.8;8749.3;8706.8;8726.3
2020.04.20 14:00;8725.3;8741.7;8698.6;8715.3
2020.04.20 15:00;8715.6;8738.6;8706.3;8722.3
2020.04.20 16:00;8722.4;8786.2;8709.6;8742.9
2020.04.20 17:00;8743.2;8829.7;8733.7;8819.7
2020.04.20 18:00;8819.2;8847.4;8805.3;8834.9
2020.04.20 19:00;8835.2;8838.3;8811.7;8823.2
2020.04.20 20:00;8823.2;8824.4;8782.5;8820.4
2020.04.20 21:00;8819.7;8829.9;8732.9;8735.9
2020.04.20 22:00;8736.4;8765.2;8712.7;8713.7
2020.04.20 23:00;8714.2;8727.2;8689.2;8714.9
2020.04.21 01:00;8707;8751.4;8704.7;8743.9
2020.04.21 02:00;8743.9;8754.2;8718.2;8731.7
2020.04.21 03:00;8732.1;8755.7;8702.2;8738.7
2020.04.21 04:00;8739.2;8764.4;8715.2;8720.4
2020.04.21 05:00;8720.3;8732.2;8604.7;8654.9
2020.04.21 06:00;8654.9;8665.9;8634.9;8648.9
2020.04.21 07:00;8649.2;8674.9;8638.4;8660.4
2020.04.21 08:00;8660.8;8680.2;8645.2;8657.2
2020.04.21 09:00;8658.2;8698.7;8657.7;8688.9
2020.04.21 10:00;8688.2;8710.4;8649.4;8663.4
2020.04.21 11:00;8664.4;8694.9;8662;8681.9
2020.04.21 12:00;8682.7;8699.4;8646.7;8663.7
2020.04.21 13:00;8663.5;8677.4;8611.2;8623.7
2020.04.21 14:00;8623.9;8637.9;8606.1;8610.2
2020.04.21 15:00;8609.2;8628.9;8597.7;8609.9
2020.04.21 16:00;8608.9;8654.1;8532.8;8585.8
2020.04.21 17:00;8586;8592.6;8390.6;8397.5
2020.04.21 18:00;8397.1;8414.8;8345.1;8405.9
2020.04.21 19:00;8406.6;8416.1;8355.8;8394.4
2020.04.21 20:00;8394.3;8479.6;8387.6;8457.3
2020.04.21 21:00;8457.6;8519.1;8416.6;8424.3
2020.04.21 22:00;8424.3;8482.4;8381.2;8393
2020.04.21 23:00;8393.6;8443.8;8393.6;8428.7
2020.04.22 01:00;8451.5;8477.3;8441;8458
2020.04.22 02:00;8458;8464;8429.4;8461
2020.04.22 03:00;8461.3;8493.3;8404;8447.5
2020.04.22 04:00;8447.9;8475.4;8430.9;8454.8
2020.04.22 05:00;8454.8;8465.9;8432.3;8464.8
2020.04.22 06:00;8465.3;8469.3;8441.9;8460.3
2020.04.22 07:00;8460.8;8480;8426.4;8437.3
2020.04.22 08:00;8437.4;8511.5;8436.8;8499.4
2020.04.22 09:00;8499.8;8539.8;8483.8;8512.8
2020.04.22 10:00;8511.7;8529.3;8494.8;8509.8
2020.04.22 11:00;8510.8;8555.3;8501.8;8550.9
2020.04.22 12:00;8551.3;8571;8544.8;8550.8
2020.04.22 13:00;8551.7;8555.9;8513.4;8531
2020.04.22 14:00;8530.4;8542.3;8519.4;8541.5
2020.04.22 15:00;8540.8;8580;8514.8;8574.9
2020.04.22 16:00;8574.4;8601.9;8538.3;8578.1
2020.04.22 17:00;8578.1;8612.1;8550.1;8577.8
2020.04.22 18:00;8579.1;8611.9;8566.6;8599.9
2020.04.22 19:00;8600.2;8627.6;8594.2;8613.6
2020.04.22 20:00;8614;8656.1;8603.3;8652.1
2020.04.22 21:00;8651.7;8684;8643.6;8679
2020.04.22 22:00;8679.4;8702.3;8649.5;8653.9
2020.04.22 23:00;8653.5;8653.5;8625.6;8638.4
2020.04.23 01:00;8645.3;8647.4;8616.1;8622.9
2020.04.23 02:00;8623.1;8625.8;8605.8;8620
2020.04.23 03:00;8620.3;8632.4;8589.4;8615.6
2020.04.23 04:00;8615.7;8655.6;8615.7;8620.6
2020.04.23 05:00;8620.8;8625.4;8585.3;8595.6
2020.04.23 06:00;8595.1;8609.4;8587.6;8595.6
2020.04.23 07:00;8595.8;8628.2;8593.3;8619.3
2020.04.23 08:00;8619.1;8648.1;8617.8;8631.1
2020.04.23 09:00;8631.4;8680.9;8616.1;8667.3
2020.04.23 10:00;8666.9;8671.6;8605.3;8607.1
2020.04.23 11:00;8607.1;8632.9;8598.8;8618.6
2020.04.23 12:00;8618.6;8661.9;8614.8;8659.6
2020.04.23 13:00;8660.1;8660.1;8618.4;8624.1
2020.04.23 14:00;8624.1;8653.4;8623.8;8648.3
2020.04.23 15:00;8648.4;8699.6;8629.9;8697.7
2020.04.23 16:00;8697.9;8747.3;8666.4;8726.9
2020.04.23 17:00;8727.2;8790.6;8713.7;8772.5
2020.04.23 18:00;8772.1;8773.6;8721.6;8732.2
2020.04.23 19:00;8732.3;8768;8616.7;8706.7
2020.04.23 20:00;8706.9;8738.1;8620.6;8645.1
2020.04.23 21:00;8644.7;8711.7;8612;8705.5
2020.04.23 22:00;8705;8708;8625.7;8630.6
2020.04.23 23:00;8630.9;8633;8593.8;8609.4
2020.04.24 01:00;8573.8;8595.4;8537.3;8554.4
2020.04.24 02:00;8554.4;8563.2;8542.9;8557.4
2020.04.24 03:00;8556.9;8569.7;8516.9;8532.2
2020.04.24 04:00;8532.2;8545.2;8502.8;8521.4
2020.04.24 05:00;8521.2;8558.7;8518.8;8547.7
2020.04.24 06:00;8547.9;8556.8;8537.5;8540.4
2020.04.24 07:00;8540.3;8557.2;8536.3;8540.9
2020.04.24 08:00;8540.3;8546.9;8509.7;8537.3
2020.04.24 09:00;8536.9;8572.2;8516.7;8569.9
2020.04.24 10:00;8570.1;8587.2;8552.3;8570.8
2020.04.24 11:00;8570.9;8572.7;8546.7;8566.7
2020.04.24 12:00;8566.7;8640.7;8566.7;8625.8
2020.04.24 13:00;8625.7;8667.2;8615.9;8667.2
2020.04.24 14:00;8666.8;8670.2;8633.2;8638.3
2020.04.24 15:00;8638.7;8677.9;8627.1;8659.7
2020.04.24 16:00;8659.3;8671.8;8588.3;8593
2020.04.24 17:00;8592.8;8675;8592.8;8643.5
2020.04.24 18:00;8643.3;8662;8614.8;8652.8
2020.04.24 19:00;8653;8698.3;8640.3;8688.5
2020.04.24 20:00;8688.8;8725.3;8671.9;8723.8
2020.04.24 21:00;8723.5;8750.1;8717.8;8740
2020.04.24 22:00;8739.5;8784.8;8726.8;8775.5
2020.04.24 23:00;8775.3;8783;8766.5;8770.4
2020.04.27 01:00;8814.4;8817.9;8736.3;8738.3
2020.04.27 02:00;8738.3;8775.3;8738.3;8759.1
2020.04.27 03:00;8759.2;8793.3;8744.6;8791.6
2020.04.27 04:00;8792.4;8816.3;8776.1;8811.4
2020.04.27 05:00;8811.5;8835.1;8809.1;8825.1
2020.04.27 06:00;8824.9;8844.3;8824.6;8842.8
2020.04.27 07:00;8842.6;8893.9;8841.4;8887.6
2020.04.27 08:00;8887.3;8902.9;8871.8;8888.6
2020.04.27 09:00;8889.6;8894.1;8853.6;8862.4
2020.04.27 10:00;8861.6;8896.1;8844.8;8887.1
2020.04.27 11:00;8887.1;8887.1;8855.6;8879.1
2020.04.27 12:00;8879.1;8902.3;8868.3;8895.1
2020.04.27 13:00;8894.3;8894.3;8865.3;8866.6
2020.04.27 14:00;8866.6;8890.6;8861.8;8880.3
2020.04.27 15:00;8880.8;8895.6;8872.3;8874.1
2020.04.27 16:00;8873.9;8887.6;8826.2;8872.2
2020.04.27 17:00;8871.9;8883.5;8820.2;8823.5
2020.04.27 18:00;8823;8870.2;8814;8851
2020.04.27 19:00;8851.5;8859.5;8823.6;8842.9
2020.04.27 20:00;8843.2;8844.2;8795.9;8808.6
2020.04.27 21:00;8808.2;8843.6;8808.2;8831.3
2020.04.27 22:00;8831;8855.6;8821.6;8830.3
2020.04.27 23:00;8830.2;8833.7;8823;8825.9
2020.04.28 01:00;8823.1;8829.4;8809.3;8821.1
2020.04.28 02:00;8821.1;8844.6;8819.4;8830.1
2020.04.28 03:00;8830.1;8854.1;8817.8;8846.1
2020.04.28 04:00;8846.1;8846.1;8786.9;8789.9
2020.04.28 05:00;8790.6;8814.1;8784.1;8809.8
2020.04.28 06:00;8809.9;8814.6;8794.1;8801.8
2020.04.28 07:00;8802.4;8809.3;8784.1;8808.6
2020.04.28 08:00;8808.4;8845.5;8801.1;8833.6
2020.04.28 09:00;8834.1;8844.4;8820.3;8828.1
2020.04.28 10:00;8829.2;8881.4;8824.9;8875.9
2020.04.28 11:00;8875.9;8880.1;8859.8;8868.8
2020.04.28 12:00;8868.9;8946.6;8866.3;8944.3
2020.04.28 13:00;8944.2;8952.4;8927.1;8930.4
2020.04.28 14:00;8930.3;8937.9;8920.3;8936.1
2020.04.28 15:00;8936.1;8940.6;8914.8;8927.8
2020.04.28 16:00;8927.6;8929.6;8834.7;8837.7
2020.04.28 17:00;8837.2;8845.9;8696.3;8706.7
2020.04.28 18:00;8706.7;8759;8701;8724.3
2020.04.28 19:00;8725.3;8743.2;8682.7;8737.5
2020.04.28 20:00;8737.8;8757.5;8726.7;8742.2
2020.04.28 21:00;8742.5;8771.2;8721.7;8729.7
2020.04.28 22:00;8730;8752;8662.5;8675.5
2020.04.28 23:00;8674.4;8728.5;8662.2;8707.1
2020.04.29 01:00;8766.4;8782.8;8741.9;8756
2020.04.29 02:00;8755.9;8783.4;8745.3;8776.3
2020.04.29 03:00;8775.4;8802;8773;8794.8
2020.04.29 04:00;8795;8866.8;8795;8838.4
2020.04.29 05:00;8838.3;8851.3;8826.4;8847.8
2020.04.29 06:00;8848.3;8849.3;8828.8;8846.5
2020.04.29 07:00;8846.4;8863;8829.8;8849.8
2020.04.29 08:00;8850.3;8859.8;8832.3;8846.4
2020.04.29 09:00;8846.6;8852;8805.8;8822.8
2020.04.29 10:00;8822.5;8841.9;8800.4;8828.8
2020.04.29 11:00;8828.4;8836.8;8811.9;8830.3
2020.04.29 12:00;8830.7;8836.9;8815.9;8823.4
2020.04.29 13:00;8823.8;8824;8797.4;8822.8
2020.04.29 14:00;8822.8;8824;8781.5;8792.3
2020.04.29 15:00;8792.3;8902.4;8786.8;8897
2020.04.29 16:00;8897.3;8914.8;8825.1;8903.1
2020.04.29 17:00;8902.5;8948.2;8875.7;8928.9
2020.04.29 18:00;8928.6;8942.6;8913.2;8924.4
2020.04.29 19:00;8925.1;8972.5;8925.1;8956.4
2020.04.29 20:00;8956.9;8976.8;8950.9;8968.9
2020.04.29 21:00;8968.1;8991.6;8932;8987.4
2020.04.29 22:00;8988;9023.1;8968.1;8971.6
2020.04.29 23:00;8971.1;9125.1;8969.4;9123.9
2020.04.30 01:00;9107.4;9107.7;9082.4;9099.2
2020.04.30 02:00;9098.8;9113.2;9085.4;9099.4
2020.04.30 03:00;9099.3;9099.4;9051.9;9069.7
2020.04.30 04:00;9069.4;9086.3;9064.2;9075.9
2020.04.30 05:00;9076;9104.3;9071.3;9093.3
2020.04.30 06:00;9093.4;9133.7;9088.3;9125.7
2020.04.30 07:00;9125.2;9153.2;9116.2;9138.7
2020.04.30 08:00;9138.7;9144.7;9124.2;9127.3
2020.04.30 09:00;9127.3;9128.7;9091.2;9113.4
2020.04.30 10:00;9113.7;9114.3;9071.3;9080.7
2020.04.30 11:00;9080.8;9103.9;9072.9;9079.8
2020.04.30 12:00;9079.9;9105.7;9079.9;9103.7
2020.04.30 13:00;9103.7;9112.9;9051;9064.6
2020.04.30 14:00;9064.7;9085.3;9052.7;9055.7
2020.04.30 15:00;9055.3;9071.2;8998.3;9001.2
2020.04.30 16:00;9001.7;9026.2;8946.9;9005.8
2020.04.30 17:00;9005.4;9022.3;8955;8977.8
2020.04.30 18:00;8977.5;9012.3;8949.3;8949.6
2020.04.30 19:00;8949.4;8958.5;8915.2;8953.8
2020.04.30 20:00;8953.5;8965.8;8924.5;8932.9
2020.04.30 21:00;8932.8;8961.1;8917.9;8931
2020.04.30 22:00;8931.3;9008.6;8924.3;8990.2
2020.04.30 23:00;8991;8997.8;8865.3;8877.2
2020.05.01 01:00;8842.3;8859.4;8814.3;8841.6
2020.05.01 02:00;8841.3;8852.4;8829.3;8847.1
2020.05.01 03:00;8848.1;8864.4;8825.8;8862.6
2020.05.01 04:00;8862.4;8870.6;8833.8;8845.1
2020.05.01 05:00;8845.5;8852.6;8810.8;8818.1
2020.05.01 06:00;8817.8;8830.9;8796.6;8824.1
2020.05.01 07:00;8824.1;8843.1;8822.6;8833.1
2020.05.01 08:00;8833.1;8840.6;8801.3;8816.1
2020.05.01 09:00;8816.1;8816.9;8760.8;8769.3
2020.05.01 10:00;8769.5;8781.6;8734.8;8755.3
2020.05.01 11:00;8755.4;8783.2;8745.3;8781.9
2020.05.01 12:00;8781.8;8784.1;8763.3;8771.6
2020.05.01 13:00;8771.8;8797.1;8769.8;8782.3
2020.05.01 14:00;8782.4;8794.6;8754.9;8790.1
2020.05.01 15:00;8790.8;8796.1;8767.4;8792.6
2020.05.01 16:00;8791.6;8852.7;8784.8;8838.2
2020.05.01 17:00;8847.5;8888.8;8817.5;8838.7
2020.05.01 18:00;8837.9;8838;8733.8;8741.8
2020.05.01 19:00;8741.2;8745.3;8686.4;8709.7
2020.05.01 20:00;8709.4;8727.5;8682.7;8707.7
2020.05.01 21:00;8707.2;8741;8696.2;8735.7
2020.05.01 22:00;8736.2;8765;8698;8722
2020.05.01 23:00;8722.3;8733.2;8707.6;8715.1
2020.05.04 01:00;8618.1;8651.4;8602.3;8618.6
2020.05.04 02:00;8618.8;8624.4;8572.1;8592.6
2020.05.04 03:00;8592.8;8604.4;8567.6;8583.3
2020.05.04 04:00;8583.6;8646.1;8583.3;8641.6
2020.05.04 05:00;8641.4;8648.6;8623.8;8639.6
2020.05.04 06:00;8640.1;8674.9;8639.3;8674.6
2020.05.04 07:00;8674.3;8680.1;8644.8;8652.4
2020.05.04 08:00;8652.1;8664.3;8636.8;8644.3
2020.05.04 09:00;8643.8;8706.3;8632.3;8696.9
2020.05.04 10:00;8697.3;8706.6;8655.6;8669.6
2020.05.04 11:00;8673.2;8692.8;8650.8;8658.9
2020.05.04 12:00;8659.1;8660.1;8627.3;8659.6
2020.05.04 13:00;8659.9;8676.4;8650.6;8656.4
2020.05.04 14:00;8656.6;8688.4;8643.1;8673.6
2020.05.04 15:00;8672.1;8686.9;8656.9;8672.6
2020.05.04 16:00;8672.4;8735.5;8660.3;8728.7
2020.05.04 17:00;8729.7;8779.8;8724.7;8743
2020.05.04 18:00;8743.3;8793.6;8737.4;8777.5
2020.05.04 19:00;8777.2;8789.1;8728.7;8735
2020.05.04 20:00;8735.5;8757.2;8710.7;8756.7
2020.05.04 21:00;8756.1;8791;8744.7;8786.7
2020.05.04 22:00;8786.2;8838.1;8779.3;8829.8
2020.05.04 23:00;8829.5;8829.7;8802.9;8819.6
2020.05.05 01:00;8816.9;8837.9;8809.6;8821.1
2020.05.05 02:00;8820.9;8835.9;8813.4;8834.6
2020.05.05 03:00;8834.9;8855.1;8829.3;8852.3
2020.05.05 04:00;8852.4;8884.9;8848.7;8882.1
2020.05.05 05:00;8881.6;8882.8;8865.4;8868.1
2020.05.05 06:00;8867.9;8869.9;8842.1;8854.6
2020.05.05 07:00;8854.6;8886.9;8852.3;8880.3
2020.05.05 08:00;8880.9;8883.8;8866.6;8868.1
2020.05.05 09:00;8868.4;8884.9;8861.1;8879.6
2020.05.05 10:00;8879.4;8922.3;8864.3;8916.3
2020.05.05 11:00;8916.4;8927.1;8835.6;8838.8
2020.05.05 12:00;8838.9;8891.4;8833.3;8888.9
2020.05.05 13:00;8888.8;8908.1;8881.4;8904.6
2020.05.05 14:00;8904.4;8922.1;8895.3;8915.8
2020.05.05 15:00;8915.6;8936.6;8914.4;8923.6
2020.05.05 16:00;8923.1;8969;8906.8;8967.9
2020.05.05 17:00;8968;8983.8;8949;8974.1
2020.05.05 18:00;8974.5;8998.1;8963.7;8996.2
2020.05.05 19:00;8996.5;9009.6;8976.8;8986.7
2020.05.05 20:00;8986.4;9012.6;8978.2;9008.1
2020.05.05 21:00;9007.7;9031;9000.1;9030.1
2020.05.05 22:00;9029.8;9029.8;8896.7;8928.8
2020.05.05 23:00;8929.7;8941.1;8916.1;8941.1
2020.05.06 01:00;8929.9;8975.3;8926.6;8974.1
2020.05.06 02:00;8974.5;8974.8;8960.3;8966.1
2020.05.06 03:00;8965.8;8969.6;8894.6;8905.8
2020.05.06 04:00;8905.9;8923.3;8887.6;8914.6
2020.05.06 05:00;8914.8;8926.2;8897.8;8922.6
2020.05.06 06:00;8922.4;8950;8921.6;8938.8
2020.05.06 07:00;8939.1;8946.8;8926.1;8940.9
2020.05.06 08:00;8941.3;8988.6;8938.6;8980.4
2020.05.06 09:00;8980.6;9017.8;8971.1;9007.6
2020.05.06 10:00;9006.4;9009.8;8980.1;8987.1
2020.05.06 11:00;8986.8;9002.3;8980.1;8993.1
2020.05.06 12:00;8993.2;9014.6;8987.3;9010.3
2020.05.06 13:00;9011.1;9019.6;9003.3;9006.3
2020.05.06 14:00;9006.3;9009.8;8992.1;8993.8
2020.05.06 15:00;8993.3;9001.3;8966.8;8987.3
2020.05.06 16:00;8987.8;9038.8;8979.5;8997.4
2020.05.06 17:00;8998;9056.2;8946.2;9038.5
2020.05.06 18:00;9038.2;9053.2;9001.5;9021.9
2020.05.06 19:00;9021.4;9052.3;9012.9;9038.7
2020.05.06 20:00;9038.9;9066.7;9023.2;9052.4
2020.05.06 21:00;9052.1;9052.8;9018.9;9027.7
2020.05.06 22:00;9027.3;9043.9;8968.2;8981.6
2020.05.06 23:00;8982;8982;8950.9;8962.2
2020.05.07 01:00;8965.1;8976.9;8940.3;8950.6
2020.05.07 02:00;8950.6;8974.6;8945.3;8973.9
2020.05.07 03:00;8974.8;9004.6;8974.8;8998.9
2020.05.07 04:00;8999.1;9015.6;8988.1;8998.4
2020.05.07 05:00;8998.3;9010.9;8984.1;9010.1
2020.05.07 06:00;9010.1;9037.4;9008.3;9032.4
2020.05.07 07:00;9032.4;9039.9;9024.6;9031.9
2020.05.07 08:00;9031.6;9033.9;9014.1;9022.1
2020.05.07 09:00;9022.8;9051.7;9021.3;9042.4
2020.05.07 10:00;9041.6;9093.7;9035.6;9073.6
2020.05.07 11:00;9073.1;9091.7;9068.4;9085.1
2020.05.07 12:00;9085.9;9109.6;9083.3;9104.2
2020.05.07 13:00;9104.1;9109.4;9086.1;9088.3
2020.05.07 14:00;9087.9;9108.7;9071.6;9102.9
2020.05.07 15:00;9102.8;9105.6;9078.6;9099.3
2020.05.07 16:00;9098.6;9117.5;9068.7;9094.7
2020.05.07 17:00;9094;9100.6;9041;9057
2020.05.07 18:00;9056.6;9120.4;9056.6;9106.2
2020.05.07 19:00;9106.7;9125.5;9102.3;9123.6
2020.05.07 20:00;9123.2;9136;9106.3;9119.8
2020.05.07 21:00;9119.5;9120.5;9087.5;9106.2
2020.05.07 22:00;9105.9;9120.6;9075.9;9101.6
2020.05.07 23:00;9100.6;9133.3;9096.2;9128.1
2020.05.08 01:00;9118.3;9139.5;9110.8;9139.3
2020.05.08 02:00;9139.4;9149.4;9122.3;9148.3
2020.05.08 03:00;9148.4;9191.1;9148.4;9187.9
2020.05.08 04:00;9188.4;9202.8;9182.8;9187.3
2020.05.08 05:00;9187.9;9222.8;9187.8;9209.4
2020.05.08 06:00;9209.5;9218.8;9208.8;9214.8
2020.05.08 07:00;9214.4;9222.3;9206.4;9215.8
2020.05.08 08:00;9215.9;9233.8;9213.4;9231.9
2020.05.08 09:00;9231.9;9244.3;9196.8;9199.8
2020.05.08 10:00;9199.9;9204.5;9185.9;9192.4
2020.05.08 11:00;9192.3;9193.8;9175.3;9193
2020.05.08 12:00;9192.9;9210.5;9184.7;9210.3
2020.05.08 13:00;9210.3;9218.5;9204.1;9211.9
2020.05.08 14:00;9212.8;9214.1;9196.9;9199.4
2020.05.08 15:00;9199.8;9225.9;9179.4;9192.4
2020.05.08 16:00;9191.4;9204;9123.8;9150.4
2020.05.08 17:00;9150.9;9202.4;9150.9;9180.2
2020.05.08 18:00;9180.6;9215;9165.7;9210.9
2020.05.08 19:00;9211.2;9225;9204;9221.7
2020.05.08 20:00;9222;9225.4;9166.5;9176.2
2020.05.08 21:00;9175.7;9195.5;9158.2;9192.7
2020.05.08 22:00;9192.4;9224.8;9186.2;9217.9
2020.05.08 23:00;9217.2;9235.5;9216.8;9227.6
2020.05.11 01:00;9195.2;9227.1;9184.9;9224.4
2020.05.11 02:00;9224.7;9263.4;9220.4;9260.9
2020.05.11 03:00;9260.4;9275.2;9253.9;9272.7
2020.05.11 04:00;9272.2;9291.9;9260.4;9286.4
2020.05.11 05:00;9287.1;9291.2;9275.6;9278.4
2020.05.11 06:00;9278.4;9281.9;9273.4;9280.9
2020.05.11 07:00;9281.2;9289.4;9268.4;9272.9
2020.05.11 08:00;9271.9;9272.2;9243.9;9244.4
2020.05.11 09:00;9245.2;9265.9;9234.7;9261.8
2020.05.11 10:00;9262.6;9277.9;9247.1;9271.2
2020.05.11 11:00;9270.7;9270.9;9215.9;9224.9
2020.05.11 12:00;9225.2;9230.7;9200.7;9222.7
2020.05.11 13:00;9222.9;9227.4;9183.4;9195.2
2020.05.11 14:00;9196.1;9205.2;9151.6;9156.7
2020.05.11 15:00;9156.9;9162.7;9125.9;9150.4
2020.05.11 16:00;9151.2;9231.2;9148.4;9212.4
2020.05.11 17:00;9212.1;9261.2;9209.9;9237.1
2020.05.11 18:00;9238.1;9273.7;9231.8;9272.4
2020.05.11 19:00;9271.8;9289.9;9260.7;9287.3
2020.05.11 20:00;9286.7;9330.6;9281.3;9316.4
2020.05.11 21:00;9316.1;9335.1;9301.8;9330.6
2020.05.11 22:00;9330.2;9346.6;9295.1;9295.1
2020.05.11 23:00;9294.8;9303.6;9273.8;9288.9
2020.05.12 01:00;9292.7;9318.2;9288.9;9300.7
2020.05.12 02:00;9300.3;9308.9;9269.7;9283.7
2020.05.12 03:00;9283.9;9290.8;9244.7;9254.3
2020.05.12 04:00;9254.4;9278.4;9241.2;9250.2
2020.05.12 05:00;9250.1;9261.7;9234.7;9249.9
2020.05.12 06:00;9250.7;9260.4;9231.2;9260.2
2020.05.12 07:00;9259.8;9277.2;9252.7;9272.2
2020.05.12 08:00;9272.2;9293.4;9271.2;9279.4
2020.05.12 09:00;9279.2;9281.2;9237.8;9254.4
2020.05.12 10:00;9254.7;9300.2;9251.7;9287.7
2020.05.12 11:00;9288.7;9293.2;9270.2;9271.4
2020.05.12 12:00;9271.3;9286.9;9254.9;9285.4
2020.05.12 13:00;9285.2;9310.7;9276.3;9303.4
2020.05.12 14:00;9303.7;9330.2;9298.3;9324.2
2020.05.12 15:00;9324.2;9328.9;9303.2;9326.5
2020.05.12 16:00;9327.2;9352.8;9244.8;9277.8
2020.05.12 17:00;9277.5;9326.3;9258.8;9317.8
2020.05.12 18:00;9318.3;9339.5;9300.3;9318.8
2020.05.12 19:00;9319.3;9339;9306.1;9335.3
2020.05.12 20:00;9335;9336.5;9261.8;9299.8
2020.05.12 21:00;9300.1;9301.5;9257.6;9281.1
2020.05.12 22:00;9280.5;9283.5;9108.6;9108.8
2020.05.12 23:00;9109.5;9117.3;9047.8;9050.7
2020.05.13 01:00;9040.9;9083.9;9036.9;9055.2
2020.05.13 02:00;9054.6;9063.9;9014.2;9021.4
2020.05.13 03:00;9021.2;9056.2;9005.7;9050.7
2020.05.13 04:00;9050.4;9061.7;9033.9;9053.9
2020.05.13 05:00;9054.2;9088.7;9052.4;9076.9
2020.05.13 06:00;9076.9;9096.7;9071.2;9094.2
2020.05.13 07:00;9094.2;9113.4;9084.7;9111.7
2020.05.13 08:00;9111.4;9120.7;9077.2;9091.9
2020.05.13 09:00;9091.7;9135.9;9086.9;9131.2
2020.05.13 10:00;9131.4;9132.7;9080.7;9102.9
2020.05.13 11:00;9102.9;9133.4;9085.7;9101.7
2020.05.13 12:00;9101.7;9155.4;9095.2;9143.4
2020.05.13 13:00;9143.2;9167.2;9140.9;9157.4
2020.05.13 14:00;9157.2;9175.9;9141.9;9169.7
2020.05.13 15:00;9169.1;9174.9;9145.2;9146.6
2020.05.13 16:00;9146.4;9148.6;9050.8;9120.8
2020.05.13 17:00;9119.8;9210.7;9116.7;9122.6
2020.05.13 18:00;9123.6;9151.6;8985.4;9003.4
2020.05.13 19:00;9003.8;9013.6;8894.1;8986.3
2020.05.13 20:00;8985.7;8990.7;8920.4;8937.4
2020.05.13 21:00;8937.9;8985.8;8909.6;8910
2020.05.13 22:00;8909.9;9011.8;8886.7;8997.8
2020.05.13 23:00;8998.3;9029.1;8988.1;9018.9
2020.05.14 01:00;9030.1;9037.6;9011.8;9032.8
2020.05.14 02:00;9032.8;9045.6;9015.1;9019.3
2020.05.14 03:00;9019.1;9019.1;8972.1;9005.8
2020.05.14 04:00;9006.2;9023.6;8975.1;8982.3
2020.05.14 05:00;8981.8;8999.6;8950.8;8998.1
2020.05.14 06:00;8998.6;9013.6;8990.8;9007.1
2020.05.14 07:00;9008.3;9025.8;8981.8;8982.8
2020.05.14 08:00;8983.3;9001.7;8971.3;8972.6
2020.05.14 09:00;8971.8;8984.8;8952.8;8975.6
2020.05.14 10:00;8976.1;9039.6;8975.1;9004.8
2020.05.14 11:00;9005.6;9023.1;8989.1;9010.9
2020.05.14 12:00;9010.3;9045;9003.6;9039.6
2020.05.14 13:00;9039.8;9041.3;8991.8;9005.6
2020.05.14 14:00;9005.8;9012.6;8937.6;8942.1
2020.05.14 15:00;8941.8;8951.6;8897.1;8937.3
2020.05.14 16:00;8938.1;8983.4;8862.4;8880.2
2020.05.14 17:00;8879.9;8937.8;8855.2;8911.4
2020.05.14 18:00;8911.7;8982.2;8903.7;8910.7
2020.05.14 19:00;8911.4;8991.9;8898.9;8986.9
2020.05.14 20:00;8987.3;9017.6;8965.4;8978.7
2020.05.14 21:00;8978.4;8997.3;8944.1;8993.2
2020.05.14 22:00;8993.4;9096.4;8984.7;9094.4
2020.05.14 23:00;9094.2;9111.7;9080.6;9093.3
2020.05.15 01:00;9085.1;9101.1;9079.4;9085.3
2020.05.15 02:00;9085.4;9117.3;9080.1;9112.8
2020.05.15 03:00;9113.3;9125.1;9089.7;9098.6
2020.05.15 04:00;9098.4;9103.4;9069.3;9079.1
2020.05.15 05:00;9079.1;9095.1;9058.9;9088.6
2020.05.15 06:00;9088.6;9104.4;9069.4;9101.6
2020.05.15 07:00;9101.6;9119.1;9093.3;9112.8
2020.05.15 08:00;9112.9;9129.6;9094.3;9095.4
2020.05.15 09:00;9095.3;9110.9;9085.8;9107.9
2020.05.15 10:00;9108.1;9148.8;9107.1;9142.4
2020.05.15 11:00;9142.6;9143.9;9119.6;9133.1
2020.05.15 12:00;9133.3;9142.9;9109.3;9116.6
2020.05.15 13:00;9116.8;9133.1;9040.3;9043.6
2020.05.15 14:00;9044.8;9045.1;8954.8;8955.3
2020.05.15 15:00;8955.4;8985.9;8935.4;8959.6
2020.05.15 16:00;8958.9;9025.3;8931.9;9021.9
2020.05.15 17:00;9023.5;9064.1;8974.2;8980.7
2020.05.15 18:00;8980.1;9004.7;8952.9;9001
2020.05.15 19:00;9000.7;9072;8995.7;9065.2
2020.05.15 20:00;9065.5;9111.3;9055.1;9087.2
2020.05.15 21:00;9086.7;9120.7;9072.2;9083.2
2020.05.15 22:00;9083.2;9155.5;9075.3;9153.7
2020.05.15 23:00;9153.3;9153.8;9097.9;9123.3
2020.05.18 01:00;9125.2;9174.4;9117.4;9163.2
2020.05.18 02:00;9164.2;9184.7;9161.9;9171.4
2020.05.18 03:00;9172.1;9183.7;9162.4;9172.4
2020.05.18 04:00;9172.2;9194.9;9168.7;9180.2
2020.05.18 05:00;9179.9;9211.9;9178.9;9205.2
2020.05.18 06:00;9205.4;9219.9;9201.2;9202.4
2020.05.18 07:00;9202.7;9208.4;9191.7;9205.9
2020.05.18 08:00;9205.7;9207.4;9181.9;9183.4
2020.05.18 09:00;9184.2;9216.9;9182.4;9200.2
2020.05.18 10:00;9200.4;9230.9;9200.2;9229.9
2020.05.18 11:00;9229.7;9249.4;9226.7;9237.4
2020.05.18 12:00;9237.7;9241.7;9201.7;9214.2
2020.05.18 13:00;9214.9;9233.9;9202.4;9233.2
2020.05.18 14:00;9233.9;9284.4;9222.4;9282.4
2020.05.18 15:00;9281.7;9301.2;9272.2;9296.2
2020.05.18 16:00;9296.2;9304.1;9243.8;9268.2
2020.05.18 17:00;9268.6;9339.6;9259.6;9338.3
2020.05.18 18:00;9338;9352.1;9321.8;9334.8
2020.05.18 19:00;9335.1;9339.5;9313.4;9328.8
2020.05.18 20:00;9329.6;9368.6;9326.6;9351.1
2020.05.18 21:00;9351.1;9351.1;9325.4;9332.8
2020.05.18 22:00;9332.8;9365.3;9317.8;9328.1
2020.05.18 23:00;9326.9;9341.6;9319.6;9326.1
2020.05.19 01:00;9319.4;9354.8;9316.6;9350.8
2020.05.19 02:00;9350.9;9352.2;9330.2;9350.4
2020.05.19 03:00;9349.9;9360.2;9321.9;9343.4
2020.05.19 04:00;9344;9344;9312.9;9313.9
2020.05.19 05:00;9314.2;9334.7;9308.2;9320.7
2020.05.19 06:00;9320.7;9322.2;9302.2;9319.7
2020.05.19 07:00;9320.5;9352.7;9319.9;9349.2
2020.05.19 08:00;9349.2;9352.4;9324.1;9337.2
2020.05.19 09:00;9336.7;9422.9;9327.7;9411.8
2020.05.19 10:00;9412.6;9412.6;9344.2;9349.9
2020.05.19 11:00;9350.2;9360.4;9307.6;9341.4
2020.05.19 12:00;9341.1;9348.4;9316.7;9321.9
2020.05.19 13:00;9321.9;9330.4;9297.7;9318.9
2020.05.19 14:00;9319.7;9355.3;9318.6;9332.9
2020.05.19 15:00;9333.2;9348.4;9325.4;9342.4
2020.05.19 16:00;9342.2;9385.9;9320.9;9378.1
2020.05.19 17:00;9378.3;9404.7;9368.6;9399.9
2020.05.19 18:00;9399.6;9412.2;9380.4;9395.3
2020.05.19 19:00;9395.7;9402.8;9373.6;9400.4
2020.05.19 20:00;9400.7;9415.3;9388.1;9410.1
2020.05.19 21:00;9409.8;9423.2;9352.6;9358.8
2020.05.19 22:00;9359.2;9413.8;9295.4;9296.7
2020.05.19 23:00;9297.7;9311.7;9290.8;9303.9
2020.05.20 01:00;9288.4;9309.5;9276.4;9306.5
2020.05.20 02:00;9306.4;9325.5;9306.4;9320.8
2020.05.20 03:00;9321.3;9335.3;9313.4;9329.5
2020.05.20 04:00;9329.4;9353.8;9325.7;9351.9
2020.05.20 05:00;9352;9352;9339.9;9344.8
2020.05.20 06:00;9344.4;9348.8;9333.4;9346.5
2020.05.20 07:00;9346.4;9369.3;9339.3;9355.3
2020.05.20 08:00;9355.3;9362.9;9336.4;9338.3
2020.05.20 09:00;9338.8;9342.5;9324.9;9332.4
2020.05.20 10:00;9333.4;9362.3;9328.4;9342.5
2020.05.20 11:00;9343.3;9394.8;9341.5;9382.9
2020.05.20 12:00;9383.5;9412.5;9378.3;9408.9
2020.05.20 13:00;9408.8;9410.3;9393.9;9402.3
2020.05.20 14:00;9402.3;9405.3;9389.3;9398.8
2020.05.20 15:00;9399.3;9413.8;9394.3;9407.3
2020.05.20 16:00;9406.8;9465.2;9400.9;9464.4
2020.05.20 17:00;9464.4;9477.5;9448.7;9459.4
2020.05.20 18:00;9459.7;9499.1;9457.9;9493.4
2020.05.20 19:00;9493.7;9499.8;9433.9;9465.9
2020.05.20 20:00;9466.2;9474;9438.1;9460.9
2020.05.20 21:00;9460.6;9483.9;9435;9479.1
2020.05.20 22:00;9479.4;9491.5;9454;9483.4
2020.05.20 23:00;9484.1;9500.4;9481.9;9498.4
2020.05.21 01:00;9496.8;9505.3;9485.1;9489.1
2020.05.21 02:00;9488.8;9492.6;9483.6;9488.3
2020.05.21 03:00;9488.1;9488.6;9463.8;9479.3
2020.05.21 04:00;9479.9;9479.9;9445.6;9447.1
2020.05.21 05:00;9447.8;9454.1;9429.3;9447.6
2020.05.21 06:00;9447.8;9454.8;9434.6;9447.3
2020.05.21 07:00;9447.2;9462.7;9439.1;9459.3
2020.05.21 08:00;9459.3;9465.8;9442;9445.8
2020.05.21 09:00;9446.1;9452.1;9432.6;9436.3
2020.05.21 10:00;9437.3;9455.3;9416.8;9440.1
2020.05.21 11:00;9439.6;9452.6;9414.3;9441.1
2020.05.21 12:00;9441.6;9448.3;9425.2;9426.8
2020.05.21 13:00;9426.8;9441.8;9419.4;9436.8
2020.05.21 14:00;9437.3;9465.1;9437.1;9453.1
2020.05.21 15:00;9453.3;9482.2;9442.6;9474.8
2020.05.21 16:00;9474.1;9514.2;9459.2;9477.8
2020.05.21 17:00;9478.2;9485;9392.4;9425.9
2020.05.21 18:00;9425.4;9425.4;9359;9400.9
2020.05.21 19:00;9401.2;9439.9;9398.7;9403.7
2020.05.21 20:00;9404.2;9431.9;9392.9;9404.4
2020.05.21 21:00;9404.7;9429;9371.9;9388.5
2020.05.21 22:00;9388;9415.4;9371.7;9382.7
2020.05.21 23:00;9381.7;9385.8;9357.2;9361.3
2020.05.22 01:00;9356.9;9388.9;9353.7;9386.4
2020.05.22 02:00;9386.3;9407.7;9386.3;9406.2
2020.05.22 03:00;9405.8;9410.9;9390.7;9392.2
2020.05.22 04:00;9391.8;9397.7;9354.3;9369.3
2020.05.22 05:00;9369.7;9369.7;9310.7;9316.7
2020.05.22 06:00;9317.7;9323.2;9286.2;9304.2
2020.05.22 07:00;9304.4;9313.7;9287.7;9293.3
2020.05.22 08:00;9294.2;9296.3;9269.3;9288.3
2020.05.22 09:00;9288.7;9308.6;9279.7;9281.7
2020.05.22 10:00;9281.7;9291.7;9245.3;9258.7
2020.05.22 11:00;9259.4;9300.9;9259.2;9299.2
2020.05.22 12:00;9299.3;9313.5;9289.6;9290.7
2020.05.22 13:00;9290.8;9319.7;9290.8;9310.3
2020.05.22 14:00;9311.3;9361.7;9311.3;9357.3
2020.05.22 15:00;9357.4;9367.9;9341.7;9352.7
2020.05.22 16:00;9351.7;9402.3;9323.6;9397.5
2020.05.22 17:00;9397.8;9400.1;9344.3;9351.5
2020.05.22 18:00;9350.9;9373.1;9340.5;9366.5
2020.05.22 19:00;9367;9397.6;9358;9384.6
2020.05.22 20:00;9385.3;9410.6;9384.4;9401.1
2020.05.22 21:00;9401.6;9421.3;9397.8;9406.8
2020.05.22 22:00;9406.5;9416.9;9378.5;9409.5
2020.05.22 23:00;9410.3;9425.2;9406.8;9424.4
2020.05.25 01:00;9410.4;9460.6;9400.1;9451.6
2020.05.25 02:00;9451.4;9466.4;9441.9;9458.4
2020.05.25 03:00;9459.1;9465.4;9443.6;9446.3
2020.05.25 04:00;9446.1;9449.9;9420.1;9448.9
2020.05.25 05:00;9448.6;9453.9;9430.6;9436.4
2020.05.25 06:00;9436.3;9451.1;9435.8;9447.6
2020.05.25 07:00;9447.9;9459.4;9446.6;9452.6
2020.05.25 08:00;9452.6;9466.1;9450.8;9460.3
2020.05.25 09:00;9460.6;9477.1;9459.8;9471.6
2020.05.25 10:00;9471.4;9471.9;9447.6;9459.1
2020.05.25 11:00;9459.1;9509.3;9449.1;9500.1
2020.05.25 12:00;9499.6;9508.1;9492.6;9506.3
2020.05.25 13:00;9505.9;9520.4;9485.6;9514.9
2020.05.25 14:00;9514.8;9517.6;9503.3;9512.6
2020.05.25 15:00;9513.1;9523.3;9503.8;9519.3
2020.05.25 16:00;9519.6;9531.5;9515.6;9527.5
2020.05.25 17:00;9527.2;9535.5;9521.4;9531.8
2020.05.25 18:00;9532.1;9540.3;9528.2;9534.2
2020.05.25 19:00;9534.6;9537.5;9528;9533
2020.05.26 01:00;9530.7;9531.2;9509.9;9521.4
2020.05.26 02:00;9521.4;9521.9;9507.7;9512.9
2020.05.26 03:00;9513.4;9534.2;9508.7;9525.7
2020.05.26 04:00;9525.9;9555.7;9523.9;9552.4
2020.05.26 05:00;9552.7;9557;9542.4;9548.7
2020.05.26 06:00;9548.9;9576.3;9547.9;9571.4
2020.05.26 07:00;9571.2;9596.9;9566.4;9585.7
2020.05.26 08:00;9585.7;9592.7;9576.2;9586.2
2020.05.26 09:00;9586.4;9606.9;9579.9;9594.2
2020.05.26 10:00;9593.9;9599.4;9571.4;9579.7
2020.05.26 11:00;9580.4;9592.2;9573.9;9590.7
2020.05.26 12:00;9590.4;9605.2;9580.9;9584.9
2020.05.26 13:00;9584.7;9591.2;9572.7;9575.2
2020.05.26 14:00;9574.3;9574.3;9554.9;9556.1
2020.05.26 15:00;9557.2;9562.6;9540.7;9553.7
2020.05.26 16:00;9553.7;9573.3;9487.3;9501.2
2020.05.26 17:00;9501.1;9529.6;9482.8;9506.5
2020.05.26 18:00;9506.1;9516.6;9416.8;9448.9
2020.05.26 19:00;9449.2;9481.3;9443.9;9474.3
2020.05.26 20:00;9474.6;9490.3;9456.8;9470.8
2020.05.26 21:00;9471.2;9475.9;9441.9;9452.9
2020.05.26 22:00;9452.6;9453.4;9377.3;9393.5
2020.05.26 23:00;9392.8;9416.5;9392.8;9412.9
2020.05.27 01:00;9410.7;9419.7;9396.2;9412.7
2020.05.27 02:00;9412.9;9414.7;9391.7;9397.7
2020.05.27 03:00;9397.9;9412.9;9378.7;9411.4
2020.05.27 04:00;9411.4;9456.4;9411.4;9440.7
2020.05.27 05:00;9440.7;9463.2;9422.2;9459.9
2020.05.27 06:00;9459.4;9492.9;9459.4;9484.7
2020.05.27 07:00;9484.9;9498.9;9481.9;9485.7
2020.05.27 08:00;9485.4;9489.2;9470.4;9473.7
2020.05.27 09:00;9473.9;9481.4;9462.9;9467.4
2020.05.27 10:00;9467.9;9495.9;9456.8;9484.4
2020.05.27 11:00;9484.4;9491.7;9463.2;9486.4
2020.05.27 12:00;9486.4;9511.2;9474.9;9507.4
2020.05.27 13:00;9506.9;9509.4;9468.9;9481.4
2020.05.27 14:00;9481.4;9482.7;9438.6;9442.9
2020.05.27 15:00;9443.7;9447.2;9389.9;9394.2
2020.05.27 16:00;9393.3;9406.5;9276.2;9290.9
2020.05.27 17:00;9291.3;9327.7;9177.2;9217.8
2020.05.27 18:00;9217.1;9283.2;9182.6;9277.8
2020.05.27 19:00;9278.2;9342.9;9267.2;9323.4
2020.05.27 20:00;9323.1;9342.7;9301.3;9340.6
2020.05.27 21:00;9340.3;9408.2;9340.3;9408.2
2020.05.27 22:00;9409.2;9444.3;9385.7;9440
2020.05.27 23:00;9439.2;9452.1;9426.6;9444.1
2020.05.28 01:00;9428.7;9443.4;9414.8;9433.4
2020.05.28 02:00;9433.4;9445.9;9418.8;9444.7
2020.05.28 03:00;9444.3;9476.2;9436.2;9465.9
2020.05.28 04:00;9466.2;9483.9;9446.2;9472.7
2020.05.28 05:00;9472.7;9480.2;9428.3;9428.9
2020.05.28 06:00;9429.2;9434.7;9374.3;9382.7
2020.05.28 07:00;9382.7;9406.4;9361.7;9396.7
2020.05.28 08:00;9396.2;9434.7;9386.2;9434.7
2020.05.28 09:00;9435.6;9449.2;9387.4;9391.4
2020.05.28 10:00;9391.7;9428.4;9372.8;9419.2
2020.05.28 11:00;9419.4;9434.9;9394.9;9407.8
2020.05.28 12:00;9407.2;9426.9;9367.3;9379.4
2020.05.28 13:00;9379.7;9416.7;9373.2;9407.7
2020.05.28 14:00;9407.4;9415.4;9382.8;9382.8
2020.05.28 15:00;9382.7;9385.2;9323.2;9345.2
2020.05.28 16:00;9344.2;9465.3;9341.3;9432.8
2020.05.28 17:00;9433.1;9501.8;9412.8;9494.3
2020.05.28 18:00;9494.8;9520.1;9464.5;9519.3
2020.05.28 19:00;9518.6;9556.6;9512;9546.5
2020.05.28 20:00;9546.8;9568.8;9539.5;9544.3
2020.05.28 21:00;9544.6;9551.6;9509.3;9526.8
2020.05.28 22:00;9526.5;9550.8;9390.5;9419.8
2020.05.28 23:00;9419.4;9469.4;9418.4;9463.7
2020.05.29 01:00;9458.9;9463.1;9436.4;9445.2
2020.05.29 02:00;9444.9;9454.4;9418.2;9420.7
2020.05.29 03:00;9420.4;9438.7;9391.2;9397.7
2020.05.29 04:00;9398.2;9438.9;9383.9;9434.9
2020.05.29 05:00;9434.9;9455.7;9420.9;9451.4
2020.05.29 06:00;9451.2;9453.2;9429.9;9437.9
2020.05.29 07:00;9438.7;9455.4;9423.9;9454.9
2020.05.29 08:00;9455.2;9464.7;9438.4;9438.4
2020.05.29 09:00;9439.7;9452.9;9409.4;9426.9
2020.05.29 10:00;9426.9;9452.2;9398.9;9412.9
2020.05.29 11:00;9412.9;9416.7;9386.4;9408.9
2020.05.29 12:00;9408.9;9431.7;9392.7;9431.2
2020.05.29 13:00;9430.4;9446.9;9428.9;9442.7
2020.05.29 14:00;9443.2;9480.7;9433.7;9473.9
2020.05.29 15:00;9473.4;9493.2;9445.9;9461.2
2020.05.29 16:00;9460.2;9485.6;9424.3;9461.1
2020.05.29 17:00;9461.8;9468.3;9384.1;9413.1
2020.05.29 18:00;9414.6;9457.1;9375.6;9448.6
2020.05.29 19:00;9449.8;9466.3;9387.8;9449.3
2020.05.29 20:00;9449.8;9463.6;9423.3;9440.8
2020.05.29 21:00;9441.3;9501.6;9395.8;9500.3
2020.05.29 22:00;9502.3;9574.2;9494.3;9557.5
2020.05.29 23:00;9556.6;9592.9;9542.3;9589.5
2020.06.01 01:00;9508.9;9526.9;9453.4;9498.3
2020.06.01 02:00;9497.7;9517.3;9482.5;9510.3
2020.06.01 03:00;9510;9551.5;9509.8;9544.4
2020.06.01 04:00;9544;9577.5;9528.4;9566.8
2020.06.01 05:00;9566.9;9580.6;9560.3;9575.9
2020.06.01 06:00;9576;9581.8;9543.9;9546.5
2020.06.01 07:00;9546.4;9571;9545.8;9568.5
2020.06.01 08:00;9569;9572.8;9549.4;9559.9
2020.06.01 09:00;9560;9591;9550.3;9583.7
2020.06.01 10:00;9585;9590.3;9564.9;9567
2020.06.01 11:00;9567.8;9571.8;9484.4;9522.3
2020.06.01 12:00;9522.9;9528.5;9497.4;9506.8
2020.06.01 13:00;9506.8;9531.5;9495.5;9531.4
2020.06.01 14:00;9532.8;9552.5;9530.5;9539.8
2020.06.01 15:00;9539.9;9548.4;9518.3;9523
2020.06.01 16:00;9522.3;9570.4;9509.8;9554.1
2020.06.01 17:00;9554.3;9588;9546.1;9576.1
2020.06.01 18:00;9576.5;9579.5;9539.4;9566.7
2020.06.01 19:00;9566.4;9596.9;9554.2;9584.4
2020.06.01 20:00;9584.9;9608.9;9584.9;9597.7
2020.06.01 21:00;9598.1;9602.2;9584.4;9596.9
2020.06.01 22:00;9597.4;9604.1;9578.9;9597.9
2020.06.01 23:00;9596.6;9601.8;9581.4;9598.9
2020.06.02 01:00;9596.6;9599.1;9568.7;9579.9
2020.06.02 02:00;9579.8;9580.6;9557.3;9568.1
2020.06.02 03:00;9568.1;9588.6;9563.4;9587.6
2020.06.02 04:00;9587.3;9591.7;9563.3;9569.1
2020.06.02 05:00;9569.4;9579.1;9562.1;9571.3
2020.06.02 06:00;9571.4;9582.6;9570.8;9579.9
2020.06.02 07:00;9580.1;9583.1;9572.3;9578.3
2020.06.02 08:00;9578.4;9604.8;9578.3;9604.7
2020.06.02 09:00;9604.8;9610.9;9596.6;9603.4
2020.06.02 10:00;9603.6;9627.1;9594.2;9618.6
2020.06.02 11:00;9618.8;9651.6;9616.1;9644.1
2020.06.02 12:00;9644.6;9669.4;9643.1;9665.4
2020.06.02 13:00;9664.9;9672.4;9651;9656.6
2020.06.02 14:00;9655.6;9655.9;9627.3;9630.4
2020.06.02 15:00;9630.1;9632.9;9601.3;9613.7
2020.06.02 16:00;9613.1;9616.6;9562;9588.1
2020.06.02 17:00;9587.6;9614.8;9539.5;9557.5
2020.06.02 18:00;9558.1;9559;9508.8;9539.7
2020.06.02 19:00;9540.3;9579.5;9539.1;9576.5
2020.06.02 20:00;9577;9613.6;9574.6;9610.1
2020.06.02 21:00;9610.7;9620.2;9591.3;9609
2020.06.02 22:00;9608.9;9659;9590.7;9656.7
2020.06.02 23:00;9657.3;9664.1;9646.9;9661.6
2020.06.03 01:00;9659.8;9661.5;9638;9644
2020.06.03 02:00;9644.3;9679;9642.3;9677.3
2020.06.03 03:00;9677.3;9688.4;9661.8;9684.3
2020.06.03 04:00;9684.3;9694.3;9667;9671.3
2020.06.03 05:00;9671;9675.8;9654.4;9659
2020.06.03 06:00;9658.9;9677.9;9657.3;9667.3
2020.06.03 07:00;9667.4;9677.3;9666.3;9673.5
2020.06.03 08:00;9673.9;9688.4;9664;9687.5
2020.06.03 09:00;9687.3;9700.3;9670.5;9670.9
2020.06.03 10:00;9671;9689.9;9664.8;9683.8
2020.06.03 11:00;9683.9;9686.6;9666.4;9682
2020.06.03 12:00;9681.9;9696.3;9675.5;9691.9
2020.06.03 13:00;9691.8;9692.9;9670.4;9676.1
2020.06.03 14:00;9676;9690.2;9668.4;9683.3
2020.06.03 15:00;9683.3;9690.8;9652.1;9665.4
2020.06.03 16:00;9665.5;9701.7;9654.3;9697.9
2020.06.03 17:00;9698.6;9706.6;9664.2;9684.4
2020.06.03 18:00;9683.9;9698.9;9664.7;9678.4
2020.06.03 19:00;9678.1;9679.4;9644.2;9665.7
2020.06.03 20:00;9665.6;9687.4;9662.1;9678.2
2020.06.03 21:00;9678.5;9709;9675.9;9702.2
2020.06.03 22:00;9701.9;9730.4;9692.1;9700.2
2020.06.03 23:00;9699.6;9700.2;9683.1;9690.3
2020.06.04 01:00;9690.3;9690.3;9668.4;9683.8
2020.06.04 02:00;9684;9707.8;9682.8;9697.8
2020.06.04 03:00;9697.8;9702.1;9671.8;9684.8
2020.06.04 04:00;9684.9;9691.5;9676;9677.9
2020.06.04 05:00;9677.9;9678.6;9647.8;9648.9
2020.06.04 06:00;9648.8;9669.3;9647.8;9666.9
2020.06.04 07:00;9667.3;9676.3;9665.3;9671.8
2020.06.04 08:00;9672;9680.8;9663.5;9668.6
2020.06.04 09:00;9669.5;9678.5;9663.3;9664.3
2020.06.04 10:00;9664.3;9687.4;9659.1;9686.8
2020.06.04 11:00;9686.8;9695.8;9666.3;9667.5
2020.06.04 12:00;9667.4;9674.8;9651.3;9655
2020.06.04 13:00;9655.4;9673.7;9648.3;9670.4
2020.06.04 14:00;9669.5;9682.8;9659;9674.4
2020.06.04 15:00;9674.3;9685.1;9645.3;9660.8
2020.06.04 16:00;9660.5;9743.9;9658.3;9727.7
2020.06.04 17:00;9727.1;9742.5;9704.6;9711.2
2020.06.04 18:00;9710.9;9716.4;9639.6;9667.8
