2003.03.23 00:00;1088.3;1088.8;1049.6;1054.9
2003.03.30 00:00;1042.2;1086.2;1021.1;1055
2003.04.06 00:00;1071.9;1099;1024;1033.5
2003.04.13 00:00;1033.3;1090.8;1029.8;1088.3
2003.04.20 00:00;1091.6;1121.1;1076.6;1089.3
2003.04.27 00:00;1087.2;1142.1;1084.7;1141.6
2003.05.04 00:00;1141.4;1165.9;1120.6;1145.6
2003.05.11 00:00;1148;1168.9;1137.9;1157.7
2003.05.18 00:00;1152.5;1155;1105.9;1133.2
2003.05.25 00:00;1132.1;1202.8;1124.5;1198.3
2003.06.01 00:00;1207.7;1267.4;1181.1;1213.4
2003.06.08 00:00;1216.2;1240.5;1188.7;1205.9
2003.06.15 00:00;1204.8;1256.1;1203.2;1220.5
2003.06.22 00:00;1218.1;1229.7;1185.7;1200.8
2003.06.29 00:00;1205.8;1250.8;1176.9;1226.9
2003.07.06 00:00;1231;1307.4;1231;1280
2003.07.13 00:00;1282.1;1317.5;1243.3;1258.3
2003.07.20 00:00;1256.8;1289.4;1230.4;1278.4
2003.07.27 00:00;1280.5;1299.6;1255.6;1265.6
2003.08.03 00:00;1264.7;1277.7;1202.9;1208.9
2003.08.10 00:00;1208.4;1258.5;1207.5;1253.5
2003.08.17 00:00;1252.1;1342.2;1251.6;1303.7
2003.08.24 00:00;1304.8;1345.4;1279.3;1340.4
2003.08.31 00:00;1340.5;1381.1;1332.5;1365.6
2003.09.07 00:00;1363.7;1393.2;1326.8;1359.3
2003.09.14 00:00;1359.4;1402;1345.4;1391.5
2003.09.21 00:00;1389.1;1390.7;1306.4;1308.4
2003.09.28 00:00;1308.5;1385.5;1300.6;1373
2003.10.05 00:00;1373.1;1417.7;1366.7;1406.7
2003.10.12 00:00;1406.8;1442.3;1391;1392
2003.10.19 00:00;1392;1425.5;1345.8;1375.2
2003.10.26 00:00;1372.3;1443.3;1367.8;1412.9
2003.11.02 00:00;1411;1457.1;1411;1431.1
2003.11.09 00:00;1432.7;1449.3;1400.8;1408.9
2003.11.16 00:00;1407.4;1407.9;1355.6;1376.1
2003.11.23 00:00;1373.7;1428.7;1373.7;1423.8
2003.11.30 00:00;1423.4;1452;1404.6;1409.6
2003.12.07 00:00;1409.1;1425.7;1372.2;1417.8
2003.12.14 00:00;1446.4;1451.9;1384.9;1428.5
2003.12.21 00:00;1422;1454;1416.5;1443.5
2003.12.28 00:00;1444.5;1482.6;1444.5;1465.6
2004.01.04 00:00;1467.6;1544.6;1466.6;1520.1
2004.01.11 00:00;1520.6;1555.6;1514.6;1553.1
2004.01.18 00:00;1552.6;1562.7;1520.7;1531.7
2004.01.25 00:00;1530.7;1555.7;1475.2;1492.7
2004.02.01 00:00;1493.2;1509.2;1459.8;1493.8
2004.02.08 00:00;1495.3;1517.3;1478.8;1487.3
2004.02.15 00:00;1488.8;1525.3;1470.3;1483.3
2004.02.22 00:00;1483.4;1493.4;1451.9;1471.9
2004.02.29 00:00;1472.9;1495.9;1456.4;1474.4
2004.03.07 00:00;1474.9;1481.9;1395.5;1429
2004.03.14 00:00;1425;1433;1393.5;1397.1
2004.03.21 00:00;1396.7;1431.2;1362.8;1417.8
2004.03.28 00:00;1417.8;1493.9;1417.3;1492.4
2004.04.04 00:00;1490.9;1508.5;1474.6;1486.6
2004.04.11 00:00;1486.7;1506.2;1439.9;1451.4
2004.04.18 00:00;1448;1499.1;1433.1;1496.1
2004.04.25 00:00;1494.7;1500.2;1397.9;1397.9
2004.05.02 00:00;1398;1438;1398;1403.7
2004.05.09 00:00;1403.7;1425.3;1377.3;1397.9
2004.05.16 00:00;1397.5;1428;1371.5;1407.6
2004.05.23 00:00;1407.2;1470.8;1405.2;1470.3
2004.05.30 00:00;1465.4;1475.5;1441;1456.6
2004.06.06 00:00;1454.6;1495.7;1454.6;1482.3
2004.06.13 00:00;1474.9;1488.9;1451.4;1464.5
2004.06.20 00:00;1465.1;1505.2;1449.2;1502.2
2004.06.27 00:00;1501.3;1525.4;1474;1484.5
2004.07.04 00:00;1486.6;1490.2;1430.9;1440.4
2004.07.11 00:00;1442.5;1443.5;1392.2;1394.7
2004.07.18 00:00;1395.8;1435.8;1369.5;1376.5
2004.07.25 00:00;1379.1;1412.2;1358.1;1404.2
2004.08.01 00:00;1397.8;1408.8;1314.1;1317.1
2004.08.08 00:00;1319.2;1347.2;1300.8;1309.8
2004.08.15 00:00;1309.9;1373;1302.4;1366.5
2004.08.22 00:00;1366.1;1394.3;1360.2;1390.3
2004.08.29 00:00;1389.3;1403;1353.4;1374
2004.09.05 00:00;1381.1;1415.8;1372.2;1413.8
2004.09.12 00:00;1413.3;1436.9;1410.4;1425
2004.09.19 00:00;1424.7;1441.7;1397;1400
2004.09.26 00:00;1400.1;1453.7;1376.8;1453.2
2004.10.03 00:00;1451.8;1475.5;1427.7;1432.2
2004.10.10 00:00;1431.8;1453.9;1415.4;1434.1
2004.10.17 00:00;1433.7;1479.3;1420.7;1439.9
2004.10.24 00:00;1439.5;1497.7;1423.7;1483.7
2004.10.31 00:00;1481.4;1535.5;1478.4;1527.6
2004.11.07 00:00;1527.7;1556;1513.9;1554
2004.11.14 00:00;1555.1;1582.8;1541.7;1557.4
2004.11.21 00:00;1554.5;1592.7;1546;1576.3
2004.11.28 00:00;1576.4;1632.7;1567.5;1610.2
2004.12.05 00:00;1610.8;1628.4;1577.6;1608.1
2004.12.12 00:00;1608.8;1635.9;1600.2;1600.7
2004.12.19 00:00;1599.9;1619.6;1585.6;1609.3
2004.12.26 00:00;1611.1;1629.8;1598.3;1615.1
2005.01.02 00:00;1619.8;1635.8;1550.2;1560.7
2005.01.09 00:00;1563.9;1577.4;1540.8;1556.4
2005.01.16 00:00;1557.6;1574.3;1500.4;1503.4
2005.01.23 00:00;1504.6;1513;1479.3;1503.6
2005.01.30 00:00;1508.3;1534.7;1500.2;1531.2
2005.02.06 00:00;1533.9;1542.6;1495.9;1530
2005.02.13 00:00;1532.7;1561.8;1511.2;1513.2
2005.02.20 00:00;1514.9;1529.9;1488.3;1528.9
2005.02.27 00:00;1528.6;1541.4;1497.8;1523.7
2005.03.06 00:00;1526.4;1553.9;1501.4;1508.9
2005.03.13 00:00;1508.6;1522.3;1474.7;1481.1
2005.03.20 00:00;1484.3;1491.8;1456.2;1472.3
2005.03.27 00:00;1474.5;1500.3;1458.8;1472
2005.04.03 00:00;1471.7;1505;1461.8;1486.1
2005.04.10 00:00;1485.8;1492.8;1407;1409
2005.04.17 00:00;1409.7;1449.4;1395.3;1427.1
2005.04.24 00:00;1426.3;1447.3;1393.3;1421.7
2005.05.01 00:00;1421.9;1463.7;1415;1453.8
2005.05.08 00:00;1455.5;1479.8;1431.8;1470.4
2005.05.15 00:00;1471.6;1529.4;1465.6;1527.9
2005.05.22 00:00;1528.6;1552.4;1524.4;1550.6
2005.05.29 00:00;1551.8;1575.2;1538.4;1549.2
2005.06.05 00:00;1548.4;1561.1;1515.9;1524.4
2005.06.12 00:00;1522.6;1551.5;1510.4;1537.6
2005.06.19 00:00;1537.9;1550.7;1497.7;1501.2
2005.06.26 00:00;1502.4;1514.7;1489.1;1491.1
2005.07.03 00:00;1491.8;1536.7;1456.9;1536.7
2005.07.10 00:00;1535.9;1583.3;1534.5;1578.3
2005.07.17 00:00;1578.1;1615.8;1570.7;1602.6
2005.07.24 00:00;1602.3;1623.8;1591.1;1609.4
2005.07.31 00:00;1610.2;1629.9;1599.8;1603.3
2005.08.07 00:00;1602.6;1610.9;1581.3;1588.8
2005.08.14 00:00;1583;1608.6;1572.7;1576.2
2005.08.21 00:00;1575.4;1590.5;1552.5;1559.5
2005.08.28 00:00;1556.8;1588.7;1542.3;1575.4
2005.09.04 00:00;1577.6;1610.7;1575.7;1608.2
2005.09.11 00:00;1610.5;1620.2;1585;1600
2005.09.18 00:00;1600.8;1606.5;1552.6;1574.1
2005.09.25 00:00;1581.4;1605.9;1561;1605.4
2005.10.02 00:00;1605.1;1619.8;1539.5;1553.6
2005.10.09 00:00;1553.9;1562.4;1515;1542.6
2005.10.16 00:00;1542.8;1576.6;1526.2;1568.8
2005.10.23 00:00;1568.6;1594.4;1539.3;1554.3
2005.10.30 00:00;1554.6;1632.9;1554.6;1627.5
2005.11.06 00:00;1628.2;1661.3;1620.3;1654.3
2005.11.13 00:00;1655.1;1691.2;1639.9;1679.7
2005.11.20 00:00;1681;1705.9;1674.1;1701.2
2005.11.27 00:00;1702;1710.1;1671.4;1708.2
2005.12.04 00:00;1708.5;1717.7;1674;1693.2
2005.12.11 00:00;1695.5;1713.2;1687.5;1693.7
2005.12.18 00:00;1695.1;1699.6;1658.7;1684
2005.12.25 00:00;1686.6;1696.1;1641.1;1641.6
2006.01.01 00:00;1646.1;1737.6;1633.8;1736.6
2006.01.08 00:00;1735;1762.3;1730.2;1748.3
2006.01.15 00:00;1749.2;1753.3;1674;1675.5
2006.01.22 00:00;1675.3;1724.4;1670.9;1714.5
2006.01.29 00:00;1713.9;1722;1658.5;1661
2006.02.05 00:00;1661.3;1682.9;1636.7;1660.2
2006.02.12 00:00;1661;1692.6;1638.8;1673.3
2006.02.19 00:00;1673.2;1689.3;1651.6;1680.5
2006.02.26 00:00;1680.9;1707.7;1665.8;1683.3
2006.03.05 00:00;1684.1;1692.7;1617.3;1648.5
2006.03.12 00:00;1647.8;1703.5;1646.8;1687.1
2006.03.19 00:00;1687;1710.2;1655.8;1680.6
2006.03.26 00:00;1681.5;1721.9;1668;1709.7
2006.04.02 00:00;1709.9;1751.5;1705.4;1725
2006.04.09 00:00;1723.9;1729.5;1696.5;1712.3
2006.04.16 00:00;1712.2;1742.2;1684.5;1707.2
2006.04.23 00:00;1707.4;1728.8;1688;1705.4
2006.04.30 00:00;1705.3;1717.2;1679.3;1712
2006.05.07 00:00;1712.7;1720.3;1634.5;1635
2006.05.14 00:00;1632.9;1641.7;1576.2;1600.7
2006.05.21 00:00;1601.6;1608.4;1553.1;1606
2006.05.28 00:00;1605.6;1632.2;1562.4;1611.3
2006.06.04 00:00;1610.9;1611.4;1524.7;1549.7
2006.06.11 00:00;1549.3;1578.3;1510.3;1554.5
2006.06.18 00:00;1556.5;1584.8;1541.3;1548.2
2006.06.25 00:00;1548.9;1593.5;1519.4;1575.7
2006.07.02 00:00;1576.4;1586.5;1527.1;1534.8
2006.07.09 00:00;1534;1542.5;1455;1462
2006.07.16 00:00;1463.4;1497.8;1445.5;1448.8
2006.07.23 00:00;1449.5;1511.4;1448.5;1511.4
2006.07.30 00:00;1509.9;1529.8;1474.3;1506.2
2006.08.06 00:00;1506.4;1517;1474.3;1488.4
2006.08.13 00:00;1492;1585;1491.6;1578.5
2006.08.20 00:00;1577.8;1578.2;1542;1556.5
2006.08.27 00:00;1556.9;1594.2;1552.3;1587.7
2006.09.03 00:00;1587.5;1606.1;1559.8;1569.9
2006.09.10 00:00;1570.8;1647.2;1558.3;1635.3
2006.09.17 00:00;1634.8;1655.3;1609.7;1625.2
2006.09.24 00:00;1624.3;1666.5;1615.3;1654.3
2006.10.01 00:00;1655;1691.7;1623.3;1685.2
2006.10.08 00:00;1684.2;1730.3;1675.8;1726.4
2006.10.15 00:00;1726.3;1735;1692.6;1708
2006.10.22 00:00;1707.5;1746.3;1702.4;1721.2
2006.10.29 00:00;1720.9;1741.1;1692.6;1705.5
2006.11.05 00:00;1704.7;1763;1704.7;1751.6
2006.11.12 00:00;1751.5;1806.7;1749.2;1800.2
2006.11.19 00:00;1800.7;1824.7;1789.8;1815.7
2006.11.26 00:00;1815;1818.3;1759.6;1779.6
2006.12.03 00:00;1778.8;1812.2;1767.1;1784.9
2006.12.10 00:00;1783.4;1825.7;1771;1808.2
2006.12.17 00:00;1808.2;1822.7;1744.3;1745
2006.12.24 00:00;1746.8;1775.5;1745.6;1758
2006.12.31 00:00;1763.5;1800;1731.2;1781.2
2007.01.07 00:00;1782.4;1848;1776.9;1847.8
2007.01.14 00:00;1848.8;1853.4;1787.8;1793.9
2007.01.21 00:00;1794.3;1811.7;1762.1;1770.2
2007.01.28 00:00;1770.4;1807;1763.5;1797.6
2007.02.04 00:00;1797.9;1819.9;1776.1;1784.3
2007.02.11 00:00;1785.3;1825.3;1774.3;1820.8
2007.02.18 00:00;1821.1;1852.1;1808.5;1841
2007.02.25 00:00;1841.5;1851.3;1717.3;1723.3
2007.03.04 00:00;1723.5;1765.5;1702.4;1747.6
2007.03.11 00:00;1748.3;1759.8;1711;1745.4
2007.03.18 00:00;1742.6;1812.7;1739.2;1793.9
2007.03.25 00:00;1793.1;1804.9;1754;1775.1
2007.04.01 00:00;1776;1824.4;1762.8;1823.4
2007.04.08 00:00;1822.4;1824.6;1788.7;1818.5
2007.04.15 00:00;1819.2;1858;1817;1850.3
2007.04.22 00:00;1850.8;1897.9;1844.4;1895.9
2007.04.29 00:00;1895.1;1912.3;1858.2;1899.4
2007.05.06 00:00;1898.4;1910.5;1874.4;1904
2007.05.13 00:00;1903;1918.4;1867.2;1899.6
2007.05.20 00:00;1899.6;1926.1;1869.3;1888.2
2007.05.27 00:00;1888;1941.9;1884.1;1928.8
2007.06.03 00:00;1930;1937.4;1872.8;1907.6
2007.06.10 00:00;1907.6;1947.4;1887.7;1944.2
2007.06.17 00:00;1944;1950.4;1914.9;1924.8
2007.06.24 00:00;1924.6;1946.8;1896.4;1937.3
2007.07.01 00:00;1934.1;1989.3;1933.6;1989.1
2007.07.08 00:00;1988.2;2032.3;1964.1;2028.1
2007.07.15 00:00;2029.2;2060.2;2018.5;2037.5
2007.07.22 00:00;2037;2046.7;1946.6;1947.8
2007.07.29 00:00;1950.6;1997.7;1910.9;1928.5
2007.08.05 00:00;1923.3;1994.7;1896.5;1918.4
2007.08.12 00:00;1923.4;1947.2;1805.2;1881.1
2007.08.19 00:00;1886.1;1962.9;1873.6;1962.4
2007.08.26 00:00;1962.2;1994.6;1899.6;1986.9
2007.09.02 00:00;1987.5;2034.1;1949.6;1966.3
2007.09.09 00:00;1965.8;2007;1944.6;2000.4
2007.09.16 00:00;1999.2;2056.9;1975.9;2045.4
2007.09.23 00:00;2044.4;2102.5;2044.4;2093.2
2007.09.30 00:00;2095.4;2152.9;2088.8;2150.9
2007.10.07 00:00;2150.7;2195.1;2127.5;2181
2007.10.14 00:00;2181.8;2201.4;2130.3;2131.1
2007.10.21 00:00;2131.8;2205.3;2112.5;2193.2
2007.10.28 00:00;2192.3;2242.1;2179.4;2210.3
2007.11.04 00:00;2210.1;2224;2027.3;2032.5
2007.11.11 00:00;2031.3;2092.5;1973.6;2048
2007.11.18 00:00;2047.8;2063.9;1985.2;2026.8
2007.11.25 00:00;2026.1;2123.7;1986.9;2089.9
2007.12.02 00:00;2087.9;2135.8;2048.2;2128.9
2007.12.09 00:00;2127.7;2148.6;2069.2;2071.2
2007.12.16 00:00;2063;2114.6;1999.5;2113.8
2007.12.23 00:00;2111.4;2144.2;2092.5;2104.2
2007.12.30 00:00;2104.4;2108;1959.6;1966.8
2008.01.06 00:00;1967.3;1981.8;1887.6;1910.1
2008.01.13 00:00;1915;1950;1826;1835.7
2008.01.20 00:00;1839.3;1861.2;1687.4;1779.8
2008.01.27 00:00;1785.7;1866.6;1750.9;1855
2008.02.03 00:00;1855;1859.6;1704.7;1769.4
2008.02.10 00:00;1766.9;1823.4;1755.9;1779.3
2008.02.17 00:00;1777.2;1814.5;1736.6;1776.3
2008.02.24 00:00;1770.9;1807.6;1738.8;1751.2
2008.03.02 00:00;1744.4;1770;1679.7;1707.2
2008.03.09 00:00;1704.1;1774.7;1666.8;1714.3
2008.03.16 00:00;1709.2;1775.2;1668.2;1744.2
2008.03.23 00:00;1747.2;1832.7;1742.2;1773.4
2008.03.30 00:00;1774.1;1885.1;1761.4;1863.4
2008.04.06 00:00;1863.1;1887.8;1793.9;1801.9
2008.04.13 00:00;1802.1;1909.7;1776.5;1897
2008.04.20 00:00;1898.1;1944.8;1868.1;1916.2
2008.04.27 00:00;1918.1;2003.6;1912.6;1986.7
2008.05.04 00:00;1982.1;2001.8;1946.4;1960.8
2008.05.11 00:00;1960.5;2038.5;1958.2;2032.8
2008.05.18 00:00;2032.7;2051.5;1943.7;1957.5
2008.05.25 00:00;1958.2;2042;1951.9;2033
2008.06.01 00:00;2033.7;2061.1;1977.6;1987.6
2008.06.08 00:00;1986.6;1999.6;1909.7;1963.2
2008.06.15 00:00;1964.4;1995.5;1917.9;1931.1
2008.06.22 00:00;1933.6;1951.3;1827.6;1856.5
2008.06.29 00:00;1859.2;1879.1;1798.5;1807.4
2008.07.06 00:00;1808.3;1869.9;1781.2;1812.1
2008.07.13 00:00;1812.3;1862;1758.9;1822.2
2008.07.20 00:00;1821.7;1864.1;1782.2;1834.9
2008.07.27 00:00;1839.1;1873.6;1795.3;1827.6
2008.08.03 00:00;1828.3;1927.6;1799.5;1919.4
2008.08.10 00:00;1916.1;1973;1914.6;1961.1
2008.08.17 00:00;1958.6;1972.6;1885.5;1927.6
2008.08.24 00:00;1927.3;1928.2;1865.4;1873.7
2008.08.31 00:00;1872.4;1913.5;1740;1767.7
2008.09.07 00:00;1793.7;1814.2;1706.6;1773.7
2008.09.14 00:00;1762.6;1791.8;1605.7;1729.7
2008.09.21 00:00;1726.2;1742.9;1622.4;1668.9
2008.09.28 00:00;1673.1;1679.3;1468.3;1470.7
2008.10.05 00:00;1471.7;1473.4;1193.5;1270.9
2008.10.12 00:00;1293;1493.1;1186.9;1307.8
2008.10.19 00:00;1310.7;1357.8;1151;1188.9
2008.10.26 00:00;1186.3;1357;1133.3;1332.8
2008.11.02 00:00;1331.9;1385.5;1232;1286.7
2008.11.09 00:00;1290.3;1318.3;1106.2;1153.5
2008.11.16 00:00;1155.8;1186.6;1016.1;1085.3
2008.11.23 00:00;1097.2;1198.1;1070.7;1180.1
2008.11.30 00:00;1184;1187;1088.4;1174.1
2008.12.07 00:00;1176.3;1251.8;1133.6;1211.6
2008.12.14 00:00;1213.2;1245.6;1166.5;1210.5
2008.12.21 00:00;1211;1223;1169.3;1185.6
2008.12.28 00:00;1187.6;1267.6;1155.8;1253.3
2009.01.04 00:00;1251.3;1286.6;1215.6;1220.9
2009.01.11 00:00;1220.6;1225.6;1138.2;1196.9
2009.01.18 00:00;1198.7;1221.9;1131.7;1164
2009.01.25 00:00;1164.7;1244.2;1146.5;1181.5
2009.02.01 00:00;1180.8;1279.3;1153.3;1275.5
2009.02.08 00:00;1272.8;1285.8;1202.6;1229.6
2009.02.15 00:00;1224.1;1226.8;1149.9;1172.6
2009.02.22 00:00;1174.4;1195.9;1107.2;1112.2
2009.03.01 00:00;1114.2;1124.9;1042.9;1075.7
2009.03.08 00:00;1076.7;1176;1040.2;1171
2009.03.15 00:00;1169;1225.2;1144;1189.2
2009.03.22 00:00;1188.7;1284;1188.7;1256.4
2009.03.29 00:00;1252.1;1319.8;1205.5;1319.3
2009.04.05 00:00;1317.5;1343.2;1268.9;1339.4
2009.04.12 00:00;1333.8;1362.5;1295.5;1354.5
2009.04.19 00:00;1351.2;1379.8;1301.3;1376.1
2009.04.26 00:00;1369.5;1418.7;1351.7;1400.1
2009.05.03 00:00;1398.8;1438;1376.7;1389.2
2009.05.10 00:00;1388.1;1410.9;1337.7;1354.7
2009.05.17 00:00;1353.1;1423.9;1343.4;1361.5
2009.05.24 00:00;1360.5;1441.3;1343.4;1437.8
2009.05.31 00:00;1434.5;1512.4;1430.5;1495.2
2009.06.07 00:00;1492.1;1518;1467.1;1486.7
2009.06.14 00:00;1482.9;1482.9;1439.5;1467
2009.06.21 00:00;1464.7;1482.9;1412.9;1477.7
2009.06.28 00:00;1476.9;1497.1;1442.1;1444.1
2009.07.05 00:00;1443.6;1447.5;1393.5;1416.5
2009.07.12 00:00;1419.2;1529.7;1400.2;1529.2
2009.07.19 00:00;1528.4;1604.4;1524.2;1599.4
2009.07.26 00:00;1597.9;1632.6;1579.1;1601.6
2009.08.02 00:00;1601.8;1632.8;1594.3;1619.8
2009.08.09 00:00;1619.5;1638.9;1586.5;1616.4
2009.08.16 00:00;1612.6;1639.8;1561.6;1635.8
2009.08.23 00:00;1635.3;1668.8;1610.8;1643
2009.08.30 00:00;1641.5;1649.2;1584.7;1636.4
2009.09.06 00:00;1635.6;1691.1;1634.1;1685.8
2009.09.13 00:00;1685;1737;1667.5;1722.5
2009.09.20 00:00;1719.2;1755.2;1690.8;1698.8
2009.09.27 00:00;1698.8;1734.3;1651.4;1663.4
2009.10.04 00:00;1664.1;1732;1659.5;1728
2009.10.11 00:00;1726.5;1758.2;1718.2;1734.1
2009.10.18 00:00;1731.3;1780.5;1724.6;1753.7
2009.10.25 00:00;1752.2;1778.2;1661;1663.5
2009.11.01 00:00;1662;1737.4;1651.2;1730.9
2009.11.08 00:00;1728.9;1794.3;1728.6;1788
2009.11.15 00:00;1790.2;1814.5;1755.6;1764.1
2009.11.22 00:00;1763.6;1802.1;1724;1759.5
2009.11.29 00:00;1763.4;1816.6;1750.6;1795
2009.12.06 00:00;1795.3;1812.7;1758.9;1794.1
2009.12.13 00:00;1794.3;1815;1776.8;1807.8
2009.12.20 00:00;1807.7;1871.2;1805;1870.2
2009.12.27 00:00;1869.1;1883.3;1860.8;1868.5
2010.01.03 00:00;1867;1893.9;1866.4;1891.2
2010.01.10 00:00;1893.6;1901.4;1851.3;1864.2
2010.01.17 00:00;1863;1896.4;1790.6;1798.1
2010.01.24 00:00;1795.8;1824.8;1732.7;1739.7
2010.01.31 00:00;1740.9;1792.8;1711.5;1745.8
2010.02.07 00:00;1748;1784.2;1731.2;1783.9
2010.02.14 00:00;1782.1;1830.5;1775.8;1819.5
2010.02.21 00:00;1819.2;1833.2;1781.2;1822.6
2010.02.28 00:00;1821.6;1889.8;1821.6;1885
2010.03.07 00:00;1884.2;1932.4;1881.4;1926.1
2010.03.14 00:00;1927.8;1951;1906.6;1933.7
2010.03.21 00:00;1924.6;1976.3;1921.9;1952.8
2010.03.28 00:00;1954.5;1979.6;1943.3;1963.8
2010.04.04 00:00;1966.3;1994.9;1957.5;1994.9
2010.04.11 00:00;1997.1;2039.8;1986.3;2010.9
2010.04.18 00:00;2006.4;2055.3;1987.6;2053.8
2010.04.25 00:00;2051.7;2060.4;1991.1;2005.5
2010.05.02 00:00;2003.7;2039.4;1733.9;1850.4
2010.05.09 00:00;1874.9;1982.6;1873.4;1910.8
2010.05.16 00:00;1908.7;1932.7;1766.8;1818.5
2010.05.23 00:00;1822;1874.8;1755.9;1851.8
2010.05.30 00:00;1852.5;1904.7;1824.6;1835.4
2010.06.06 00:00;1832.1;1848.9;1770.3;1844.2
2010.06.13 00:00;1848.1;1925;1844.1;1909.2
2010.06.20 00:00;1923.5;1941.5;1827.9;1839.4
2010.06.27 00:00;1839.4;1851.9;1698.6;1720.9
2010.07.04 00:00;1722.4;1815.6;1706.1;1811.9
2010.07.11 00:00;1810.3;1866.3;1800.3;1802.3
2010.07.18 00:00;1800.8;1876.5;1782.8;1874.5
2010.07.25 00:00;1874.5;1901;1832;1864
2010.08.01 00:00;1869;1913;1867.3;1905.7
2010.08.08 00:00;1903.2;1918.2;1806.9;1816.7
2010.08.15 00:00;1817.9;1862.2;1800.4;1826.9
2010.08.22 00:00;1824.9;1842.6;1746.1;1790.6
2010.08.29 00:00;1790.8;1871.3;1754.8;1867.6
2010.09.05 00:00;1867.6;1897.8;1852.3;1891.8
2010.09.12 00:00;1896.5;1973;1896.5;1955.2
2010.09.19 00:00;1953.4;2024.8;1951.6;2022.1
2010.09.26 00:00;2021.5;2033.5;1980.2;1996.6
2010.10.03 00:00;2000.2;2031.6;1963.4;2024.3
2010.10.10 00:00;2025.3;2099.9;2006.5;2098.4
2010.10.17 00:00;2097.1;2106.5;2053.5;2106.4
2010.10.24 00:00;2105.9;2138;2094.3;2125.2
2010.10.31 00:00;2126.7;2192.3;2116.9;2186
2010.11.07 00:00;2181.9;2199.4;2120.5;2135.2
2010.11.14 00:00;2135.2;2151.9;2084.6;2134.7
2010.11.21 00:00;2139.9;2166.3;2105.6;2146
2010.11.28 00:00;2150.7;2195.5;2110.1;2188.7
2010.12.05 00:00;2188.4;2218.5;2177.4;2217.7
2010.12.12 00:00;2217.9;2229.9;2197;2213.7
2010.12.19 00:00;2216.5;2239.2;2206;2231.7
2010.12.26 00:00;2227.7;2236.9;2207.7;2224.4
2011.01.02 00:00;2220.4;2282.6;2219.7;2273.4
2011.01.09 00:00;2272.6;2323.4;2261.4;2322.1
2011.01.16 00:00;2321.6;2346.6;2266.1;2268.6
2011.01.23 00:00;2269.1;2334.8;2258.3;2267
2011.01.30 00:00;2265.8;2338.5;2250.8;2336.7
2011.02.06 00:00;2338;2380.7;2334.7;2377.9
2011.02.13 00:00;2376.4;2403.2;2370.9;2395.4
2011.02.20 00:00;2393.7;2393.9;2280.9;2345.4
2011.02.27 00:00;2345.3;2378.8;2302.3;2361.1
2011.03.06 00:00;2360.3;2373.8;2265;2305
2011.03.13 00:00;2296.5;2303.3;2188.5;2222
2011.03.20 00:00;2224.9;2331.9;2220.9;2318.9
2011.03.27 00:00;2318.1;2359.5;2291.3;2339.5
2011.04.03 00:00;2339;2351.7;2306.6;2321.3
2011.04.10 00:00;2324.3;2334.8;2286.5;2311.4
2011.04.17 00:00;2309.4;2383.8;2251.8;2374.8
2011.04.24 00:00;2374.2;2416.9;2373;2408.4
2011.05.01 00:00;2409.1;2428.3;2364.5;2374.2
2011.05.08 00:00;2378.9;2416.1;2369.8;2371.8
2011.05.15 00:00;2366.8;2373.9;2318.9;2345.1
2011.05.22 00:00;2342.1;2343.3;2281.5;2332.7
2011.05.29 00:00;2331.7;2381.1;2286.8;2287.3
2011.06.05 00:00;2288.8;2299.2;2218.6;2222.6
2011.06.12 00:00;2217.1;2256.3;2181;2194.2
2011.06.19 00:00;2192.9;2259.8;2177.3;2212
2011.06.26 00:00;2211.9;2363.9;2198.4;2357.1
2011.07.03 00:00;2358.1;2424.7;2354.5;2411.4
2011.07.10 00:00;2407.1;2407.1;2317.1;2358.1
2011.07.17 00:00;2357;2432.1;2321.2;2430.3
2011.07.24 00:00;2420;2437.7;2340;2365.7
2011.07.31 00:00;2387.9;2396.9;2130.3;2191.8
2011.08.07 00:00;2146.5;2193.8;1973.5;2179.1
2011.08.14 00:00;2185;2215.1;2034.7;2043.7
2011.08.21 00:00;2041.9;2169.8;2023.1;2166.3
2011.08.28 00:00;2164.7;2269.1;2156.2;2165.5
2011.09.04 00:00;2159.9;2244.3;2108.6;2169.5
2011.09.11 00:00;2159.9;2315;2122.1;2313.8
2011.09.18 00:00;2294.5;2339;2139.8;2209.4
2011.09.25 00:00;2196.3;2290.9;2127.5;2128.8
2011.10.02 00:00;2131.6;2232;2040.8;2209.4
2011.10.09 00:00;2210.8;2373.8;2209.6;2372
2011.10.16 00:00;2371.9;2393.1;2272.6;2338.7
2011.10.23 00:00;2330.8;2412.6;2290.7;2403.5
2011.10.30 00:00;2401.3;2401.6;2282.2;2356.1
2011.11.06 00:00;2359.5;2402.1;2289.1;2355.3
2011.11.13 00:00;2357.4;2376.3;2251;2253
2011.11.20 00:00;2245.8;2245.8;2137.2;2150.9
2011.11.27 00:00;2184.3;2345.8;2179.5;2305.7
2011.12.04 00:00;2309.8;2344.5;2269.5;2324.2
2011.12.11 00:00;2321.8;2325.8;2219.6;2236.7
2011.12.18 00:00;2238.9;2295.1;2208;2283.2
2011.12.25 00:00;2283.6;2300.1;2257.2;2278.2
2012.01.01 00:00;2315.8;2362;2305.7;2357.2
2012.01.08 00:00;2356.4;2389.4;2341.6;2377.7
2012.01.15 00:00;2370.1;2445.2;2364.3;2438.4
2012.01.22 00:00;2432.5;2478.4;2421.9;2457.8
2012.01.29 00:00;2462.2;2532.1;2431.4;2525.5
2012.02.05 00:00;2521.7;2566.8;2512.4;2551
2012.02.12 00:00;2558.4;2602;2544.2;2583.6
2012.02.19 00:00;2595;2610.5;2570.3;2602.5
2012.02.26 00:00;2603.4;2650.1;2579.6;2644.1
2012.03.04 00:00;2644.1;2651.9;2575.1;2647.9
2012.03.11 00:00;2647.6;2724;2634.8;2713.1
2012.03.18 00:00;2712;2752.8;2704.7;2731.6
2012.03.25 00:00;2732.9;2793.4;2732.9;2758.6
2012.04.01 00:00;2762.4;2794.7;2721.4;2721.8
2012.04.08 00:00;2721.3;2750.4;2687.2;2697.5
2012.04.15 00:00;2695.8;2737.3;2656.6;2677.2
2012.04.22 00:00;2677.2;2747.9;2626.9;2739.2
2012.04.29 00:00;2742.3;2754.9;2629.7;2629.9
2012.05.06 00:00;2611.6;2649.5;2584.7;2614.1
2012.05.13 00:00;2606.8;2617.4;2469.1;2472.7
2012.05.20 00:00;2472.7;2561.8;2465.8;2526.3
2012.05.27 00:00;2526.3;2570.2;2455.5;2458.8
2012.06.03 00:00;2457;2570.3;2433.6;2561.4
2012.06.10 00:00;2596.2;2602.8;2509.7;2568
2012.06.17 00:00;2583.3;2632.4;2552.6;2579.6
2012.06.24 00:00;2578.8;2620.1;2507.3;2616.1
2012.07.01 00:00;2616.7;2659.3;2594.2;2612.2
2012.07.08 00:00;2607.1;2628.5;2519.5;2581.3
2012.07.15 00:00;2579.7;2660.8;2551;2617.8
2012.07.22 00:00;2617.8;2648.4;2519.3;2647.4
2012.07.29 00:00;2647.4;2683.5;2602.5;2674.1
2012.08.05 00:00;2674.1;2724.8;2673.9;2722.9
2012.08.12 00:00;2722.9;2781.8;2707.3;2778.1
2012.08.19 00:00;2778.1;2803.4;2751.7;2777.7
2012.08.26 00:00;2777.7;2796.8;2745.9;2773.8
2012.09.02 00:00;2772.5;2836.4;2743.4;2824.1
2012.09.09 00:00;2821.6;2865;2775.3;2856.7
2012.09.16 00:00;2855.4;2876.9;2841.1;2858
2012.09.23 00:00;2857.7;2862.2;2767;2796.6
2012.09.30 00:00;2793;2844.8;2777.2;2810.7
2012.10.07 00:00;2810.4;2812.2;2710.9;2716.7
2012.10.14 00:00;2716.7;2782;2668;2668
2012.10.21 00:00;2668;2697.9;2607.3;2663.3
2012.10.28 00:00;2663.3;2696;2628.7;2644.3
2012.11.04 00:00;2639.5;2693.7;2557.4;2585.6
2012.11.11 00:00;2582.8;2599;2493.1;2536.1
2012.11.18 00:00;2537.5;2639.5;2537.5;2639
2012.11.25 00:00;2630.4;2689.6;2612.4;2678.7
2012.12.02 00:00;2676.2;2698.3;2623;2638.4
2012.12.09 00:00;2636.8;2696.4;2620.1;2629.2
2012.12.16 00:00;2638.4;2717.8;2613.9;2665.4
2012.12.23 00:00;2661.5;2665.4;2587.8;2592.3
2012.12.30 00:00;2590.2;2750.3;2582.8;2718.7
2013.01.06 00:00;2718.9;2746.6;2701.4;2746.6
2013.01.13 00:00;2745;2754.3;2707.9;2737.6
2013.01.20 00:00;2736;2769.8;2710;2730.2
2013.01.27 00:00;2729.9;2765.6;2717.9;2759.2
2013.02.03 00:00;2759.2;2779.7;2710.1;2773.9
2013.02.10 00:00;2772.1;2782.7;2755.4;2764.1
2013.02.17 00:00;2760.3;2787.1;2700.2;2736.9
2013.02.24 00:00;2737.1;2764.9;2689.7;2748.8
2013.03.03 00:00;2744.4;2816.8;2732.8;2800.9
2013.03.10 00:00;2797.7;2811.9;2786.7;2795.8
2013.03.17 00:00;2770.2;2809.9;2752.2;2798.1
2013.03.24 00:00;2796;2817.8;2774.3;2816.7
2013.03.31 00:00;2814.4;2826.2;2740.6;2767.2
2013.04.07 00:00;2765.8;2861.2;2760.1;2850.4
2013.04.14 00:00;2848.2;2853.3;2726.2;2771.7
2013.04.21 00:00;2773.9;2856.3;2773.9;2834.9
2013.04.28 00:00;2835.5;2949.3;2829.5;2938.9
2013.05.05 00:00;2937.3;2979.7;2937.3;2977.9
2013.05.12 00:00;2971.4;3029.6;2962.2;3025.3
2013.05.19 00:00;3021.3;3054.3;2962.3;2994.6
2013.05.26 00:00;2993.1;3037.5;2979.1;2981.7
2013.06.02 00:00;2981;3007.2;2910.8;2983.8
2013.06.09 00:00;2979.3;3003.9;2897.7;2942.7
2013.06.16 00:00;2941.9;3003.9;2850.8;2871.7
2013.06.23 00:00;2869.5;2926.2;2822.6;2905.2
2013.06.30 00:00;2909.8;2975.1;2898.2;2962.4
2013.07.07 00:00;2964.2;3074.4;2952.7;3067.8
2013.07.14 00:00;3066.4;3090.1;3034.1;3045.7
2013.07.21 00:00;3047.3;3076.3;3026.7;3074.1
2013.07.28 00:00;3073;3140.2;3059.4;3139.7
2013.08.04 00:00;3137.5;3142.8;3093.1;3117.5
2013.08.11 00:00;3114.8;3149.7;3068.3;3070.9
2013.08.18 00:00;3067.7;3127.9;3056.5;3123.8
2013.08.25 00:00;3121.1;3148.4;3053.7;3081.7
2013.09.01 00:00;3092.6;3150;3076.6;3131.3
2013.09.08 00:00;3131.7;3189.3;3131.7;3178.7
2013.09.15 00:00;3204.5;3246.9;3161.8;3224.7
2013.09.22 00:00;3227.7;3242.3;3201.1;3229.4
2013.09.29 00:00;3215.2;3255.1;3183.3;3241.1
2013.10.06 00:00;3225.9;3236.9;3114.9;3231.6
2013.10.13 00:00;3203.9;3351.8;3200.2;3347.6
2013.10.20 00:00;3347.1;3396.3;3326.1;3379.5
2013.10.27 00:00;3378.1;3404.7;3360.4;3371.9
2013.11.03 00:00;3369.6;3400.4;3312.6;3362.8
2013.11.10 00:00;3362.5;3423.4;3340.2;3419.3
2013.11.17 00:00;3418.2;3427.3;3360.1;3422.1
2013.11.24 00:00;3422.7;3497.4;3421.7;3492.4
2013.12.01 00:00;3495.2;3511.3;3454.1;3505.8
2013.12.08 00:00;3509.2;3524.9;3450.8;3458.1
2013.12.15 00:00;3459;3542.3;3420.6;3537.8
2013.12.22 00:00;3546.4;3592.1;3546.4;3577.2
2013.12.29 00:00;3574.3;3592.7;3535.9;3536.2
2014.01.05 00:00;3535.4;3580.9;3509.9;3565
2014.01.12 00:00;3566.2;3613.7;3496.2;3588.3
2014.01.19 00:00;3587.9;3637.9;3535.8;3536.6
2014.01.26 00:00;3533.5;3547.6;3457.2;3522.6
2014.02.02 00:00;3520.2;3562.1;3414.5;3560.3
2014.02.09 00:00;3563.3;3669.9;3552.6;3662.7
2014.02.16 00:00;3660.3;3688.4;3640;3666.5
2014.02.23 00:00;3667.3;3723.6;3656.2;3698.8
2014.03.02 00:00;3674.9;3741.1;3637.9;3706.3
2014.03.09 00:00;3700.1;3726.8;3626.3;3627.9
2014.03.16 00:00;3629.2;3719.7;3609;3647.2
2014.03.23 00:00;3644.9;3663.4;3541.2;3570.2
2014.03.30 00:00;3580.6;3674.9;3528.2;3544.1
2014.04.06 00:00;3545.7;3604.5;3436.1;3448.8
2014.04.13 00:00;3437.5;3546.9;3409.6;3528.2
2014.04.20 00:00;3530.1;3622.4;3520.5;3533.1
2014.04.27 00:00;3539.1;3608.9;3484.2;3582.8
2014.05.04 00:00;3584.3;3606.8;3500.4;3552.2
2014.05.11 00:00;3551.6;3626.7;3542.8;3585.7
2014.05.18 00:00;3590.3;3678.7;3567.5;3677.7
2014.05.25 00:00;3680.8;3741.7;3679.2;3733.3
2014.06.01 00:00;3735.8;3799.2;3708.4;3798.6
2014.06.08 00:00;3799.8;3806.7;3751.9;3776.6
2014.06.15 00:00;3773.9;3809.8;3757.1;3800.7
2014.06.22 00:00;3798.1;3843.7;3787.6;3837.6
2014.06.29 00:00;3837.5;3923.5;3833.6;3919.4
2014.07.06 00:00;3918.1;3921;3836.6;3903.2
2014.07.13 00:00;3903;3945.6;3858.4;3936.1
2014.07.20 00:00;3933.8;3995.3;3914.1;3961.3
2014.07.27 00:00;3959.7;3986.7;3850.7;3878.4
2014.08.03 00:00;3878.6;3918.7;3829.4;3877
2014.08.10 00:00;3877.1;3997;3877.1;3988
2014.08.17 00:00;3996.4;4062.7;3994.4;4055.9
2014.08.24 00:00;4056.6;4087.2;4055.7;4083.3
2014.08.31 00:00;4079.5;4114.8;4052.8;4087.1
2014.09.07 00:00;4087.2;4110.8;4053.5;4070.2
2014.09.14 00:00;4057.6;4126.3;4011.9;4102.2
2014.09.21 00:00;4098;4099.5;4005.1;4054.2
2014.09.28 00:00;4052.4;4071.3;3934.2;4022.1
2014.10.05 00:00;4021.9;4053.4;3860;3865.6
2014.10.12 00:00;3853.1;3891;3688.8;3804.6
2014.10.19 00:00;3817.9;4042.8;3797.7;4039.5
2014.10.26 00:00;4040.1;4167.3;4013.8;4149.4
2014.11.02 00:00;4150.6;4182.8;4123.4;4156.1
2014.11.09 00:00;4154.2;4229.8;4147.2;4225.6
2014.11.16 00:00;4225.7;4286.4;4194.1;4251.1
2014.11.23 00:00;4252.4;4349.4;4249.9;4340.7
2014.11.30 00:00;4331.5;4336.9;4274.6;4315.2
2014.12.07 00:00;4314.5;4320.9;4188.2;4191.8
2014.12.14 00:00;4189.7;4307.9;4084.1;4288.2
2014.12.21 00:00;4286.5;4325;4277.8;4315.2
2014.12.28 00:00;4316.4;4323.7;4203.9;4218.2
2015.01.04 00:00;4217.1;4255;4084.6;4204.2
2015.01.11 00:00;4205.5;4250.1;4043.7;4134.9
2015.01.18 00:00;4138.7;4288.1;4111.1;4270.5
2015.01.25 00:00;4251.7;4280.2;4097.3;4146.7
2015.02.01 00:00;4146.7;4269.8;4087.1;4230.7
2015.02.08 00:00;4220.4;4383;4202.8;4378.4
2015.02.15 00:00;4375.7;4445.7;4365.7;4439.5
2015.02.22 00:00;4440.3;4465.2;4427.7;4446.5
2015.03.01 00:00;4447.7;4483.7;4389.4;4405.7
2015.03.08 00:00;4412.8;4424.9;4288.1;4309.4
2015.03.15 00:00;4314.2;4478.7;4298.8;4454.3
2015.03.22 00:00;4453.9;4467.5;4275.7;4329.1
2015.03.29 00:00;4331.2;4387.1;4265.7;4268.2
2015.04.05 00:00;4275.4;4420.7;4270.1;4418.7
2015.04.12 00:00;4421;4446.1;4328;4352.1
2015.04.19 00:00;4361.4;4540;4356.3;4533.4
2015.04.26 00:00;4536.3;4559.1;4389.6;4471.1
2015.05.03 00:00;4474.8;4506.5;4335.4;4451.4
2015.05.10 00:00;4454.4;4509.8;4377;4489.8
2015.05.17 00:00;4493.7;4543.9;4472.6;4530.2
2015.05.24 00:00;4529.3;4552.2;4456.6;4514.6
2015.05.31 00:00;4514.8;4541.6;4450.1;4480.4
2015.06.07 00:00;4480.6;4512.2;4390.4;4453.5
2015.06.14 00:00;4432.3;4546.5;4394;4506.5
2015.06.21 00:00;4518.9;4562;4466.1;4485.6
2015.06.28 00:00;4410.1;4457.5;4374.4;4422.3
2015.07.05 00:00;4360.6;4453.8;4337;4413.1
2015.07.12 00:00;4384.7;4658.2;4383.9;4654.5
2015.07.19 00:00;4653.1;4690.6;4548.8;4564.8
2015.07.26 00:00;4566.2;4612.3;4500.9;4586.6
2015.08.02 00:00;4585.3;4632.4;4483.6;4522.2
2015.08.09 00:00;4517.8;4587.5;4434.2;4534
2015.08.16 00:00;4535;4575.6;4196.7;4210.3
2015.08.23 00:00;4179.9;4341.7;3905.4;4333.2
2015.08.30 00:00;4326.2;4326.2;4119;4194.3
2015.09.06 00:00;4181.2;4369.8;4181.1;4324.5
2015.09.13 00:00;4327.9;4451.3;4290.7;4335.7
2015.09.20 00:00;4333.1;4370.8;4194.2;4212.9
2015.09.27 00:00;4209.9;4271.4;4048.8;4270.2
2015.10.04 00:00;4264.2;4376.8;4258.2;4363.6
2015.10.11 00:00;4358.5;4445.9;4324;4445.6
2015.10.18 00:00;4440.4;4643.6;4400.8;4617.1
2015.10.25 00:00;4616.1;4695.7;4598.5;4650
2015.11.01 00:00;4645.8;4734.6;4630.2;4707.2
2015.11.08 00:00;4701.3;4717.2;4489.4;4492.7
2015.11.15 00:00;4475.1;4694.3;4457.5;4693
2015.11.22 00:00;4693.7;4709.5;4622.6;4685
2015.11.29 00:00;4685.3;4741.1;4580.3;4716
2015.12.06 00:00;4720.8;4730.6;4528.2;4533.5
2015.12.13 00:00;4530.7;4690.2;4477.4;4516.1
2015.12.20 00:00;4522.4;4635.6;4517.4;4616.6
2015.12.27 00:00;4618.1;4703.1;4577;4594.6
2016.01.03 00:00;4592.3;4611.4;4260.1;4268.5
2016.01.10 00:00;4262.6;4368.9;4079.1;4149.1
2016.01.17 00:00;4131;4255.9;3986.8;4250.2
2016.01.24 00:00;4252.6;4273.8;4105;4272.7
2016.01.31 00:00;4266.2;4312;4003.3;4021.4
2016.02.07 00:00;4025.3;4047.4;3864.1;4016.7
2016.02.14 00:00;4026.8;4228.8;4025.6;4162.8
2016.02.21 00:00;4152.1;4293.9;4085.6;4228
2016.02.28 00:00;4227.1;4358.1;4181.1;4320.9
2016.03.06 00:00;4319.9;4361.2;4229.8;4356.4
2016.03.13 00:00;4350.2;4421.4;4337.8;4404
2016.03.20 00:00;4400.8;4448.9;4372.8;4408.2
2016.03.27 00:00;4409.6;4536.5;4381.1;4536
2016.04.03 00:00;4533.2;4550.6;4457.4;4475.5
2016.04.10 00:00;4474.4;4569.1;4432.5;4543.6
2016.04.17 00:00;4523.9;4589.9;4436.1;4471.8
2016.04.24 00:00;4482;4494.5;4301.1;4340.6
2016.05.01 00:00;4339.2;4382.6;4274.6;4336.2
2016.05.08 00:00;4332.7;4405.8;4306.7;4325.5
2016.05.15 00:00;4319.7;4396.1;4283.2;4365.5
2016.05.22 00:00;4370.3;4515.1;4343.5;4514.9
2016.05.29 00:00;4517.6;4538.4;4479.7;4509.3
2016.06.05 00:00;4511.5;4546.3;4446.7;4465.2
2016.06.12 00:00;4453.4;4461.5;4359.2;4368.6
2016.06.19 00:00;4392.8;4500.4;4239.5;4268.6
2016.06.26 00:00;4259;4452.7;4174.6;4440.9
2016.07.03 00:00;4443.5;4529;4372.1;4522.8
2016.07.10 00:00;4523.3;4613.8;4521.3;4566.9
2016.07.17 00:00;4586.7;4670;4585.2;4663
2016.07.24 00:00;4663.3;4742.1;4646.5;4734.9
2016.07.31 00:00;4742.6;4799.9;4687.5;4786.3
2016.08.07 00:00;4784.6;4813.1;4768.4;4808.1
2016.08.14 00:00;4809.1;4837.4;4774.2;4809.3
2016.08.21 00:00;4807.7;4837.9;4757.9;4784.4
2016.08.28 00:00;4786.6;4817.9;4749.9;4798.9
2016.09.04 00:00;4799.9;4839.4;4665.1;4668.2
2016.09.11 00:00;4669.7;4825.9;4628.7;4817.9
2016.09.18 00:00;4817;4894.6;4785;4858.6
2016.09.25 00:00;4854;4887.8;4803.5;4865.9
2016.10.02 00:00;4869.7;4890.4;4836.5;4861
2016.10.09 00:00;4873.7;4903.4;4756.5;4804.1
2016.10.16 00:00;4804.8;4858.6;4783;4847.1
2016.10.23 00:00;4848.7;4921.4;4788.5;4807
2016.10.30 00:00;4797.1;4831.8;4653;4661.8
2016.11.06 00:00;4719.7;4880.7;4558.5;4743.1
2016.11.13 00:00;4754.5;4840.7;4673.9;4810.3
2016.11.20 00:00;4809.6;4885.1;4803.8;4869.5
2016.11.27 00:00;4863.3;4897.3;4706.9;4733.5
2016.12.04 00:00;4714.1;4896.8;4701.2;4894
2016.12.11 00:00;4894.4;4962.7;4852.1;4916.1
2016.12.18 00:00;4916.1;4967.1;4913.3;4943.9
2016.12.25 00:00;4941.5;4995.2;4849.9;4864.9
2017.01.01 00:00;4879.5;5017.1;4877.8;5004.7
2017.01.08 00:00;5003.4;5062.8;4989.9;5060.3
2017.01.15 00:00;5055.3;5082.3;5024.8;5060.3
2017.01.22 00:00;5057.5;5169;5029.9;5165.8
2017.01.29 00:00;5147.3;5163;5084;5158.1
2017.02.05 00:00;5160.1;5232.8;5140.9;5227.7
2017.02.12 00:00;5229.5;5328.5;5227.1;5328.1
2017.02.19 00:00;5323.3;5360.8;5298.8;5342.5
2017.02.26 00:00;5341.3;5399.5;5316.8;5372.4
2017.03.05 00:00;5368.6;5394.7;5333.5;5382.1
2017.03.12 00:00;5380.8;5435;5359.4;5404.3
2017.03.19 00:00;5401.7;5436.4;5310.6;5368.3
2017.03.26 00:00;5355;5448.2;5312.8;5431.4
2017.04.02 00:00;5431.5;5484.9;5381.4;5419.2
2017.04.09 00:00;5418.4;5442.3;5346.3;5355.9
2017.04.16 00:00;5352.9;5453.5;5346.5;5435.2
2017.04.23 00:00;5493.6;5597.4;5478.9;5579.8
2017.04.30 00:00;5580;5649;5572.3;5648.8
2017.05.07 00:00;5657.1;5689.1;5634.3;5688.8
2017.05.14 00:00;5690.1;5727.1;5550.3;5654.5
2017.05.21 00:00;5652.9;5795.6;5648.4;5795
2017.05.28 00:00;5794.1;5886.2;5763.3;5885.1
2017.06.04 00:00;5879.4;5898.3;5659.9;5736.5
2017.06.11 00:00;5738.4;5779.9;5633.6;5683.6
2017.06.18 00:00;5684.6;5807.6;5675.6;5797.8
2017.06.25 00:00;5796.6;5844.1;5593.3;5645.9
2017.07.02 00:00;5652.9;5682.8;5553.1;5649.1
2017.07.09 00:00;5654.9;5840.8;5643.3;5840.1
2017.07.16 00:00;5838.8;5931.6;5813.6;5915.2
2017.07.23 00:00;5913.5;5988.9;5837.9;5906.6
2017.07.30 00:00;5901.9;5940.9;5849.9;5890.9
2017.08.06 00:00;5894.4;5966.9;5755.8;5832.5
2017.08.13 00:00;5837.8;5946.7;5770.9;5796
2017.08.20 00:00;5808.7;5882.5;5750.8;5823.4
2017.08.27 00:00;5806.9;6018.7;5775.9;5986.2
2017.09.03 00:00;5957.1;5983.9;5888.7;5917.3
2017.09.10 00:00;5939;6008.1;5936.5;5990.3
2017.09.17 00:00;5991.3;6010.6;5903.7;5928.2
2017.09.24 00:00;5923.5;5978.4;5834.6;5973.1
2017.10.01 00:00;5975.6;6064.8;5951.3;6059.2
2017.10.08 00:00;6056.4;6097.4;6032.7;6093.4
2017.10.15 00:00;6095;6126.1;6044.6;6102.8
2017.10.22 00:00;6104.2;6219.5;6004.6;6208.3
2017.10.29 00:00;6200.9;6290.6;6186.7;6282.8
2017.11.05 00:00;6279.1;6345.8;6239.3;6301.8
2017.11.12 00:00;6308;6356.1;6227.1;6308
2017.11.19 00:00;6310;6413.7;6289.3;6410.7
2017.11.26 00:00;6411.4;6427.7;6244.5;6342.6
2017.12.03 00:00;6385.2;6389.2;6230.2;6342.1
2017.12.10 00:00;6344.5;6484.2;6340.6;6481.3
2017.12.17 00:00;6480.2;6527;6444.8;6465.1
2017.12.24 00:00;6466.8;6473.4;6364.9;6366.8
2017.12.31 00:00;6387.3;6652.5;6379.1;6649.5
2018.01.07 00:00;6650;6761.4;6611.9;6755.9
2018.01.14 00:00;6765.8;6841.2;6713.9;6833.7
2018.01.21 00:00;6813.4;7018.2;6808.1;7014.6
2018.01.28 00:00;7014.4;7031.1;6737.1;6737.8
2018.02.04 00:00;6743.4;6799.3;6152.8;6413.8
2018.02.11 00:00;6422.6;6853;6402.1;6777.7
2018.02.18 00:00;6783.2;6909.9;6691.3;6898.9
2018.02.25 00:00;6920;7005.7;6644.8;6806.6
2018.03.04 00:00;6791.8;7102.3;6740.5;7095.4
2018.03.11 00:00;7090.1;7187.8;7001.2;7018.6
2018.03.18 00:00;7014.1;7015.9;6494.1;6523.2
2018.03.25 00:00;6516.2;6825.1;6397.6;6545.5
2018.04.01 00:00;6535.7;6631.2;6282.6;6435.1
2018.04.08 00:00;6449.6;6692.6;6439;6621
2018.04.15 00:00;6669.5;6846.9;6619.1;6654.8
2018.04.22 00:00;6687.7;6751;6409.1;6649.6
2018.04.29 00:00;6647.3;6769.1;6518.6;6758.1
2018.05.06 00:00;6756.7;6962.4;6752.2;6941.5
2018.05.13 00:00;6951.6;6998.3;6841.2;6866.3
2018.05.20 00:00;6924;6998;6822.3;6962.2
2018.05.27 00:00;6985.9;7089.2;6887.6;7083.2
2018.06.03 00:00;7074;7232.1;7069.4;7147.9
2018.06.10 00:00;7126.5;7294.6;7126.3;7250.8
2018.06.17 00:00;7249;7330.9;7131.7;7192.9
2018.06.24 00:00;7194.6;7196.6;6929.9;7042.2
2018.07.01 00:00;7049.6;7216.3;6963.1;7208.7
2018.07.08 00:00;7215.4;7391.9;7182.4;7374.1
2018.07.15 00:00;7384.7;7415.6;7270.6;7343.6
2018.07.22 00:00;7351.4;7507.6;7243.1;7279.2
2018.07.29 00:00;7273.2;7393.9;7146.6;7384.8
2018.08.05 00:00;7390.7;7488.1;7367.3;7414.4
2018.08.12 00:00;7395.7;7466.6;7307.4;7381.7
2018.08.19 00:00;7381.4;7495.7;7347;7491.5
2018.08.26 00:00;7496;7694.8;7494.3;7670
2018.09.02 00:00;7669.8;7690.2;7391.6;7432.2
2018.09.09 00:00;7431.2;7597.6;7403.8;7543.2
2018.09.16 00:00;7532.4;7609.3;7392.5;7519.7
2018.09.23 00:00;7510.4;7659.1;7446.6;7639.7
2018.09.30 00:00;7647.1;7701.4;7320.8;7411.2
2018.10.07 00:00;7420.4;7431.1;6883.7;7159.1
2018.10.14 00:00;7151.2;7344.4;7037.1;7080.5
2018.10.21 00:00;7046.2;7187.1;6710.3;6844.4
2018.10.28 00:00;6870;7120.3;6557.3;6953
2018.11.04 00:00;6948.8;7209.9;6842.7;7010.1
2018.11.11 00:00;7008.4;7084.6;6700.9;6887.6
2018.11.18 00:00;6862.3;6925.2;6441.3;6523.1
2018.11.25 00:00;6525.9;6960;6522.1;6958.5
2018.12.02 00:00;7047.4;7131.7;6591.8;6627.1
2018.12.09 00:00;6596.6;6870.1;6533.3;6582.2
2018.12.16 00:00;6575.2;6634.1;6009.8;6059.4
2018.12.23 00:00;6013.2;6382.3;5799.4;6274.5
2018.12.30 00:00;6307.8;6444.8;6116.7;6413.7
2019.01.06 00:00;6427.7;6627.5;6385;6596.9
2019.01.13 00:00;6582.2;6810.4;6504.5;6787.9
2019.01.20 00:00;6773.8;6792.9;6575;6777.6
2019.01.27 00:00;6766.2;6926.6;6599.5;6861.6
2019.02.03 00:00;6843.3;7022.4;6828.8;6911.2
2019.02.10 00:00;6919.3;7084.9;6883.2;7054.7
2019.02.17 00:00;7067.5;7105.6;6998.8;7094.6
2019.02.24 00:00;7109.3;7163.5;7043.3;7153.8
2019.03.03 00:00;7176.6;7207.2;6935.2;7027
2019.03.10 00:00;7009.8;7335.6;6994.4;7319.3
2019.03.17 00:00;7314.3;7520.6;7297.5;7334.3
2019.03.24 00:00;7355.2;7424.1;7252.8;7388.1
2019.03.31 00:00;7409.5;7594.9;7409.1;7591.3
2019.04.07 00:00;7589.9;7644.8;7542;7633.4
2019.04.14 00:00;7633.4;7714.4;7579.7;7695.4
2019.04.21 00:00;7690.9;7859.4;7649.7;7817.1
2019.04.28 00:00;7818.9;7854.3;7665.2;7854.2
2019.05.05 00:00;7769.9;7800.1;7422.6;7596.9
2019.05.12 00:00;7514.6;7633.1;7277.9;7504.6
2019.05.19 00:00;7510.2;7552.2;7263.6;7307
2019.05.26 00:00;7312.2;7366.9;7126.6;7134.5
2019.06.02 00:00;7102.9;7452.1;6939.2;7426.6
2019.06.09 00:00;7471.7;7600.4;7419.8;7482.7
2019.06.16 00:00;7480.8;7791.9;7479.7;7717.2
2019.06.23 00:00;7713.9;7765.2;7582.9;7696
2019.06.30 00:00;7779.9;7885.2;7732.8;7830.8
2019.07.07 00:00;7833.7;7943.5;7719.1;7933.4
2019.07.14 00:00;7933.8;7977.3;7791.1;7795.4
2019.07.21 00:00;7804.9;8028.2;7802.3;7992.4
2019.07.28 00:00;7998;8008.4;7627.8;7684.8
2019.08.04 00:00;7664.1;7717.9;7202.2;7650.5
2019.08.11 00:00;7646.7;7775.1;7375.2;7601.7
2019.08.18 00:00;7624.3;7773.9;7441;7483
2019.08.25 00:00;7403.2;7762.8;7344.9;7669.7
2019.09.01 00:00;7592.4;7889.7;7575.8;7861.4
2019.09.08 00:00;7860.3;7979.8;7741.9;7886.8
2019.09.15 00:00;7843.4;7949.4;7775.3;7807
2019.09.22 00:00;7844.6;7878.3;7617.5;7692.7
2019.09.29 00:00;7727.3;7819.4;7454.2;7747.2
2019.10.06 00:00;7677.5;7899.1;7563.2;7839
2019.10.13 00:00;7832.1;7974.6;7787.1;7863.2
2019.10.20 00:00;7851.9;8022.1;7790.3;8017.7
2019.10.27 00:00;8031.4;8148.7;8002.5;8144.2
2019.11.03 00:00;8151.1;8265.3;8142.8;8246.6
2019.11.10 00:00;8243.4;8315.1;8192.3;8314.9
2019.11.17 00:00;8307.9;8371.4;8224.6;8275.6
2019.11.24 00:00;8297.8;8452.4;8290.1;8416.4
2019.12.01 00:00;8425.2;8451.9;8163.7;8400
2019.12.08 00:00;8401.7;8520.9;8294.8;8492.1
2019.12.15 00:00;8505.8;8703.3;8502.5;8689.1
2019.12.22 00:00;8690.4;8823.8;8687.4;8759.5
2019.12.29 00:00;8770.3;8889.7;8674.1;8790.7
2020.01.05 00:00;8742.7;9040.3;8662.8;8962.3
2020.01.12 00:00;8971.7;9178.3;8970.5;9160
2020.01.19 00:00;9162.6;9280.1;9102.6;9130.6
2020.01.26 00:00;9049.5;9243.6;8920.3;9008.8
2020.02.02 00:00;8993.7;9462.9;8985.7;9393.3
2020.02.09 00:00;9392.4;9654.2;9325;9629.2
2020.02.16 00:00;9633.6;9755.1;9405.8;9448.7
2020.02.23 00:00;9350.3;9358.4;8126.5;8541.4
2020.03.01 00:00;8325.9;9001.2;8223.7;8503.2
2020.03.08 00:00;8302.8;8379.6;6942.8;7824.9
2020.03.15 00:00;7875;7875;6813.7;6926.4
2020.03.22 00:00;6697.9;7892.5;6627.2;7551
2020.03.29 00:00;7412;7989.7;7370.8;7517.5
2020.04.05 00:00;7590.5;8323.1;7590.1;8232.7
2020.04.12 00:00;8291.8;8966.3;8073.3;8810.8
2020.04.19 00:00;8775.6;8847.4;8345.1;8770.4
2020.04.26 00:00;8814.4;9153.2;8662.2;8715.1
2020.05.03 00:00;8618.1;9244.3;8567.6;9227.6
2020.05.10 00:00;9195.2;9352.8;8855.2;9123.3
2020.05.17 00:00;9125.2;9514.2;9117.4;9424.4
2020.05.24 00:00;9410.4;9606.9;9177.2;9589.5
