2012.08.05 00:00;2674.1;2674.1;2674.1;2674.1
2012.08.06 00:00;2674.1;2703.6;2673.9;2690.1
2012.08.07 00:00;2690.4;2724.8;2688.1;2712.1
2012.08.08 00:00;2712.3;2718.7;2703;2709
2012.08.09 00:00;2708.6;2724.8;2705.2;2719.6
2012.08.10 00:00;2719.2;2724.7;2703.9;2722.9
2012.08.11 00:00;2722.9;2722.9;2722.9;2722.9
2012.08.12 00:00;2722.9;2722.9;2722.9;2722.9
2012.08.13 00:00;2722.9;2730.9;2707.3;2729.9
2012.08.14 00:00;2729.6;2744.5;2722.4;2726.2
2012.08.15 00:00;2726.4;2743.4;2719.9;2742.7
2012.08.16 00:00;2742.4;2775.4;2739.6;2768.2
2012.08.17 00:00;2767.9;2781.8;2764.9;2778.1
2012.08.20 00:00;2778.1;2785.4;2768.4;2781.6
2012.08.21 00:00;2781.8;2803.4;2763.1;2775.6
2012.08.22 00:00;2775.1;2790.8;2760.5;2783.7
2012.08.23 00:00;2783.9;2793.3;2755.5;2761.1
2012.08.24 00:00;2761.3;2786.4;2751.7;2777.7
2012.08.27 00:00;2777.7;2796.8;2777.2;2783.5
2012.08.28 00:00;2783.9;2791.5;2771.1;2781.9
2012.08.29 00:00;2781.7;2790.9;2772.1;2781.6
2012.08.30 00:00;2781.8;2783;2751.1;2754.3
2012.08.31 00:00;2754.6;2785.8;2745.9;2773.8
2012.09.03 00:00;2772.5;2781.9;2760;2780.1
2012.09.04 00:00;2780.9;2783;2743.4;2773.3
2012.09.05 00:00;2773.6;2781;2757.4;2769.9
2012.09.06 00:00;2770.2;2829.7;2767.5;2829.4
2012.09.07 00:00;2829.2;2836.4;2817.6;2824.1
2012.09.08 00:00;2824.1;2824.1;2824.1;2824.1
2012.09.10 00:00;2821.6;2823.7;2781.7;2783.4
2012.09.11 00:00;2783.2;2799.7;2777.7;2780.1
2012.09.12 00:00;2780.1;2799.9;2775.3;2794.8
2012.09.13 00:00;2795.1;2841.8;2785.1;2827.7
2012.09.14 00:00;2827.7;2865;2827.7;2857
2012.09.15 00:00;2857;2857;2857;2857
2012.09.16 00:00;2856.7;2856.7;2856.7;2856.7
2012.09.17 00:00;2855.4;2858.1;2845.7;2852
2012.09.18 00:00;2852;2859.7;2843.4;2859.2
2012.09.19 00:00;2858.9;2871.7;2849.9;2858.8
2012.09.20 00:00;2859.1;2863.1;2841.1;2860.6
2012.09.21 00:00;2860.8;2876.9;2857.6;2858
2012.09.23 00:00;2858;2858;2858;2858
2012.09.24 00:00;2857.7;2862.2;2831.6;2845.4
2012.09.25 00:00;2845.4;2857.8;2803.2;2810.9
2012.09.26 00:00;2811.2;2811.9;2767;2783.1
2012.09.27 00:00;2783.3;2825.8;2782.8;2819.1
2012.09.28 00:00;2818.8;2823.7;2793.2;2796.6
2012.09.29 00:00;2796.6;2796.6;2796.6;2796.6
2012.09.30 00:00;2796.6;2796.6;2796.6;2796.6
2012.10.01 00:00;2793;2826.8;2782.1;2791.9
2012.10.02 00:00;2791.9;2810.4;2777.2;2798.6
2012.10.03 00:00;2798.9;2821.5;2792.2;2814.2
2012.10.04 00:00;2814.4;2834.2;2812.3;2826.5
2012.10.05 00:00;2826.8;2844.8;2804.1;2810.7
2012.10.06 00:00;2810.7;2810.7;2810.7;2810.7
2012.10.08 00:00;2810.4;2812.2;2778.7;2780.5
2012.10.09 00:00;2780.7;2790.7;2733.8;2740
2012.10.10 00:00;2739.7;2747.2;2717.9;2722.4
2012.10.11 00:00;2722.7;2748.8;2715.8;2719
2012.10.12 00:00;2719.3;2732;2710.9;2716.7
2012.10.15 00:00;2716.7;2739.3;2708.2;2735.3
2012.10.16 00:00;2735.1;2780.3;2733.1;2769.1
2012.10.17 00:00;2768.8;2782;2757.2;2774.5
2012.10.18 00:00;2774.8;2776.9;2730.8;2734.4
2012.10.19 00:00;2734.8;2739.8;2669;2669.7
2012.10.20 00:00;2669.7;2669.7;2669.7;2669.7
2012.10.21 00:00;2668;2669.7;2668;2668
2012.10.22 00:00;2668;2696.7;2660.1;2695.7
2012.10.23 00:00;2695.9;2697.9;2654.4;2666.2
2012.10.24 00:00;2666.7;2683.2;2649.2;2657.4
2012.10.25 00:00;2657.7;2676.2;2607.3;2640.4
2012.10.26 00:00;2640.9;2671.6;2625.8;2663.3
2012.10.28 00:00;2663.3;2663.3;2663.3;2663.3
2012.10.29 00:00;2663.3;2663.3;2636.4;2646.4
2012.10.30 00:00;2646.2;2658.6;2628.7;2657.4
2012.10.31 00:00;2657.4;2678.6;2634.3;2635
2012.11.01 00:00;2635.3;2690.8;2629.7;2689.3
2012.11.02 00:00;2689.6;2696;2643.9;2644.3
2012.11.03 00:00;2644.3;2644.3;2644.3;2644.3
2012.11.05 00:00;2639.5;2675.8;2638.2;2660.7
2012.11.06 00:00;2661;2693.7;2654.7;2679.3
2012.11.07 00:00;2679;2688.4;2601;2615.9
2012.11.08 00:00;2615.6;2624.3;2569.8;2576.9
2012.11.09 00:00;2577.3;2609;2557.4;2585.6
2012.11.12 00:00;2582.8;2599;2573.4;2583.3
2012.11.13 00:00;2582.9;2586.9;2554.6;2574.5
2012.11.14 00:00;2575;2586.6;2528.1;2533.1
2012.11.15 00:00;2532.6;2542.5;2514.2;2525.1
2012.11.16 00:00;2525.6;2540.2;2493.1;2536.1
2012.11.19 00:00;2537.5;2595.2;2537.5;2590.9
2012.11.20 00:00;2591.3;2597.7;2569.5;2592.6
2012.11.21 00:00;2593;2603.2;2577.8;2600.7
2012.11.22 00:00;2600.3;2606.7;2598.2;2601.6
2012.11.23 00:00;2601.4;2639.5;2596.8;2639
2012.11.24 00:00;2639;2639;2639;2639
2012.11.26 00:00;2630.4;2651.2;2623.7;2648.9
2012.11.27 00:00;2649.3;2659.2;2637.1;2641.4
2012.11.28 00:00;2642;2666.3;2612.4;2662.1
2012.11.29 00:00;2661.7;2688.8;2660;2678.9
2012.11.30 00:00;2678.5;2689.6;2667.9;2678.7
2012.12.01 00:00;2678.7;2678.7;2678.7;2678.7
2012.12.02 00:00;2678.7;2678.7;2678.7;2678.7
2012.12.03 00:00;2676.2;2698.3;2666.7;2668.1
2012.12.04 00:00;2667.6;2675.3;2650.6;2663.7
2012.12.05 00:00;2663.3;2679.3;2623.7;2635.3
2012.12.06 00:00;2635.3;2662.2;2623;2654.8
2012.12.07 00:00;2655.2;2672.8;2629.9;2638.4
2012.12.08 00:00;2638.4;2638.4;2638.4;2638.4
2012.12.09 00:00;2638.4;2638.4;2638.4;2638.4
2012.12.10 00:00;2636.8;2660.7;2625.9;2648
2012.12.11 00:00;2648.5;2696.4;2644.2;2687.3
2012.12.12 00:00;2686.9;2695.9;2668;2669.4
2012.12.13 00:00;2669.8;2688.9;2642.4;2649.1
2012.12.14 00:00;2649.5;2662.4;2620.1;2629.2
2012.12.17 00:00;2638.4;2667.9;2613.9;2667.6
2012.12.18 00:00;2668;2710.8;2665.2;2705.2
2012.12.19 00:00;2705.6;2717.8;2694.1;2694.5
2012.12.20 00:00;2694.1;2706.2;2682.2;2694.2
2012.12.21 00:00;2694.6;2696.2;2640.1;2665.4
2012.12.24 00:00;2661.5;2665.4;2650.3;2656.6
2012.12.26 00:00;2656.6;2661.9;2625.6;2633.6
2012.12.27 00:00;2633.6;2641;2597.1;2629.6
2012.12.28 00:00;2630;2633.2;2587.8;2592.3
2012.12.31 00:00;2590.2;2643.8;2582.8;2634.4
2013.01.02 00:00;2634.4;2744.9;2634.4;2743.8
2013.01.03 00:00;2744.4;2750.3;2722.5;2729.4
2013.01.04 00:00;2729.8;2738.9;2714.7;2718.7
2013.01.07 00:00;2718.9;2725.4;2705.4;2720.2
2013.01.08 00:00;2720.2;2727.3;2701.4;2715.6
2013.01.09 00:00;2716;2732.9;2714.2;2725.1
2013.01.10 00:00;2725.5;2746.1;2716.7;2742.2
2013.01.11 00:00;2742.6;2746.6;2735.1;2746.6
2013.01.14 00:00;2745;2752.7;2722.1;2733
2013.01.15 00:00;2733;2734.7;2707.9;2719.2
2013.01.16 00:00;2719.6;2739.9;2713.2;2728.2
2013.01.17 00:00;2727.8;2754.3;2719.3;2737.8
2013.01.18 00:00;2738.2;2744;2725.1;2737.6
2013.01.21 00:00;2736;2744.9;2734.6;2744.9
2013.01.22 00:00;2743.4;2755.7;2723;2754.9
2013.01.23 00:00;2755.3;2769.8;2732.5;2733.1
2013.01.24 00:00;2732.7;2745;2710;2714.4
2013.01.25 00:00;2714.8;2741.6;2714;2730.2
2013.01.26 00:00;2730.2;2730.2;2730.2;2730.2
2013.01.28 00:00;2729.9;2749.3;2728.1;2735.2
2013.01.29 00:00;2734.8;2747.3;2717.9;2746.6
2013.01.30 00:00;2745.9;2753.4;2728.1;2736.1
2013.01.31 00:00;2736.6;2748;2724.8;2731.3
2013.02.01 00:00;2731.7;2765.6;2731.7;2759.2
2013.02.03 00:00;2759.2;2759.2;2759.2;2759.2
2013.02.04 00:00;2759.2;2759.9;2710.1;2711.5
2013.02.05 00:00;2711.1;2760.8;2710.3;2754.4
2013.02.06 00:00;2754.8;2758.6;2734.6;2741.5
2013.02.07 00:00;2741.1;2749.9;2714.3;2746.2
2013.02.08 00:00;2745.8;2779.7;2742.3;2773.9
2013.02.09 00:00;2773.9;2773.9;2773.9;2773.9
2013.02.11 00:00;2772.1;2781.9;2765;2772
2013.02.12 00:00;2772.4;2775.3;2759.9;2765.3
2013.02.13 00:00;2765.7;2782.7;2763.8;2770.2
2013.02.14 00:00;2769.8;2775.7;2757.1;2768.9
2013.02.15 00:00;2769.4;2777.8;2755.4;2764.1
2013.02.16 00:00;2764.1;2764.1;2764.1;2764.1
2013.02.18 00:00;2760.3;2765.7;2758.9;2765.7
2013.02.19 00:00;2764.1;2785.5;2760.9;2784.2
2013.02.20 00:00;2783.8;2787.1;2734.8;2735.7
2013.02.21 00:00;2736.1;2741.3;2700.2;2716
2013.02.22 00:00;2716.4;2739.7;2714.9;2736.9
2013.02.25 00:00;2737.1;2764.9;2692.6;2698.5
2013.02.26 00:00;2698.1;2718.4;2689.7;2710.6
2013.02.27 00:00;2711;2758.1;2703.7;2741.2
2013.02.28 00:00;2740.8;2761.6;2732.3;2732.3
2013.03.01 00:00;2732.7;2751.3;2712.1;2748.8
2013.03.02 00:00;2748.8;2748.8;2748.8;2748.8
2013.03.04 00:00;2744.4;2762.6;2732.8;2762.6
2013.03.05 00:00;2762.2;2803.4;2761;2798.9
2013.03.06 00:00;2799.4;2809.1;2788.8;2790
2013.03.07 00:00;2790.4;2804.3;2788.3;2798.7
2013.03.08 00:00;2798.3;2816.8;2792.9;2800.9
2013.03.09 00:00;2800.9;2800.9;2800.9;2800.9
2013.03.11 00:00;2797.7;2811.9;2791.8;2809.8
2013.03.12 00:00;2810.3;2810.7;2786.8;2801.9
2013.03.13 00:00;2802.3;2807.3;2786.7;2798.5
2013.03.14 00:00;2798.9;2811.4;2796.2;2803
2013.03.15 00:00;2802.5;2809;2788.8;2795.8
2013.03.16 00:00;2795.8;2795.8;2795.8;2795.8
2013.03.18 00:00;2770.2;2800.8;2752.2;2791.6
2013.03.19 00:00;2791.2;2803.7;2759.1;2780.3
2013.03.20 00:00;2779.9;2809.9;2775.7;2790.9
2013.03.21 00:00;2790.5;2791.6;2764.8;2773.3
2013.03.22 00:00;2772.9;2801.3;2767.1;2798.1
2013.03.23 00:00;2798.1;2798.1;2798.1;2798.1
2013.03.25 00:00;2796;2814.9;2774.3;2789.9
2013.03.26 00:00;2789.5;2804.6;2787.5;2804.5
2013.03.27 00:00;2805.1;2809.2;2780.1;2804.8
2013.03.28 00:00;2805.3;2817.8;2794.8;2815.9
2013.03.29 00:00;2816.3;2816.7;2816.3;2816.7
2013.04.01 00:00;2814.4;2818.8;2787.7;2791.7
2013.04.02 00:00;2792.1;2826.2;2789.5;2816.5
2013.04.03 00:00;2816.9;2822.3;2783.4;2789.9
2013.04.04 00:00;2790.3;2804.4;2775.6;2786.1
2013.04.05 00:00;2786.5;2787.6;2740.6;2767.2
2013.04.06 00:00;2767.2;2767.2;2767.2;2767.2
2013.04.08 00:00;2765.8;2790.1;2760.1;2790.1
2013.04.09 00:00;2789.7;2812.6;2775.9;2801.4
2013.04.10 00:00;2801.8;2860.2;2797.7;2853.9
2013.04.11 00:00;2854.3;2861.2;2846.2;2856.4
2013.04.12 00:00;2856.8;2858.1;2830.8;2850.4
2013.04.13 00:00;2850.4;2850.4;2850.4;2850.4
2013.04.15 00:00;2848.2;2853.3;2780.2;2786.5
2013.04.16 00:00;2786;2835.9;2784.6;2830.6
2013.04.17 00:00;2831;2831.9;2760.9;2775.2
2013.04.18 00:00;2774.8;2790.3;2726.2;2752.1
2013.04.19 00:00;2752.5;2781.7;2739.2;2771.7
2013.04.22 00:00;2773.9;2814.4;2773.9;2803.6
2013.04.23 00:00;2804;2844.1;2787.3;2841.9
2013.04.24 00:00;2842.3;2844.8;2818.1;2824.9
2013.04.25 00:00;2825.3;2856.3;2818.3;2846.1
2013.04.26 00:00;2845.7;2846.4;2824.2;2834.9
2013.04.29 00:00;2835.5;2873.6;2829.5;2862.1
2013.04.30 00:00;2861.7;2884.2;2855.3;2884.2
2013.05.01 00:00;2883.8;2888.8;2864.2;2867.7
2013.05.02 00:00;2868.1;2912.1;2867.7;2904
2013.05.03 00:00;2904;2949.3;2901.9;2938.9
2013.05.06 00:00;2937.3;2955.8;2937.3;2949.1
2013.05.07 00:00;2948.7;2958.3;2939.1;2948.5
2013.05.08 00:00;2948.5;2966.3;2943.3;2962.7
2013.05.09 00:00;2962.7;2979.7;2951.7;2963.6
2013.05.10 00:00;2963.2;2979.4;2960.6;2977.9
2013.05.13 00:00;2971.4;2988.7;2962.2;2981.7
2013.05.14 00:00;2981.3;3006.1;2972.8;2997.7
2013.05.15 00:00;2997.7;3005.7;2984.1;3005.3
2013.05.16 00:00;3005.7;3019.9;2997.1;3001.7
2013.05.17 00:00;3001.7;3029.6;2998.6;3025.3
2013.05.20 00:00;3021.3;3032.9;3011.2;3022.4
2013.05.21 00:00;3022;3037.7;3011.1;3022.1
2013.05.22 00:00;3022.1;3054.3;2984.9;3007.2
2013.05.23 00:00;3007.2;3008.3;2962.3;2996.3
2013.05.24 00:00;2996.8;3003.9;2964.6;2994.6
2013.05.27 00:00;2993.1;3004.5;2985.8;3001.3
2013.05.28 00:00;2999.9;3037.5;2998.3;3006.8
2013.05.29 00:00;3006.3;3009.2;2979.1;2993.8
2013.05.30 00:00;2994.2;3025.9;2982.2;3009.9
2013.05.31 00:00;3009.5;3023.1;2979.7;2981.7
2013.06.03 00:00;2981;2995.5;2950.6;2987
2013.06.04 00:00;2986.6;3007.2;2961.4;2976.1
2013.06.05 00:00;2975.7;2977.8;2932.2;2938.5
2013.06.06 00:00;2938.9;2953.2;2910.8;2946.6
2013.06.07 00:00;2944.4;2992.4;2934.1;2983.8
2013.06.10 00:00;2979.3;3003.9;2976.1;2987
2013.06.11 00:00;2987;2988.5;2949.7;2965.7
2013.06.12 00:00;2966.1;2979.3;2920.9;2921.7
2013.06.13 00:00;2921.3;2969.8;2897.7;2962.5
2013.06.14 00:00;2962.1;2967.3;2938.9;2942.7
2013.06.17 00:00;2941.9;2990.1;2941.1;2972
2013.06.18 00:00;2972.4;3002.8;2970.8;2997.3
2013.06.19 00:00;2997.7;3003.9;2957.5;2959
2013.06.20 00:00;2958.6;2960.6;2880.7;2883.2
2013.06.21 00:00;2882.8;2904.2;2850.8;2871.7
2013.06.24 00:00;2869.5;2874.3;2822.6;2850.4
2013.06.25 00:00;2850.8;2878.2;2835.2;2862.9
2013.06.26 00:00;2863.4;2897.4;2850.3;2889.2
2013.06.27 00:00;2889.6;2922.4;2886.3;2903.8
2013.06.28 00:00;2904.2;2926.2;2888.7;2905.2
2013.07.01 00:00;2909.8;2950.9;2898.2;2922.6
2013.07.02 00:00;2923;2945.6;2911.7;2926.3
2013.07.03 00:00;2926.7;2952.9;2901.2;2941
2013.07.04 00:00;2939.1;2971.1;2938.5;2969.6
2013.07.05 00:00;2968;2975.1;2931.7;2962.4
2013.07.08 00:00;2964.2;2982.1;2952.7;2965.6
2013.07.09 00:00;2966;2988.7;2963.1;2979.2
2013.07.10 00:00;2979.6;3009.1;2972.7;3008.3
2013.07.11 00:00;3007.9;3060.8;3007.5;3057.4
2013.07.12 00:00;3057;3074.4;3053.1;3067.8
2013.07.15 00:00;3066.4;3080.2;3066.4;3076.9
2013.07.16 00:00;3076.5;3084;3067.4;3075.7
2013.07.17 00:00;3075.7;3089.8;3069.1;3077.7
2013.07.18 00:00;3077.3;3090.1;3048.9;3052.1
2013.07.19 00:00;3051.7;3052.1;3034.1;3045.7
2013.07.22 00:00;3047.3;3058.3;3041.8;3051.3
2013.07.23 00:00;3051.8;3063;3026.7;3046
2013.07.24 00:00;3045.6;3060.3;3031.6;3055.3
2013.07.25 00:00;3055.7;3061.3;3030.3;3056.5
2013.07.26 00:00;3056.9;3076.3;3040.7;3074.1
2013.07.29 00:00;3073;3081.1;3059.4;3070.1
2013.07.30 00:00;3070.1;3097.3;3067.8;3086.5
2013.07.31 00:00;3086.1;3107.6;3081.8;3094.5
2013.08.01 00:00;3094.9;3126;3091.8;3120.7
2013.08.02 00:00;3120.7;3140.2;3114.9;3139.7
2013.08.05 00:00;3137.5;3142.8;3130.2;3138.2
2013.08.06 00:00;3137.7;3141.6;3108.7;3119.5
2013.08.07 00:00;3119.1;3121.4;3093.1;3119.3
2013.08.08 00:00;3118.9;3138.5;3110.7;3131.3
2013.08.09 00:00;3131.3;3136.9;3109.2;3117.5
2013.08.12 00:00;3114.8;3131.2;3096.3;3127.6
2013.08.13 00:00;3128;3149.7;3106.9;3139.5
2013.08.14 00:00;3139.5;3145.7;3119.7;3120.4
2013.08.15 00:00;3120;3120;3068.3;3073.7
2013.08.16 00:00;3073.3;3091.8;3069.9;3070.9
2013.08.19 00:00;3067.7;3102;3066.2;3071.8
2013.08.20 00:00;3071.4;3098.3;3065.2;3083
2013.08.21 00:00;3083.4;3099.9;3061.2;3061.7
2013.08.22 00:00;3062.2;3107.4;3056.5;3105.3
2013.08.23 00:00;3105.8;3127.9;3097.7;3123.8
2013.08.26 00:00;3121.1;3148.4;3118.6;3122.8
2013.08.27 00:00;3123.2;3125;3053.7;3062.1
2013.08.28 00:00;3061.7;3085.3;3057.1;3066.2
2013.08.29 00:00;3066.6;3109.6;3064.2;3092.9
2013.08.30 00:00;3092.5;3103.8;3062.6;3081.7
2013.09.02 00:00;3092.6;3114;3090.5;3109.8
2013.09.03 00:00;3104.3;3113.7;3076.6;3088.9
2013.09.04 00:00;3089.4;3130.8;3084.1;3130.7
2013.09.05 00:00;3131.1;3137.9;3124.5;3128.6
2013.09.06 00:00;3128.6;3150;3097.2;3131.3
2013.09.09 00:00;3131.7;3175.3;3131.7;3169.3
2013.09.10 00:00;3169.8;3189.3;3167.4;3183.7
2013.09.11 00:00;3184.1;3188.3;3159.9;3182.7
2013.09.12 00:00;3183.1;3186.6;3170.3;3178.1
2013.09.13 00:00;3178.6;3182.3;3161.4;3178.7
2013.09.16 00:00;3204.5;3218.1;3162.1;3166.6
2013.09.17 00:00;3166.2;3194.8;3161.8;3191.1
2013.09.18 00:00;3191.5;3235.4;3189.1;3230.4
2013.09.19 00:00;3230.8;3243.4;3229.9;3235.7
2013.09.20 00:00;3236.1;3246.9;3223.2;3224.7
2013.09.23 00:00;3227.7;3242.3;3203.3;3215
2013.09.24 00:00;3215.4;3235.9;3208.1;3218.8
2013.09.25 00:00;3219.2;3225.9;3201.1;3206.1
2013.09.26 00:00;3206.5;3240.6;3206.4;3233.6
2013.09.27 00:00;3233.2;3237.9;3208.1;3229.4
2013.09.30 00:00;3215.2;3228.1;3183.3;3223.4
2013.10.01 00:00;3223.8;3255.1;3218.1;3253.2
2013.10.02 00:00;3253.7;3255;3225.8;3243.5
2013.10.03 00:00;3243.9;3252.9;3194.1;3204.8
2013.10.04 00:00;3205.2;3244.1;3203.9;3241.1
2013.10.07 00:00;3225.9;3236.9;3206.3;3210.9
2013.10.08 00:00;3210.4;3218.9;3148.3;3149.1
2013.10.09 00:00;3148.7;3168.4;3114.9;3137
2013.10.10 00:00;3137.4;3213.2;3136.6;3195.7
2013.10.11 00:00;3196.1;3234.3;3179.4;3231.6
2013.10.14 00:00;3203.9;3257.7;3200.2;3256
2013.10.15 00:00;3256.4;3267.4;3238.1;3246.5
2013.10.16 00:00;3246.1;3280.2;3237.8;3265.9
2013.10.17 00:00;3266.3;3309.7;3259.2;3309.7
2013.10.18 00:00;3310.1;3351.8;3310.1;3347.6
2013.10.21 00:00;3347.1;3365.8;3345.9;3356.8
2013.10.22 00:00;3356.4;3380.8;3341.8;3361.1
2013.10.23 00:00;3361.5;3361.5;3326.1;3345.4
2013.10.24 00:00;3345.9;3382.4;3339.1;3380.1
2013.10.25 00:00;3380.5;3396.3;3364.9;3379.5
2013.10.28 00:00;3378.1;3392.8;3363.3;3373.2
2013.10.29 00:00;3372.8;3395.2;3371.7;3390.3
2013.10.30 00:00;3390.7;3404.7;3367.9;3391
2013.10.31 00:00;3390.6;3397.1;3364.1;3380
2013.11.01 00:00;3380.4;3391.3;3360.4;3371.9
2013.11.04 00:00;3369.6;3389.9;3369.3;3380.1
2013.11.05 00:00;3380.5;3392.8;3358.3;3382.7
2013.11.06 00:00;3383.1;3400.4;3372.9;3377.6
2013.11.07 00:00;3377.2;3389.4;3316.6;3324.2
2013.11.08 00:00;3324.6;3365.3;3312.6;3362.8
2013.11.11 00:00;3362.5;3367.6;3347.8;3356.4
2013.11.12 00:00;3356.8;3368.8;3346.1;3365.6
2013.11.13 00:00;3366;3408;3340.2;3401.8
2013.11.14 00:00;3401.2;3417.8;3388.9;3412.7
2013.11.15 00:00;3413.1;3423.4;3407.3;3419.3
2013.11.18 00:00;3418.2;3427.3;3381.8;3387.5
2013.11.19 00:00;3387.1;3402.2;3372.3;3377.2
2013.11.20 00:00;3376.8;3400.1;3360.1;3368.6
2013.11.21 00:00;3369.1;3407.3;3361.6;3403.6
2013.11.22 00:00;3403.2;3424.1;3401.3;3422.1
2013.11.25 00:00;3422.7;3438.6;3421.7;3429.1
2013.11.26 00:00;3428.7;3457.1;3423.8;3448.6
2013.11.27 00:00;3448.6;3473.2;3446.5;3470.5
2013.11.28 00:00;3470.9;3485.3;3469.5;3483.9
2013.11.29 00:00;3482.5;3497.4;3481.5;3492.4
2013.12.02 00:00;3495.2;3501.9;3477.6;3483.8
2013.12.03 00:00;3484.2;3489.3;3466.9;3477
2013.12.04 00:00;3476.5;3494.7;3454.1;3483.5
2013.12.05 00:00;3484;3492.4;3469.4;3476.9
2013.12.06 00:00;3477.3;3511.3;3477.1;3505.8
2013.12.09 00:00;3509.2;3524.9;3506.9;3518.9
2013.12.10 00:00;3518.4;3524.6;3508.1;3516.4
2013.12.11 00:00;3516.8;3522.3;3465.2;3470.9
2013.12.12 00:00;3470.9;3480.3;3456.1;3456.1
2013.12.13 00:00;3456.5;3479.3;3450.8;3458.1
2013.12.16 00:00;3459;3496.4;3435;3472.4
2013.12.17 00:00;3471.9;3484.1;3461.7;3464.2
2013.12.18 00:00;3464.6;3514;3420.6;3511.6
2013.12.19 00:00;3512;3517.2;3483.3;3497
2013.12.20 00:00;3497.4;3542.3;3497;3537.8
2013.12.23 00:00;3546.4;3571.7;3546.4;3570.8
2013.12.24 00:00;3570.4;3575.6;3566.1;3574.6
2013.12.26 00:00;3576.6;3587.9;3573.2;3587.1
2013.12.27 00:00;3586.7;3592.1;3571.6;3577.2
2013.12.30 00:00;3574.3;3577.9;3560.6;3571.5
2013.12.31 00:00;3571.5;3592.7;3569.4;3588.4
2014.01.02 00:00;3579.9;3583.1;3553.7;3564.3
2014.01.03 00:00;3564.8;3570.9;3535.9;3536.2
2014.01.06 00:00;3535.4;3544.3;3509.9;3518.8
2014.01.07 00:00;3519.2;3561.2;3519.2;3553.1
2014.01.08 00:00;3552.7;3573.7;3548.1;3566.6
2014.01.09 00:00;3566.1;3580.9;3539.5;3552.2
2014.01.10 00:00;3552.7;3575.8;3533.7;3565
2014.01.13 00:00;3566.2;3570.3;3496.2;3512.3
2014.01.14 00:00;3512.7;3579.8;3506.8;3576.4
2014.01.15 00:00;3576.8;3613.7;3574.4;3601.6
2014.01.16 00:00;3601.2;3611.7;3597.4;3599.3
2014.01.17 00:00;3599.7;3612.3;3577.8;3588.3
2014.01.20 00:00;3587.9;3592.2;3580.9;3590.3
2014.01.21 00:00;3590.3;3615.2;3582.8;3610.2
2014.01.22 00:00;3610.6;3631.6;3607.7;3629
2014.01.23 00:00;3628.6;3637.9;3584.8;3617.6
2014.01.24 00:00;3618;3624;3535.8;3536.6
2014.01.27 00:00;3533.5;3547.6;3475.4;3480.9
2014.01.28 00:00;3480.5;3507.6;3470.2;3504.1
2014.01.29 00:00;3504.6;3531.4;3457.2;3478.5
2014.01.30 00:00;3478.8;3540.1;3474;3513.5
2014.01.31 00:00;3513.8;3535.5;3482.1;3522.6
2014.02.03 00:00;3520.2;3532.4;3427.9;3440.4
2014.02.04 00:00;3440.7;3476;3434.1;3455
2014.02.05 00:00;3455;3465.6;3414.5;3451.5
2014.02.06 00:00;3451.8;3501.9;3450.3;3493.2
2014.02.07 00:00;3493.5;3562.1;3481.7;3560.3
2014.02.10 00:00;3563.3;3582.1;3552.6;3581.9
2014.02.11 00:00;3581.8;3627.9;3580.6;3615.5
2014.02.12 00:00;3615.5;3635.6;3612.3;3624.3
2014.02.13 00:00;3624.4;3658;3598.9;3655.2
2014.02.14 00:00;3654.8;3669.9;3640.1;3662.7
2014.02.17 00:00;3660.3;3674.3;3658.3;3668.6
2014.02.18 00:00;3666.8;3686.4;3655.6;3678.1
2014.02.19 00:00;3678;3681.3;3647;3658.2
2014.02.20 00:00;3657.9;3678.6;3640;3671.2
2014.02.21 00:00;3671.5;3688.4;3662.4;3666.5
2014.02.24 00:00;3667.3;3702.8;3656.2;3688.9
2014.02.25 00:00;3688.8;3698.7;3669.9;3691.4
2014.02.26 00:00;3691.4;3703.3;3663.6;3679.4
2014.02.27 00:00;3679.7;3705.9;3662.5;3705.6
2014.02.28 00:00;3705.5;3723.6;3666.2;3698.8
2014.03.03 00:00;3674.9;3680.5;3637.9;3671.2
2014.03.04 00:00;3671.5;3724.1;3670.6;3718.1
2014.03.05 00:00;3718.1;3733.2;3713.2;3730.8
2014.03.06 00:00;3730.6;3737.9;3710.1;3724.5
2014.03.07 00:00;3724.3;3741.1;3686.5;3706.3
2014.03.10 00:00;3700.1;3712.6;3684.5;3709.9
2014.03.11 00:00;3710;3726.8;3681.6;3687
2014.03.12 00:00;3686.8;3709.9;3661.8;3709.5
2014.03.13 00:00;3709.5;3722.8;3636.6;3655.3
2014.03.14 00:00;3655.1;3661.8;3626.3;3627.9
2014.03.17 00:00;3629.2;3680;3609;3660.9
2014.03.18 00:00;3660.9;3709.3;3646.8;3703
2014.03.19 00:00;3703.1;3712.2;3659.2;3676.7
2014.03.20 00:00;3676.9;3704.7;3664.2;3698.2
2014.03.21 00:00;3698.1;3719.7;3640.3;3647.2
2014.03.24 00:00;3644.9;3663.4;3581.8;3619.5
2014.03.25 00:00;3619.3;3658.4;3597.4;3630.5
2014.03.26 00:00;3630.5;3653.8;3577;3581.6
2014.03.27 00:00;3581.7;3591.4;3541.2;3564
2014.03.28 00:00;3563.9;3607.2;3557.6;3570.2
2014.03.31 00:00;3580.6;3617;3579.6;3589
2014.04.01 00:00;3588.7;3658.3;3584.2;3657.8
2014.04.02 00:00;3657.5;3674.2;3648.4;3665.9
2014.04.03 00:00;3665.9;3674.9;3614.8;3640.5
2014.04.04 00:00;3640.8;3663.3;3528.2;3544.1
2014.04.07 00:00;3545.7;3547.9;3479.7;3505.3
2014.04.08 00:00;3505.4;3541.1;3495.9;3533.9
2014.04.09 00:00;3534;3599.3;3531.6;3598.6
2014.04.10 00:00;3598.7;3604.5;3475.1;3490.3
2014.04.11 00:00;3490.6;3498.5;3436.1;3448.8
2014.04.14 00:00;3437.5;3489.5;3430.1;3475.5
2014.04.15 00:00;3475.7;3505.5;3409.6;3503.9
2014.04.16 00:00;3504.2;3528.9;3484.1;3505.6
2014.04.17 00:00;3505.7;3546.9;3497.1;3529.3
2014.04.18 00:00;3529.3;3530.4;3528;3528.2
2014.04.21 00:00;3530.1;3558.3;3521;3557.1
2014.04.22 00:00;3557.1;3592.6;3549.8;3589.2
2014.04.23 00:00;3588.9;3596;3550.2;3593.3
2014.04.24 00:00;3593.1;3622.4;3548.1;3597
2014.04.25 00:00;3597.1;3597.4;3520.5;3533.1
2014.04.28 00:00;3539.1;3566.1;3484.2;3545
2014.04.29 00:00;3545;3575;3533.7;3560.4
2014.04.30 00:00;3560.7;3581.4;3542.4;3580.8
2014.05.01 00:00;3580.9;3608.9;3574.2;3592.9
2014.05.02 00:00;3592.7;3607.6;3573;3582.8
2014.05.05 00:00;3584.3;3601.1;3551.3;3598.1
2014.05.06 00:00;3598;3606.8;3549.7;3554.4
2014.05.07 00:00;3554.2;3569.7;3500.4;3544.3
2014.05.08 00:00;3544;3582.5;3521.4;3536.2
2014.05.09 00:00;3536.4;3555;3513.3;3552.2
2014.05.12 00:00;3551.6;3613.6;3551.5;3613.5
2014.05.13 00:00;3613.8;3626.7;3606.2;3612.4
2014.05.14 00:00;3612.2;3617.4;3586;3600.6
2014.05.15 00:00;3600.8;3609.4;3542.8;3565.4
2014.05.16 00:00;3565.4;3591.6;3545.4;3585.7
2014.05.19 00:00;3590.3;3619.5;3567.5;3613.2
2014.05.20 00:00;3612.9;3625.7;3586.4;3601.1
2014.05.21 00:00;3601.2;3637.7;3595.3;3633.9
2014.05.22 00:00;3634.1;3661.5;3633.2;3650.8
2014.05.23 00:00;3651;3678.7;3646.9;3677.7
2014.05.26 00:00;3680.8;3694;3679.2;3692.1
2014.05.27 00:00;3691.6;3724.4;3687.5;3724.3
2014.05.28 00:00;3724.1;3731.6;3709.1;3718.2
2014.05.29 00:00;3718.1;3738.5;3714.6;3737.7
2014.05.30 00:00;3737.6;3741.7;3716.4;3733.3
2014.06.02 00:00;3735.8;3742.4;3708.4;3729.6
2014.06.03 00:00;3729.8;3736.6;3714.9;3733.8
2014.06.04 00:00;3733.6;3750.3;3715.2;3745.1
2014.06.05 00:00;3744.8;3783;3735;3777.1
2014.06.06 00:00;3777.1;3799.2;3776.6;3798.6
2014.06.09 00:00;3799.8;3803.4;3783.6;3793
2014.06.10 00:00;3793;3803.1;3785.3;3803.1
2014.06.11 00:00;3802.9;3805;3780;3799.5
2014.06.12 00:00;3799.7;3806.7;3751.9;3774.5
2014.06.13 00:00;3774.9;3785.9;3760.1;3776.6
2014.06.16 00:00;3773.9;3790.4;3757.1;3779.8
2014.06.17 00:00;3779.6;3792.2;3769.9;3781
2014.06.18 00:00;3780.9;3806.9;3761.4;3802.2
2014.06.19 00:00;3802.1;3809.8;3780.8;3794.3
2014.06.20 00:00;3794.1;3805.9;3791.3;3800.7
2014.06.23 00:00;3798.1;3812.8;3791.6;3800.1
2014.06.24 00:00;3800.2;3834.2;3787.6;3798.6
2014.06.25 00:00;3798.8;3830;3789.2;3820.4
2014.06.26 00:00;3820.2;3828.1;3795.1;3824.7
2014.06.27 00:00;3824.8;3843.7;3814.2;3837.6
2014.06.30 00:00;3837.5;3856.9;3833.6;3852.9
2014.07.01 00:00;3852.9;3900.2;3850.6;3891.6
2014.07.02 00:00;3891.6;3901.9;3888.8;3897.2
2014.07.03 00:00;3896.9;3923.5;3893.8;3921.3
2014.07.04 00:00;3921.8;3922.3;3917.2;3919.4
2014.07.07 00:00;3918.1;3921;3901.4;3909.5
2014.07.08 00:00;3909.6;3911.8;3846.5;3867.4
2014.07.09 00:00;3867.5;3895.7;3861.9;3892.4
2014.07.10 00:00;3892.5;3894.5;3836.6;3877.9
2014.07.11 00:00;3878.1;3903.8;3876.9;3903.2
2014.07.14 00:00;3903;3935.4;3902.6;3925.9
2014.07.15 00:00;3925.8;3938.4;3884.8;3922.6
2014.07.16 00:00;3922.5;3945.6;3917.9;3925
2014.07.17 00:00;3924.7;3932;3863.9;3872
2014.07.18 00:00;3872.1;3940.2;3858.4;3936.1
2014.07.21 00:00;3933.8;3938.7;3914.1;3928.5
2014.07.22 00:00;3928.2;3963.6;3927.2;3947.3
2014.07.23 00:00;3947.6;3987.3;3947.6;3981.8
2014.07.24 00:00;3981.6;3995.3;3967.4;3970.4
2014.07.25 00:00;3970.2;3970.5;3941.3;3961.3
2014.07.28 00:00;3959.7;3974.2;3932.8;3963.1
2014.07.29 00:00;3963;3981;3952.1;3961.7
2014.07.30 00:00;3961.6;3986.7;3956.7;3972.9
2014.07.31 00:00;3973;3974;3885.3;3891.1
2014.08.01 00:00;3891;3904.5;3850.7;3878.4
2014.08.04 00:00;3878.6;3918.7;3870.3;3899.1
2014.08.05 00:00;3899.3;3903.1;3854.9;3876.8
2014.08.06 00:00;3876.9;3894.2;3845;3872.1
2014.08.07 00:00;3872.1;3895.3;3843.7;3857.2
2014.08.08 00:00;3857.4;3889.6;3829.4;3877
2014.08.11 00:00;3877.1;3920.3;3877.1;3909.6
2014.08.12 00:00;3909.4;3920;3885.9;3909.5
2014.08.13 00:00;3909.6;3951.7;3904.9;3950.5
2014.08.14 00:00;3950.2;3975.6;3942.1;3974
2014.08.15 00:00;3973.9;3997;3949.7;3988
2014.08.18 00:00;3996.4;4021.5;3994.4;4017.6
2014.08.19 00:00;4017.5;4042.5;4017.2;4036.5
2014.08.20 00:00;4036.5;4048.6;4030.9;4042.1
2014.08.21 00:00;4042.1;4050.5;4034.5;4050.5
2014.08.22 00:00;4050.7;4062.7;4038.4;4055.9
2014.08.25 00:00;4056.6;4080;4056.6;4064.9
2014.08.26 00:00;4064.8;4077.2;4063.2;4074.6
2014.08.27 00:00;4074.5;4078.4;4065;4074
2014.08.28 00:00;4073.9;4075.7;4055.7;4075.2
2014.08.29 00:00;4075.2;4087.2;4063.1;4083.3
2014.09.01 00:00;4079.5;4085.9;4076.9;4085.7
2014.09.02 00:00;4082.9;4096.8;4078.8;4095.9
2014.09.03 00:00;4095.9;4114.8;4063.5;4072.4
2014.09.04 00:00;4072.5;4101.7;4057.1;4073.3
2014.09.05 00:00;4073.4;4090.1;4052.8;4087.1
2014.09.08 00:00;4087.2;4105.4;4076.1;4095.8
2014.09.09 00:00;4095.8;4110.8;4053.5;4065.7
2014.09.10 00:00;4065.6;4096.4;4054.9;4093.9
2014.09.11 00:00;4094;4096.3;4060.3;4096.3
2014.09.12 00:00;4096.6;4097.1;4057;4070.2
2014.09.15 00:00;4057.6;4076.3;4018.1;4034.1
2014.09.16 00:00;4033.9;4074.1;4011.9;4066.8
2014.09.17 00:00;4066.7;4091.6;4046.5;4074.7
2014.09.18 00:00;4074.8;4107.5;4068.7;4107.2
2014.09.19 00:00;4106.8;4126.3;4083.6;4102.2
2014.09.22 00:00;4098;4099.5;4043;4056.9
2014.09.23 00:00;4056.6;4068;4034.8;4036.3
2014.09.24 00:00;4036.4;4097;4034.6;4093.8
2014.09.25 00:00;4093.9;4095.5;4005.1;4013
2014.09.26 00:00;4012.9;4057.4;4008.6;4054.2
2014.09.29 00:00;4052.4;4057.7;4004.8;4040.1
2014.09.30 00:00;4040.4;4071.3;4030.8;4043.6
2014.10.01 00:00;4043.5;4052.3;3971.6;3990.4
2014.10.02 00:00;3990.4;4000.9;3934.2;3981
2014.10.03 00:00;3980.9;4040.8;3976.8;4022.1
2014.10.06 00:00;4021.9;4046.3;4002.2;4009.3
2014.10.07 00:00;4009.2;4016.3;3954.8;3955.8
2014.10.08 00:00;3955.7;4047.7;3936.2;4039.5
2014.10.09 00:00;4039.5;4053.4;3952.6;3956.9
2014.10.10 00:00;3956.9;3972.4;3860;3865.6
2014.10.13 00:00;3853.1;3891;3799.6;3800.6
2014.10.14 00:00;3800.3;3857.6;3797.5;3823
2014.10.15 00:00;3822.9;3836.3;3696.1;3749.1
2014.10.16 00:00;3749;3791.2;3688.8;3748.2
2014.10.17 00:00;3747.9;3845.2;3746.3;3804.6
2014.10.20 00:00;3817.9;3882.7;3797.7;3881
2014.10.21 00:00;3880.7;3980.1;3850.4;3979.3
2014.10.22 00:00;3979.4;3987.5;3944.1;3953.3
2014.10.23 00:00;3953.5;4029;3944.1;4009.3
2014.10.24 00:00;4009.2;4042.8;3975;4039.5
2014.10.27 00:00;4040.1;4053.9;4013.8;4045.1
2014.10.28 00:00;4045;4103.8;4042;4097.6
2014.10.29 00:00;4097.6;4100.2;4058.9;4076
2014.10.30 00:00;4075.8;4106.6;4047.1;4097.3
2014.10.31 00:00;4097.4;4167.3;4093.9;4149.4
2014.11.03 00:00;4150.6;4177.2;4145.6;4160
2014.11.04 00:00;4160;4168;4123.4;4148
2014.11.05 00:00;4147.9;4179.7;4137.3;4146
2014.11.06 00:00;4146;4170.4;4133.5;4169.4
2014.11.07 00:00;4169.4;4182.8;4139.2;4156.1
2014.11.10 00:00;4154.2;4181.5;4147.2;4174.4
2014.11.11 00:00;4174.4;4189.3;4164.9;4187.6
2014.11.12 00:00;4187.3;4201.5;4169.4;4197.4
2014.11.13 00:00;4197.3;4229.8;4194.2;4206.9
2014.11.14 00:00;4206.9;4226.8;4198.7;4225.6
2014.11.17 00:00;4225.7;4226.6;4194.1;4215.2
2014.11.18 00:00;4215.1;4251.1;4205.3;4241.5
2014.11.19 00:00;4241.8;4244.7;4206.7;4227.8
2014.11.20 00:00;4227.5;4250.4;4204.1;4248.1
2014.11.21 00:00;4248;4286.4;4239.5;4251.1
2014.11.24 00:00;4252.4;4288.3;4249.9;4285
2014.11.25 00:00;4285;4305;4278.7;4296.1
2014.11.26 00:00;4296;4325.2;4292;4324.6
2014.11.27 00:00;4324.7;4333.4;4313.9;4332.5
2014.11.28 00:00;4328.7;4349.4;4320.1;4340.7
2014.12.01 00:00;4331.5;4336.9;4274.6;4287.6
2014.12.02 00:00;4287.3;4315.8;4286.3;4309.7
2014.12.03 00:00;4309.8;4321.2;4288.4;4313.4
2014.12.04 00:00;4313.5;4329.4;4294.3;4315.2
2014.12.05 00:00;4315;4327.3;4303.7;4315.2
2014.12.08 00:00;4314.5;4320.9;4259.5;4283.1
2014.12.09 00:00;4282.9;4298.9;4217.3;4293.2
2014.12.10 00:00;4293.3;4298.6;4219.5;4226.5
2014.12.11 00:00;4226.6;4298.4;4220.4;4228.7
2014.12.12 00:00;4228.6;4255.1;4188.2;4191.8
2014.12.15 00:00;4189.7;4237.6;4144.8;4159.3
2014.12.16 00:00;4159.4;4192.8;4084.1;4091.6
2014.12.17 00:00;4091.5;4176.3;4085;4163.3
2014.12.18 00:00;4163.1;4274.8;4153.7;4274
2014.12.19 00:00;4273.9;4307.9;4259;4288.2
2014.12.22 00:00;4286.5;4304.4;4279.4;4295.9
2014.12.23 00:00;4296.1;4315.3;4277.8;4282.7
2014.12.24 00:00;4282.8;4301.4;4279.6;4284.7
2014.12.26 00:00;4286.5;4325;4286.5;4315.2
2014.12.29 00:00;4316.4;4323.7;4301.1;4319.8
2014.12.30 00:00;4319.9;4320.9;4276.8;4286.1
2014.12.31 00:00;4285.9;4307.7;4268.5;4271.7
2015.01.02 00:00;4238;4275.5;4203.9;4218.2
2015.01.05 00:00;4217.1;4223.4;4147.7;4168.7
2015.01.06 00:00;4168.7;4174.8;4084.6;4102.3
2015.01.07 00:00;4102.4;4165.9;4100.8;4155.4
2015.01.08 00:00;4155.4;4245.2;4154.6;4233.3
2015.01.09 00:00;4233.4;4255;4183.6;4204.2
2015.01.12 00:00;4205.5;4229.8;4153.4;4171.5
2015.01.13 00:00;4171.4;4250.1;4128.9;4166.9
2015.01.14 00:00;4166.9;4171.4;4102.7;4152
2015.01.15 00:00;4151.8;4192.4;4079.9;4081
2015.01.16 00:00;4081.2;4139.3;4043.7;4134.9
2015.01.19 00:00;4138.7;4157;4115.1;4128.2
2015.01.20 00:00;4129.4;4177.1;4111.1;4167.5
2015.01.21 00:00;4167.6;4207.4;4138.8;4186.4
2015.01.22 00:00;4186.5;4270.9;4166.5;4270.9
2015.01.23 00:00;4270.7;4288.1;4252.5;4270.5
2015.01.26 00:00;4251.7;4280.2;4233.5;4270.7
2015.01.27 00:00;4270.5;4272.7;4144.4;4211.1
2015.01.28 00:00;4210.9;4236.2;4121;4127.3
2015.01.29 00:00;4127.3;4199;4097.3;4197.3
2015.01.30 00:00;4197.6;4209.1;4137.7;4146.7
2015.02.02 00:00;4146.7;4189.4;4087.1;4183.3
2015.02.03 00:00;4183.4;4224.2;4167.3;4213.8
2015.02.04 00:00;4214;4244.2;4188.9;4193.9
2015.02.05 00:00;4193.6;4256;4182.7;4254.2
2015.02.06 00:00;4254.5;4269.8;4211.2;4230.7
2015.02.09 00:00;4220.4;4233.1;4202.8;4217.9
2015.02.10 00:00;4218.1;4285.1;4212.3;4279.4
2015.02.11 00:00;4279.6;4323.1;4272.3;4313.1
2015.02.12 00:00;4313.3;4347.2;4287;4344.1
2015.02.13 00:00;4344.1;4383;4341.9;4378.4
2015.02.16 00:00;4375.7;4389.1;4370.3;4375.7
2015.02.17 00:00;4366.4;4388.8;4365.7;4385.6
2015.02.18 00:00;4385.4;4394.4;4374.8;4390
2015.02.19 00:00;4390;4417.8;4376.6;4417.8
2015.02.20 00:00;4417.6;4445.7;4396.9;4439.5
2015.02.23 00:00;4440.3;4449.9;4430.4;4446.9
2015.02.24 00:00;4446.8;4456;4427.7;4451.1
2015.02.25 00:00;4451;4461.5;4430.1;4438.7
2015.02.26 00:00;4438.4;4465.2;4431.7;4463.3
2015.02.27 00:00;4463.1;4463.4;4435.6;4446.5
2015.03.02 00:00;4447.7;4483.7;4446.9;4478.9
2015.03.03 00:00;4478.8;4479.8;4432.7;4458
2015.03.04 00:00;4458.1;4458.3;4419.7;4443.9
2015.03.05 00:00;4443.7;4465.2;4433.1;4450.5
2015.03.06 00:00;4450.6;4460;4389.4;4405.7
2015.03.09 00:00;4412.8;4424.9;4392;4413.8
2015.03.10 00:00;4414;4415.9;4328.7;4334.4
2015.03.11 00:00;4334.3;4347.4;4304.4;4312
2015.03.12 00:00;4311.9;4339.4;4298.8;4333.1
2015.03.13 00:00;4333.3;4347.3;4288.1;4309.4
2015.03.16 00:00;4314.2;4372.1;4298.8;4358.9
2015.03.17 00:00;4358.9;4384.1;4348.2;4377.4
2015.03.18 00:00;4377.3;4440.9;4342.2;4429.2
2015.03.19 00:00;4429.2;4441.2;4418;4427.4
2015.03.20 00:00;4427.1;4478.7;4422.1;4454.3
2015.03.23 00:00;4453.9;4467.5;4442.1;4443.7
2015.03.24 00:00;4443.8;4467.1;4430.1;4435.6
2015.03.25 00:00;4435.7;4444.3;4325.8;4332
2015.03.26 00:00;4331.9;4336.7;4275.7;4318.9
2015.03.27 00:00;4319;4339.3;4303;4329.1
2015.03.30 00:00;4331.2;4387.1;4321.4;4376.2
2015.03.31 00:00;4375.9;4381.2;4326.1;4328.6
2015.04.01 00:00;4328.6;4339.6;4265.7;4319.5
2015.04.02 00:00;4319.5;4326.2;4293.9;4314.4
2015.04.03 00:00;4314.2;4318.8;4267;4268.2
2015.04.06 00:00;4275.4;4359.6;4270.1;4345.2
2015.04.07 00:00;4345;4377.1;4335.2;4339.1
2015.04.08 00:00;4339.1;4382;4332.3;4381.4
2015.04.09 00:00;4381.3;4405.8;4357.7;4403
2015.04.10 00:00;4403.2;4420.7;4390.4;4418.7
2015.04.13 00:00;4421;4446.1;4404;4407.9
2015.04.14 00:00;4408;4419.2;4371.4;4400.8
2015.04.15 00:00;4401.1;4433.4;4393.1;4428.1
2015.04.16 00:00;4427.9;4433.8;4402.5;4418.8
2015.04.17 00:00;4418.7;4422;4328;4352.1
2015.04.20 00:00;4361.4;4420.8;4356.3;4410.6
2015.04.21 00:00;4410.5;4446.7;4407.3;4434.4
2015.04.22 00:00;4434.2;4463.3;4402.4;4441.8
2015.04.23 00:00;4441.8;4500.3;4421.7;4497.5
2015.04.24 00:00;4497.5;4540;4493.1;4533.4
2015.04.27 00:00;4536.3;4559.1;4512.8;4527.1
2015.04.28 00:00;4527.1;4534.6;4475.4;4518.1
2015.04.29 00:00;4518.2;4518.7;4459.6;4477.6
2015.04.30 00:00;4477.6;4481.3;4389.6;4417.8
2015.05.01 00:00;4417.9;4473.9;4413.1;4471.1
2015.05.04 00:00;4474.8;4506.5;4460;4477.4
2015.05.05 00:00;4477.2;4483.2;4402.3;4413.3
2015.05.06 00:00;4413.6;4426.6;4344.2;4375.7
2015.05.07 00:00;4375.7;4412.2;4335.4;4402.9
2015.05.08 00:00;4402.9;4465.4;4402.7;4451.4
2015.05.11 00:00;4454.4;4466.9;4429.2;4431.7
2015.05.12 00:00;4431.6;4440.2;4377;4424
2015.05.13 00:00;4424;4460.2;4419.9;4429.7
2015.05.14 00:00;4429.7;4495.1;4415.1;4492.2
2015.05.15 00:00;4491.9;4509.8;4480.3;4489.8
2015.05.18 00:00;4493.7;4519.7;4472.6;4511
2015.05.19 00:00;4511;4528.3;4498.5;4502.2
2015.05.20 00:00;4502.3;4535.5;4484.1;4504.5
2015.05.21 00:00;4504.2;4538.2;4488.5;4530.9
2015.05.22 00:00;4530.9;4543.9;4523.9;4530.2
2015.05.25 00:00;4529.3;4538.6;4519.3;4526.9
2015.05.26 00:00;4526.7;4529.8;4456.6;4481.7
2015.05.27 00:00;4481.8;4552.2;4474.6;4541.6
2015.05.28 00:00;4541.2;4548.7;4523.2;4545.1
2015.05.29 00:00;4545;4546.6;4498.7;4514.6
2015.06.01 00:00;4514.8;4539.2;4487.3;4525.9
2015.06.02 00:00;4526;4532.6;4481.9;4504.1
2015.06.03 00:00;4504;4541.6;4502.4;4527.9
2015.06.04 00:00;4527.7;4529.4;4474;4496.1
2015.06.05 00:00;4496.1;4507.2;4450.1;4480.4
2015.06.08 00:00;4480.6;4483.3;4422.5;4436.3
2015.06.09 00:00;4436.3;4441.6;4390.4;4432.2
2015.06.10 00:00;4432.1;4498.3;4430.5;4488.6
2015.06.11 00:00;4488.6;4512.2;4479.8;4492
2015.06.12 00:00;4491.7;4493.1;4448;4453.5
2015.06.15 00:00;4432.3;4444.7;4394;4434.5
2015.06.16 00:00;4434.2;4463.9;4402.8;4458.7
2015.06.17 00:00;4458.8;4483.3;4438.8;4459.7
2015.06.18 00:00;4459.5;4542.6;4447.3;4537.5
2015.06.19 00:00;4537.8;4546.5;4505.7;4506.5
2015.06.22 00:00;4518.9;4559.1;4518.8;4543.4
2015.06.23 00:00;4543.5;4555.4;4529.7;4549
2015.06.24 00:00;4549.2;4562;4521.9;4526.9
2015.06.25 00:00;4526.9;4554.4;4506.8;4512.3
2015.06.26 00:00;4512.5;4523.4;4466.1;4485.6
2015.06.29 00:00;4410.1;4457.5;4374.4;4388.6
2015.06.30 00:00;4388.9;4418.1;4378;4400
2015.07.01 00:00;4399.9;4448.1;4395;4429.3
2015.07.02 00:00;4429.3;4447.4;4414.1;4434.4
2015.07.03 00:00;4434.3;4441.8;4417.5;4422.3
2015.07.06 00:00;4360.6;4442.7;4351.1;4432.6
2015.07.07 00:00;4432.6;4453.8;4339.5;4426.6
2015.07.08 00:00;4426.8;4428.7;4341.8;4352
2015.07.09 00:00;4352.3;4413;4337;4345.3
2015.07.10 00:00;4345.4;4431.7;4344.2;4413.1
2015.07.13 00:00;4384.7;4496.8;4383.9;4492.2
2015.07.14 00:00;4492.3;4534.7;4489.9;4525.4
2015.07.15 00:00;4525;4544.7;4514.2;4540.8
2015.07.16 00:00;4540.9;4613.1;4535.9;4610.4
2015.07.17 00:00;4610.7;4658.2;4610.7;4654.5
2015.07.20 00:00;4653.1;4690.6;4652.7;4675.4
2015.07.21 00:00;4675.3;4687.8;4619.1;4625.2
2015.07.22 00:00;4625;4641.3;4593.3;4626.7
2015.07.23 00:00;4626.8;4639.3;4588.6;4636.9
2015.07.24 00:00;4637;4643.2;4548.8;4564.8
2015.07.27 00:00;4566.2;4572;4507.5;4523.7
2015.07.28 00:00;4523.2;4565.3;4500.9;4563.4
2015.07.29 00:00;4563.1;4583.3;4548;4569
2015.07.30 00:00;4569.2;4602.4;4534.6;4598.8
2015.07.31 00:00;4598.6;4612.3;4579.7;4586.6
2015.08.03 00:00;4585.3;4602.4;4543.9;4576.5
2015.08.04 00:00;4576.2;4584.7;4546.9;4558.2
2015.08.05 00:00;4558.4;4632.4;4554.5;4597.9
2015.08.06 00:00;4597.9;4612.1;4505.7;4530.6
2015.08.07 00:00;4530.5;4536.7;4483.6;4522.2
2015.08.10 00:00;4517.8;4582.9;4515.7;4579.5
2015.08.11 00:00;4579.5;4587.5;4488;4516.3
2015.08.12 00:00;4516.2;4538.1;4434.2;4534.8
2015.08.13 00:00;4534.9;4559.6;4511.5;4521.2
2015.08.14 00:00;4521;4535.2;4501.7;4534
2015.08.17 00:00;4535;4569.9;4505.3;4566.2
2015.08.18 00:00;4565.9;4575.6;4536;4544.2
2015.08.19 00:00;4544.4;4554.3;4485.4;4506.5
2015.08.20 00:00;4506.5;4514.8;4361.9;4365.3
2015.08.21 00:00;4365.6;4370;4196.7;4210.3
2015.08.24 00:00;4179.9;4197.4;3905.4;4010.4
2015.08.25 00:00;4010.5;4205.9;3998.8;4018.9
2015.08.26 00:00;4019;4230.4;3959.8;4210.5
2015.08.27 00:00;4210.3;4330.5;4206.5;4327
2015.08.28 00:00;4327.2;4341.7;4282.9;4333.2
2015.08.31 00:00;4326.2;4326.2;4259.5;4267.5
2015.09.01 00:00;4267.5;4268.8;4119;4151.3
2015.09.02 00:00;4151.3;4264.5;4136.1;4262.7
2015.09.03 00:00;4262.6;4305.1;4220.4;4231.8
2015.09.04 00:00;4232.1;4237.6;4155.8;4194.3
2015.09.07 00:00;4181.2;4243.9;4181.1;4207.7
2015.09.08 00:00;4210.8;4305.5;4208.6;4300
2015.09.09 00:00;4300.1;4369.8;4240.3;4254.9
2015.09.10 00:00;4255.1;4327.4;4226.5;4296.5
2015.09.11 00:00;4296.6;4326.6;4259.5;4324.5
2015.09.14 00:00;4327.9;4357.1;4292.2;4308.1
2015.09.15 00:00;4307.9;4374;4290.7;4363.9
2015.09.16 00:00;4364;4391;4345;4388.4
2015.09.17 00:00;4388.5;4451.3;4366.7;4378.5
2015.09.18 00:00;4378.3;4392.4;4309.3;4335.7
2015.09.21 00:00;4333.1;4370.8;4295.9;4352.6
2015.09.22 00:00;4347.8;4354.6;4229.5;4271.5
2015.09.23 00:00;4267.7;4301.8;4230.4;4277.4
2015.09.24 00:00;4274.4;4287.6;4194.3;4256.6
2015.09.25 00:00;4254.9;4324.7;4194.2;4212.9
2015.09.28 00:00;4209.9;4247.5;4087.7;4108.9
2015.09.29 00:00;4104;4152;4048.8;4081.1
2015.09.30 00:00;4080.4;4177.2;4073.5;4161.7
2015.10.01 00:00;4158.4;4233.6;4124.1;4199.9
2015.10.02 00:00;4198.6;4271.4;4119.1;4270.2
2015.10.05 00:00;4264.2;4337.4;4258.2;4318.6
2015.10.06 00:00;4318.2;4329.8;4270.9;4289.2
2015.10.07 00:00;4286.7;4341.2;4275.6;4334.8
2015.10.08 00:00;4333.2;4355.6;4272.4;4349.5
2015.10.09 00:00;4346.1;4376.8;4332;4363.6
2015.10.12 00:00;4358.5;4388.4;4353.4;4385
2015.10.13 00:00;4384.5;4397.6;4344.8;4346.8
2015.10.14 00:00;4339.8;4372;4324;4338.2
2015.10.15 00:00;4341.1;4418.7;4340.3;4418.3
2015.10.16 00:00;4416.7;4445.9;4402.9;4445.6
2015.10.19 00:00;4440.4;4461.8;4417.4;4459.8
2015.10.20 00:00;4457.7;4462.3;4420.6;4429.7
2015.10.21 00:00;4426.2;4462.4;4400.8;4411.2
2015.10.22 00:00;4412.3;4571.5;4407.9;4571.1
2015.10.23 00:00;4568.9;4643.6;4567.9;4617.1
2015.10.26 00:00;4616.1;4635.7;4598.5;4625
2015.10.27 00:00;4623.8;4657.5;4607;4647.1
2015.10.28 00:00;4638.2;4683.8;4606.5;4673.7
2015.10.29 00:00;4668.1;4675.7;4648.2;4670.8
2015.10.30 00:00;4669.5;4695.7;4641.4;4650
2015.11.02 00:00;4645.8;4704.4;4630.2;4693.4
2015.11.03 00:00;4692.6;4732.3;4682;4716.9
2015.11.04 00:00;4714.5;4734.6;4696.2;4713.6
2015.11.05 00:00;4712;4732.2;4678.3;4704.9
2015.11.06 00:00;4701.3;4713.2;4663.4;4707.2
2015.11.09 00:00;4701.3;4717.2;4626.1;4651.1
2015.11.10 00:00;4652.9;4666.4;4616.7;4645.7
2015.11.11 00:00;4644.2;4678.6;4629.3;4635.4
2015.11.12 00:00;4635.3;4656.8;4585.2;4587.3
2015.11.13 00:00;4588.3;4594.3;4489.4;4492.7
2015.11.16 00:00;4475.1;4568.7;4457.5;4565.1
2015.11.17 00:00;4564.1;4601;4555.1;4573.9
2015.11.18 00:00;4573.6;4660.1;4559.5;4654.3
2015.11.19 00:00;4651.6;4680;4649.8;4663
2015.11.20 00:00;4658.2;4694.3;4655.2;4693
2015.11.23 00:00;4693.7;4709.5;4656.4;4676.9
2015.11.24 00:00;4675.3;4687;4622.6;4667.5
2015.11.25 00:00;4668;4686.8;4661.8;4680
2015.11.26 00:00;4681.3;4705.3;4680.5;4695.8
2015.11.27 00:00;4696.2;4700.9;4666.9;4685
2015.11.30 00:00;4685.3;4702.1;4655.1;4681.5
2015.12.01 00:00;4681.6;4718.2;4678.2;4717.1
2015.12.02 00:00;4716.2;4741.1;4680.1;4698.9
2015.12.03 00:00;4699.2;4731.6;4580.3;4617.7
2015.12.04 00:00;4617.4;4724.3;4604.2;4716
2015.12.07 00:00;4720.8;4730.6;4671.5;4701.7
2015.12.08 00:00;4700.3;4709.6;4641.8;4692.9
2015.12.09 00:00;4691.1;4707.9;4594;4624.6
2015.12.10 00:00;4626.1;4674.9;4619.1;4646.7
2015.12.11 00:00;4648.2;4659.7;4528.2;4533.5
2015.12.14 00:00;4530.7;4579.7;4477.4;4571.9
2015.12.15 00:00;4574.5;4639.3;4567;4608.7
2015.12.16 00:00;4607.7;4676;4581.6;4657.5
2015.12.17 00:00;4658.1;4690.2;4570.8;4574.6
2015.12.18 00:00;4574.5;4594.4;4508;4516.1
2015.12.21 00:00;4522.4;4577.2;4517.4;4576.6
2015.12.22 00:00;4575.2;4600.2;4547.3;4595.3
2015.12.23 00:00;4596.2;4626;4588.9;4613.2
2015.12.24 00:00;4613.9;4635.6;4606.3;4616.6
2015.12.28 00:00;4618.1;4624.9;4577;4622.6
2015.12.29 00:00;4622.6;4703.1;4615.8;4695.9
2015.12.30 00:00;4694;4700.4;4648.9;4653.6
2015.12.31 00:00;4653.7;4660;4604.6;4625.6
2016.01.02 00:00;4594.6;4594.6;4594.6;4594.6
2016.01.04 00:00;4592.3;4611.4;4434.4;4511
2016.01.05 00:00;4510.2;4527.8;4462.1;4485.4
2016.01.06 00:00;4487.2;4492.4;4390.4;4454.3
2016.01.07 00:00;4455.2;4463.1;4287.2;4295.8
2016.01.08 00:00;4303;4374.1;4260.1;4268.5
2016.01.11 00:00;4262.6;4308.3;4212.9;4274.3
2016.01.12 00:00;4276.8;4349.9;4240.6;4312.9
2016.01.13 00:00;4312.6;4368.9;4171.1;4181.4
2016.01.14 00:00;4185.4;4304.3;4127.6;4253.6
2016.01.15 00:00;4254;4272.5;4079.1;4149.1
2016.01.18 00:00;4131;4181;4110.8;4136.3
2016.01.19 00:00;4139.5;4219.3;4094.3;4145
2016.01.20 00:00;4143.9;4174.8;3986.8;4130.6
2016.01.21 00:00;4138.1;4195.3;4088.6;4132.8
2016.01.22 00:00;4128.7;4255.9;4121.7;4250.2
2016.01.25 00:00;4252.6;4262.7;4182.4;4192.2
2016.01.26 00:00;4192;4246.9;4136.2;4213.9
2016.01.27 00:00;4196;4221.6;4105;4145.1
2016.01.28 00:00;4159.2;4201.4;4109.6;4149.9
2016.01.29 00:00;4135.5;4273.8;4131.6;4272.7
2016.02.01 00:00;4266.2;4312;4230.9;4289.3
2016.02.02 00:00;4287.2;4288;4173.4;4190.5
2016.02.03 00:00;4188.6;4217.1;4093;4174.5
2016.02.04 00:00;4171.8;4207.9;4115.9;4150.6
2016.02.05 00:00;4148;4175.8;4003.3;4021.4
2016.02.08 00:00;4025.3;4047.4;3884.9;3965.3
2016.02.09 00:00;3959.9;4006;3899.3;3943.9
2016.02.10 00:00;3951.9;4042.9;3924;3964.5
2016.02.11 00:00;3965;3986.9;3864.1;3965.3
2016.02.12 00:00;3967.2;4019.4;3954.7;4016.7
2016.02.15 00:00;4026.8;4092.8;4025.6;4080.5
2016.02.16 00:00;4077.1;4106.2;4048.7;4092.8
2016.02.17 00:00;4091.2;4210.4;4069.7;4210.4
2016.02.18 00:00;4207.1;4228.8;4145.8;4160.6
2016.02.19 00:00;4158.8;4176.2;4121.5;4162.8
2016.02.22 00:00;4152.1;4235.2;4147.6;4209.1
2016.02.23 00:00;4209.4;4217.4;4155.5;4157.8
2016.02.24 00:00;4155.6;4219;4085.6;4219
2016.02.25 00:00;4215;4248.9;4171.5;4245.6
2016.02.26 00:00;4244.1;4293.9;4226.1;4228
2016.02.29 00:00;4227.1;4263.8;4185.2;4200.6
2016.03.01 00:00;4198.2;4339.5;4181.1;4338.2
2016.03.02 00:00;4335.3;4358.1;4299.8;4326.2
2016.03.03 00:00;4326.6;4345.1;4294.2;4324.7
2016.03.04 00:00;4322;4355.5;4298.4;4320.9
2016.03.07 00:00;4319.9;4330.3;4269.2;4302.7
2016.03.08 00:00;4298.5;4308.9;4251.7;4273.4
2016.03.09 00:00;4270.7;4299.1;4257.1;4294.8
2016.03.10 00:00;4295.6;4347.7;4229.8;4290.4
2016.03.11 00:00;4285.7;4361.2;4282.7;4356.4
2016.03.14 00:00;4350.2;4378.6;4340.1;4366
2016.03.15 00:00;4364.5;4371.2;4337.8;4366.3
2016.03.16 00:00;4367.2;4416;4349;4398.5
2016.03.17 00:00;4394.8;4421.4;4368;4406.6
2016.03.18 00:00;4403.6;4418.7;4384.1;4404
2016.03.21 00:00;4400.8;4429.1;4384.9;4424.4
2016.03.22 00:00;4423.8;4448.3;4391.7;4443.7
2016.03.23 00:00;4442.6;4448.9;4391.2;4402.1
2016.03.24 00:00;4400.8;4408.4;4372.8;4408.2
2016.03.28 00:00;4409.6;4433.1;4389;4397.5
2016.03.29 00:00;4397;4471.1;4381.1;4468.9
2016.03.30 00:00;4467;4517.6;4463.9;4489.3
2016.03.31 00:00;4486.7;4502.7;4469.6;4482.7
2016.04.01 00:00;4482.9;4536.5;4448.7;4536
2016.04.04 00:00;4533.2;4550.6;4502.3;4504.9
2016.04.05 00:00;4506;4507.6;4463.1;4482.9
2016.04.06 00:00;4482.3;4544.4;4474.1;4540
2016.04.07 00:00;4540.1;4545.9;4457.4;4474.9
2016.04.08 00:00;4473.5;4516;4458;4475.5
2016.04.11 00:00;4474.4;4515.9;4452.2;4453.5
2016.04.12 00:00;4451.2;4503.6;4432.5;4495.2
2016.04.13 00:00;4494.7;4559.7;4492.4;4554.8
2016.04.14 00:00;4553.8;4569.1;4536.5;4554.7
2016.04.15 00:00;4554.4;4560.3;4528.9;4543.6
2016.04.18 00:00;4523.9;4566.1;4506.6;4551.7
2016.04.19 00:00;4550.3;4589.9;4512.3;4534.6
2016.04.20 00:00;4533.8;4561.3;4514.5;4540.1
2016.04.21 00:00;4537.9;4556.8;4493.4;4504
2016.04.22 00:00;4487.5;4506.6;4436.1;4471.8
2016.04.25 00:00;4482;4484.2;4440.8;4478.5
2016.04.26 00:00;4478.7;4494.5;4411.7;4417.6
2016.04.27 00:00;4409.9;4437.9;4376.6;4437.9
2016.04.28 00:00;4436.9;4446.7;4350.8;4389.2
2016.04.29 00:00;4388.5;4395.8;4301.1;4340.6
2016.05.02 00:00;4339.2;4382.6;4322;4376.5
2016.05.03 00:00;4377.5;4377.5;4323.5;4340.3
2016.05.04 00:00;4341.3;4345.7;4295.7;4313.1
2016.05.05 00:00;4313.8;4346.2;4296.1;4301.5
2016.05.06 00:00;4300.9;4337.5;4274.6;4336.2
2016.05.09 00:00;4332.7;4360;4321.4;4339
2016.05.10 00:00;4338;4401.9;4326.9;4399
2016.05.11 00:00;4398.9;4405.8;4354.1;4355.3
2016.05.12 00:00;4354.6;4384.9;4308.6;4339.7
2016.05.13 00:00;4339.3;4363.3;4306.7;4325.5
2016.05.16 00:00;4319.7;4394.8;4307.8;4376.1
2016.05.17 00:00;4375.9;4396.1;4310.6;4324.5
2016.05.18 00:00;4323.7;4361.4;4303.6;4338.4
2016.05.19 00:00;4341;4343.3;4283.2;4319.6
2016.05.20 00:00;4320.8;4381.2;4316.6;4365.5
2016.05.23 00:00;4370.3;4383.3;4350.3;4354.4
2016.05.24 00:00;4354;4450.4;4343.5;4448.2
2016.05.25 00:00;4447.5;4491;4444.6;4479.6
2016.05.26 00:00;4477.7;4497;4465.4;4496
2016.05.27 00:00;4494.6;4515.1;4491.8;4514.9
2016.05.30 00:00;4517.6;4526;4514.6;4523.9
2016.05.31 00:00;4522.9;4529.7;4498.7;4524.8
2016.06.01 00:00;4521.5;4538.4;4503.9;4522.4
2016.06.02 00:00;4521.5;4533.9;4487.4;4532
2016.06.03 00:00;4531.1;4535.6;4479.7;4509.3
2016.06.06 00:00;4511.5;4537.3;4504.6;4526.8
2016.06.07 00:00;4524.2;4546.3;4511.7;4514
2016.06.08 00:00;4513.3;4530.7;4504.6;4519.1
2016.06.09 00:00;4518.8;4522.9;4494;4513.6
2016.06.10 00:00;4512.8;4513.6;4446.7;4465.2
2016.06.13 00:00;4453.4;4461.5;4419.3;4420
2016.06.14 00:00;4418.8;4440.1;4391.6;4422.3
2016.06.15 00:00;4423.9;4443.5;4403;4409.9
2016.06.16 00:00;4408.9;4427.7;4359.2;4421.6
2016.06.17 00:00;4421.4;4438.9;4360;4368.6
2016.06.20 00:00;4392.8;4443.3;4390.3;4414.4
2016.06.21 00:00;4404.3;4422.3;4394.8;4404.4
2016.06.22 00:00;4402.7;4440.6;4397.8;4401.8
2016.06.23 00:00;4420.1;4482.9;4416.5;4482.7
2016.06.24 00:00;4488.1;4500.4;4239.5;4268.6
2016.06.27 00:00;4259;4274.9;4174.6;4180.7
2016.06.28 00:00;4183;4291;4183;4288.2
2016.06.29 00:00;4287;4383.9;4274.8;4383.3
2016.06.30 00:00;4380.9;4416.6;4345.1;4408
2016.07.01 00:00;4405.1;4452.7;4392.9;4440.9
2016.07.04 00:00;4443.5;4458;4432.8;4446.2
2016.07.05 00:00;4443.8;4444.5;4384.1;4414.3
2016.07.06 00:00;4412.4;4446.1;4372.1;4441.5
2016.07.07 00:00;4440.9;4466.8;4433.1;4458
2016.07.08 00:00;4457.1;4529;4445.5;4522.8
2016.07.11 00:00;4523.3;4569.1;4521.3;4556.7
2016.07.12 00:00;4556.4;4587.6;4552.3;4575.7
2016.07.13 00:00;4574.9;4590.1;4564.5;4565.9
2016.07.14 00:00;4564.5;4613.8;4559.3;4595.4
2016.07.15 00:00;4591.6;4608.8;4547.5;4566.9
2016.07.18 00:00;4586.7;4627.2;4585.2;4613.4
2016.07.19 00:00;4615.2;4616.7;4593.8;4613.6
2016.07.20 00:00;4612.1;4664.8;4603.3;4661.9
2016.07.21 00:00;4659.1;4667.5;4632.4;4645.1
2016.07.22 00:00;4642.8;4670;4634.2;4663
2016.07.25 00:00;4663.3;4674.9;4649.3;4664
2016.07.26 00:00;4663.2;4693.8;4646.5;4692
2016.07.27 00:00;4696;4719.3;4682.4;4719
2016.07.28 00:00;4715.7;4737.4;4695.3;4737
2016.07.29 00:00;4736.9;4742.1;4714.8;4734.9
2016.08.01 00:00;4742.6;4766.1;4726.8;4752.3
2016.08.02 00:00;4754;4765;4687.5;4720.3
2016.08.03 00:00;4718.9;4734.1;4703.8;4732.3
2016.08.04 00:00;4730.4;4751.1;4719.6;4750.4
2016.08.05 00:00;4748.1;4799.9;4747.9;4786.3
2016.08.08 00:00;4784.6;4803.1;4768.4;4782.4
2016.08.09 00:00;4781.9;4809.9;4779.9;4795.4
2016.08.10 00:00;4794.4;4802.6;4769.6;4783.1
2016.08.11 00:00;4783;4813.1;4777.9;4803.1
2016.08.12 00:00;4802.4;4808.6;4789.3;4808.1
2016.08.15 00:00;4809.1;4837.4;4807.2;4826.5
2016.08.16 00:00;4825.6;4826.7;4798.6;4804
2016.08.17 00:00;4802.6;4811.9;4774.2;4810
2016.08.18 00:00;4809.7;4816.4;4794.9;4810.1
2016.08.19 00:00;4810.4;4817.9;4786.4;4809.3
2016.08.22 00:00;4807.7;4819.2;4790.9;4814.5
2016.08.23 00:00;4811.3;4837.9;4809;4820.7
2016.08.24 00:00;4819;4824.5;4771.5;4786
2016.08.25 00:00;4786.4;4794.6;4769;4784
2016.08.26 00:00;4784.1;4817.8;4757.9;4784.4
2016.08.29 00:00;4786.6;4805.9;4774.4;4795.9
2016.08.30 00:00;4795.1;4798.8;4760.4;4778.6
2016.08.31 00:00;4778.8;4779;4751.9;4772.5
2016.09.01 00:00;4774.4;4795.3;4749.9;4776
2016.09.02 00:00;4777.5;4817.9;4774.4;4798.9
2016.09.05 00:00;4799.9;4806;4781.7;4792.1
2016.09.06 00:00;4793.7;4830.9;4788.9;4830.5
2016.09.07 00:00;4829.4;4839.4;4812.4;4828.6
2016.09.08 00:00;4828;4836.7;4789.4;4796.8
2016.09.09 00:00;4793.6;4797.6;4665.1;4668.2
2016.09.12 00:00;4669.7;4771.9;4628.7;4766.3
2016.09.13 00:00;4763.4;4764.2;4699.1;4732.8
2016.09.14 00:00;4732.3;4770.2;4723;4735.1
2016.09.15 00:00;4734.4;4825.9;4718.8;4813.8
2016.09.16 00:00;4812.8;4821.9;4791.1;4817.9
2016.09.19 00:00;4817;4844.1;4785;4798.7
2016.09.20 00:00;4799;4822.9;4792.4;4801.2
2016.09.21 00:00;4802.3;4856.9;4790.7;4853.1
2016.09.22 00:00;4851.6;4894.6;4845.1;4891.1
2016.09.23 00:00;4889.1;4892.3;4850.9;4858.6
2016.09.26 00:00;4854;4862.1;4809.8;4816.6
2016.09.27 00:00;4816.6;4867.1;4803.5;4862.2
2016.09.28 00:00;4860.9;4875.8;4847.3;4871.1
2016.09.29 00:00;4868.8;4878.8;4815.2;4844
2016.09.30 00:00;4839.5;4887.8;4814.4;4865.9
2016.10.03 00:00;4869.7;4881.7;4845.3;4871.1
2016.10.04 00:00;4869.7;4890.3;4838.4;4857.3
2016.10.05 00:00;4858;4890.4;4851.2;4878.9
2016.10.06 00:00;4877.4;4882.8;4847.5;4872.9
2016.10.07 00:00;4872.5;4885.3;4836.5;4861
2016.10.10 00:00;4873.7;4903.4;4864.4;4894.7
2016.10.11 00:00;4894.1;4899.1;4800.1;4827.2
2016.10.12 00:00;4826.1;4842.1;4802.3;4809.7
2016.10.13 00:00;4806.6;4814.6;4756.5;4797.6
2016.10.14 00:00;4798.2;4842.8;4788.1;4804.1
2016.10.17 00:00;4804.8;4812.4;4783;4805.2
2016.10.18 00:00;4806.3;4858.6;4801.7;4828.1
2016.10.19 00:00;4824.3;4842.2;4812.8;4832.1
2016.10.20 00:00;4829.4;4849.1;4800.8;4846.4
2016.10.21 00:00;4846;4850.8;4816.6;4847.1
2016.10.24 00:00;4848.7;4910.5;4844.7;4910.2
2016.10.25 00:00;4907.7;4921.4;4875.6;4880
2016.10.26 00:00;4874.6;4883.6;4841.5;4855.6
2016.10.27 00:00;4856.6;4882.4;4806.3;4825.3
2016.10.28 00:00;4822.2;4845.3;4788.5;4807
2016.10.31 00:00;4797.1;4831.8;4790.5;4805.5
2016.11.01 00:00;4805.9;4818.9;4720.6;4757.4
2016.11.02 00:00;4758.2;4770;4710.2;4722
2016.11.03 00:00;4702.3;4731.2;4670.4;4673.1
2016.11.04 00:00;4674.2;4696.5;4653;4661.8
2016.11.07 00:00;4719.7;4782.7;4716.7;4781.9
2016.11.08 00:00;4778.7;4823.6;4754.2;4803
2016.11.09 00:00;4808.7;4838.7;4558.5;4821.5
2016.11.10 00:00;4817.9;4880.7;4680.5;4740.7
2016.11.11 00:00;4741.6;4758.8;4682.9;4743.1
2016.11.14 00:00;4754.5;4785.4;4673.9;4695.2
2016.11.15 00:00;4694.9;4780;4688.9;4766.7
2016.11.16 00:00;4765.7;4795.4;4737;4783.6
2016.11.17 00:00;4783;4831.3;4778.9;4831
2016.11.18 00:00;4830;4840.7;4803.3;4810.3
2016.11.21 00:00;4809.6;4862.3;4803.8;4858.2
2016.11.22 00:00;4857.9;4885.1;4857.3;4878.7
2016.11.23 00:00;4877.8;4882.8;4830.7;4851
2016.11.24 00:00;4850.4;4862.8;4839.7;4862.4
2016.11.25 00:00;4860.3;4870.1;4852.4;4869.5
2016.11.28 00:00;4863.3;4879.3;4842.3;4858.5
2016.11.29 00:00;4860;4897.3;4847.3;4873.9
2016.11.30 00:00;4872.8;4885.3;4812.3;4818.5
2016.12.01 00:00;4819.2;4827;4722.4;4734.9
2016.12.02 00:00;4735.3;4758.6;4706.9;4733.5
2016.12.05 00:00;4714.1;4795.3;4701.2;4782.1
2016.12.06 00:00;4780.5;4796.1;4767.5;4789.3
2016.12.07 00:00;4788.4;4854.6;4763.3;4844.3
2016.12.08 00:00;4843.9;4868.8;4835.7;4862.2
2016.12.09 00:00;4861.3;4896.8;4852.3;4894
2016.12.12 00:00;4894.4;4916.4;4852.1;4866.6
2016.12.13 00:00;4865.4;4962.7;4860.8;4941.3
2016.12.14 00:00;4940;4958.4;4911.6;4933.1
2016.12.15 00:00;4929.4;4962.7;4919.2;4939.9
2016.12.16 00:00;4938.5;4952.6;4905.3;4916.1
2016.12.19 00:00;4916.1;4967.1;4913.3;4941.7
2016.12.20 00:00;4939.6;4964.4;4939.6;4957.7
2016.12.21 00:00;4956.8;4960.9;4940.3;4947.5
2016.12.22 00:00;4947.8;4954;4918.2;4935.1
2016.12.23 00:00;4934.8;4943.9;4923.9;4943.9
2016.12.27 00:00;4941.5;4995.2;4941.2;4960.9
2016.12.28 00:00;4961.1;4980.3;4921.4;4924
2016.12.29 00:00;4925.8;4934.4;4902.3;4920.8
2016.12.30 00:00;4921.5;4941.1;4849.9;4864.9
2017.01.03 00:00;4879.5;4926.9;4877.8;4905.6
2017.01.04 00:00;4906.5;4942;4902.6;4933
2017.01.05 00:00;4933;4963.7;4919.9;4962.5
2017.01.06 00:00;4961.3;5017.1;4952.3;5004.7
2017.01.09 00:00;5003.4;5029.3;5002.1;5020.4
2017.01.10 00:00;5021.9;5046.6;5007;5032.9
2017.01.11 00:00;5031.3;5047.9;5007.1;5047.2
2017.01.12 00:00;5043.5;5044;4989.9;5037.2
2017.01.13 00:00;5035.8;5062.8;5035.7;5060.3
2017.01.16 00:00;5055.3;5056.4;5043.7;5049.8
2017.01.17 00:00;5049.8;5053;5024.8;5040.3
2017.01.18 00:00;5038.9;5056.9;5033.8;5054.1
2017.01.19 00:00;5052.9;5074.3;5036;5054.8
2017.01.20 00:00;5054;5082.3;5044.5;5060.3
2017.01.23 00:00;5057.5;5069.2;5029.9;5063.9
2017.01.24 00:00;5062.4;5104.3;5059.7;5101.4
2017.01.25 00:00;5102.3;5150.1;5100.3;5150.1
2017.01.26 00:00;5148.8;5169;5142.3;5146.7
2017.01.27 00:00;5144.8;5168.2;5139.9;5165.8
2017.01.30 00:00;5147.3;5154.9;5095.3;5125.5
2017.01.31 00:00;5123.9;5134.5;5084;5133.6
2017.02.01 00:00;5133.5;5158.8;5123.5;5150.3
2017.02.02 00:00;5147.7;5158.3;5120.3;5130.6
2017.02.03 00:00;5128.5;5163;5120.5;5158.1
2017.02.06 00:00;5160.1;5164.1;5140.9;5159.6
2017.02.07 00:00;5157.9;5192.3;5155;5176
2017.02.08 00:00;5174.9;5197.1;5164;5190.5
2017.02.09 00:00;5191.2;5219.4;5186.7;5212.1
2017.02.10 00:00;5211.9;5232.8;5210;5227.7
2017.02.13 00:00;5229.5;5262;5227.1;5261.1
2017.02.14 00:00;5259.8;5278.3;5240;5274.8
2017.02.15 00:00;5274.3;5313.7;5265.6;5313
2017.02.16 00:00;5312.6;5316.8;5288.4;5300.9
2017.02.17 00:00;5298.8;5328.5;5286.9;5328.1
2017.02.20 00:00;5323.3;5345.5;5320.6;5340.7
2017.02.21 00:00;5337.8;5353.3;5331.2;5344.4
2017.02.22 00:00;5344.3;5354.9;5335.9;5353.1
2017.02.23 00:00;5351.8;5360.8;5310.5;5331
2017.02.24 00:00;5328.7;5344.1;5298.8;5342.5
2017.02.27 00:00;5341.3;5352;5323;5343.3
2017.02.28 00:00;5344.3;5349.6;5316.8;5335.4
2017.03.01 00:00;5334.3;5399.5;5331.5;5385.8
2017.03.02 00:00;5383.9;5393.5;5355.8;5361.4
2017.03.03 00:00;5357.3;5373.1;5343.9;5372.4
2017.03.06 00:00;5368.6;5368.6;5338.8;5353.8
2017.03.07 00:00;5354.5;5373.9;5341;5350.1
2017.03.08 00:00;5347.9;5376.7;5333.5;5362.9
2017.03.09 00:00;5361.1;5371.6;5335;5369.9
2017.03.10 00:00;5366.8;5394.7;5362.4;5382.1
2017.03.13 00:00;5380.8;5396.1;5371.2;5395.5
2017.03.14 00:00;5394.4;5396.3;5359.4;5380.4
2017.03.15 00:00;5380.7;5427;5375.7;5412.5
2017.03.16 00:00;5411.2;5435;5397.6;5411.5
2017.03.17 00:00;5410.7;5420.4;5402;5404.3
2017.03.20 00:00;5401.7;5423.2;5391.3;5412.4
2017.03.21 00:00;5410.8;5436.4;5325.6;5330.9
2017.03.22 00:00;5330.8;5371.6;5310.6;5360.6
2017.03.23 00:00;5360.8;5373.8;5342.8;5351.8
2017.03.24 00:00;5352.6;5390.4;5342.8;5368.3
2017.03.27 00:00;5355;5381.1;5312.8;5378.2
2017.03.28 00:00;5378.4;5420.1;5359.1;5403.7
2017.03.29 00:00;5403.2;5432.8;5400.5;5431.7
2017.03.30 00:00;5431.2;5446.3;5422.2;5436.1
2017.03.31 00:00;5436.2;5448.2;5416.6;5431.4
2017.04.03 00:00;5431.5;5450.5;5398.9;5427.2
2017.04.04 00:00;5428.5;5451.5;5402.3;5451.2
2017.04.05 00:00;5450.5;5484.9;5412.7;5416.5
2017.04.06 00:00;5417.8;5435.8;5393.3;5424.2
2017.04.07 00:00;5424.8;5434.6;5381.4;5419.2
2017.04.10 00:00;5418.4;5442.3;5404.5;5425.1
2017.04.11 00:00;5425.4;5427.8;5356.8;5402.8
2017.04.12 00:00;5401.6;5411.6;5368;5368.7
2017.04.13 00:00;5370.3;5398.1;5346.3;5355.9
2017.04.17 00:00;5352.9;5398.1;5346.5;5396.2
2017.04.18 00:00;5396.3;5404.1;5374.3;5390.1
2017.04.19 00:00;5390.4;5429.3;5387.5;5393
2017.04.20 00:00;5395.3;5453.5;5393.4;5442.5
2017.04.21 00:00;5442.8;5453.3;5426.3;5435.2
2017.04.24 00:00;5493.6;5511.3;5478.9;5501.5
2017.04.25 00:00;5499.7;5555.8;5497.8;5546.3
2017.04.26 00:00;5544.4;5560.8;5533.8;5533.9
2017.04.27 00:00;5533.7;5597.4;5533;5585.8
2017.04.28 00:00;5583.8;5596.3;5570.3;5579.8
2017.05.01 00:00;5580;5636.1;5572.3;5630.9
2017.05.02 00:00;5627.7;5640.3;5621.3;5622.2
2017.05.03 00:00;5616.9;5629.6;5604.8;5607.9
2017.05.04 00:00;5606.8;5633.8;5603.5;5627.4
2017.05.05 00:00;5626.4;5649;5612;5648.8
2017.05.08 00:00;5657.1;5660;5634.3;5655
2017.05.09 00:00;5653.8;5687.3;5650.3;5680.3
2017.05.10 00:00;5677.9;5679.3;5657.8;5674.9
2017.05.11 00:00;5674;5675.4;5635.9;5670.3
2017.05.12 00:00;5670.3;5689.1;5656.3;5688.8
2017.05.15 00:00;5690.1;5706.3;5682.3;5704.9
2017.05.16 00:00;5704;5727.1;5695.9;5723.8
2017.05.17 00:00;5722.2;5722.5;5574.3;5575
2017.05.18 00:00;5575.3;5648.1;5550.3;5633
2017.05.19 00:00;5631.8;5676.2;5621.8;5654.5
2017.05.22 00:00;5652.9;5703.7;5648.4;5703.4
2017.05.23 00:00;5700.6;5718;5688.3;5710.1
2017.05.24 00:00;5709.2;5734.1;5704.8;5732.8
2017.05.25 00:00;5731.8;5795.2;5731;5783.5
2017.05.26 00:00;5781.7;5795.6;5772.3;5795
2017.05.29 00:00;5794.1;5802.6;5791.8;5794.9
2017.05.30 00:00;5794.9;5802.5;5778;5793.9
2017.05.31 00:00;5791.8;5818.9;5763.3;5803.9
2017.06.01 00:00;5803.3;5823.3;5780.2;5822.7
2017.06.02 00:00;5823.6;5886.2;5821.8;5885.1
2017.06.05 00:00;5879.4;5890.8;5872.3;5881.2
2017.06.06 00:00;5879.7;5892.6;5848.4;5862.6
2017.06.07 00:00;5861.9;5884.3;5845.5;5879.2
2017.06.08 00:00;5877.8;5897.5;5853;5891.3
2017.06.09 00:00;5872;5898.3;5659.9;5736.5
2017.06.12 00:00;5738.4;5741.6;5634.5;5714
2017.06.13 00:00;5712;5760.1;5706.5;5753.6
2017.06.14 00:00;5753.5;5779.9;5678.8;5721.4
2017.06.15 00:00;5720.8;5723.9;5633.6;5703.1
2017.06.16 00:00;5700.9;5719.6;5653.1;5683.6
2017.06.19 00:00;5684.6;5774.8;5675.6;5762.1
2017.06.20 00:00;5759.1;5776.1;5721.1;5724.1
2017.06.21 00:00;5720.3;5788.6;5691.1;5788.1
2017.06.22 00:00;5785.1;5806.4;5763.1;5777.4
2017.06.23 00:00;5777.8;5807.6;5755.3;5797.8
2017.06.26 00:00;5796.6;5844.1;5760.3;5770.9
2017.06.27 00:00;5770.6;5776.1;5661.1;5665.3
2017.06.28 00:00;5665.1;5759.6;5624.3;5759.4
2017.06.29 00:00;5757.6;5767.8;5593.3;5642.1
2017.06.30 00:00;5641.1;5678.8;5615.8;5648.9
2017.07.01 00:00;5645.9;5647.6;5645.8;5645.9
2017.07.03 00:00;5652.9;5682.8;5574.1;5581.9
2017.07.04 00:00;5583.1;5611.1;5553.1;5572
2017.07.05 00:00;5565.1;5660.1;5559.8;5644.6
2017.07.06 00:00;5643.6;5644.4;5572.8;5589.8
2017.07.07 00:00;5592.4;5669.8;5584.3;5649.1
2017.07.10 00:00;5654.9;5704.6;5643.3;5686.3
2017.07.11 00:00;5684.6;5715.6;5660.6;5713.3
2017.07.12 00:00;5711.8;5782.6;5706.1;5781.6
2017.07.13 00:00;5780.6;5805.1;5770.6;5792.4
2017.07.14 00:00;5792.3;5840.8;5781.1;5840.1
2017.07.17 00:00;5838.8;5856.8;5824.6;5852.3
2017.07.18 00:00;5851.1;5891.8;5813.6;5890.3
2017.07.19 00:00;5888.8;5918.1;5882.3;5912.6
2017.07.20 00:00;5912.1;5931.6;5890.3;5924
2017.07.21 00:00;5924.2;5924.2;5883.7;5915.2
2017.07.24 00:00;5913.5;5947.6;5897.9;5919.6
2017.07.25 00:00;5916.7;5939.1;5908.9;5925.7
2017.07.26 00:00;5925.4;5950.7;5919.9;5946.9
2017.07.27 00:00;5957.9;5988.9;5837.9;5897.9
2017.07.28 00:00;5900.4;5911.4;5843.1;5906.6
2017.07.31 00:00;5901.9;5926.7;5863.9;5877.1
2017.08.01 00:00;5876.9;5924.6;5869.1;5923.9
2017.08.02 00:00;5927.9;5940.9;5849.9;5907.6
2017.08.03 00:00;5905.9;5917.9;5871.4;5882.6
2017.08.04 00:00;5883.4;5905.9;5868.1;5890.9
2017.08.07 00:00;5894.4;5931.6;5891.7;5930.7
2017.08.08 00:00;5928.4;5966.9;5901.6;5908.7
2017.08.09 00:00;5903.9;5918.9;5856.4;5917.9
2017.08.10 00:00;5916.7;5916.9;5762.3;5767.8
2017.08.11 00:00;5761.8;5840.5;5755.8;5832.5
2017.08.14 00:00;5837.8;5912.8;5837.8;5910.8
2017.08.15 00:00;5909;5940.3;5892.4;5910.2
2017.08.16 00:00;5911.9;5946.7;5899.2;5916.7
2017.08.17 00:00;5915.4;5921.2;5784.9;5790.2
2017.08.18 00:00;5792.2;5833.4;5770.9;5796
2017.08.21 00:00;5808.7;5814.9;5750.8;5794
2017.08.22 00:00;5793.8;5880.5;5792.8;5878.3
2017.08.23 00:00;5876;5882.5;5839.9;5841.7
2017.08.24 00:00;5842.2;5872.6;5801.9;5844.4
2017.08.25 00:00;5844.7;5872.4;5815.1;5823.4
2017.08.28 00:00;5806.9;5854.6;5799.9;5845.2
2017.08.29 00:00;5807.9;5874.4;5775.9;5869.6
2017.08.30 00:00;5868.2;5942.9;5861.6;5934.1
2017.08.31 00:00;5932.9;5996.7;5931.6;5994.9
2017.09.01 00:00;5993.4;6018.7;5972.4;5986.2
2017.09.04 00:00;5957.1;5981.1;5945.4;5976.7
2017.09.05 00:00;5974.6;5983.9;5888.7;5941.8
2017.09.06 00:00;5940.3;5964.7;5908.3;5951.7
2017.09.07 00:00;5947.3;5980.8;5931.5;5969.5
2017.09.08 00:00;5968.8;5971.3;5907;5917.3
2017.09.11 00:00;5939;5991;5938.3;5984.5
2017.09.12 00:00;5982;6003.5;5967;6000.3
2017.09.13 00:00;5999.8;6004.4;5976.1;6002.9
2017.09.14 00:00;6001.4;6001.4;5961.3;5963.7
2017.09.15 00:00;5963.2;6008.1;5936.5;5990.3
2017.09.18 00:00;5991.3;6010.6;5959.8;5981.1
2017.09.19 00:00;5982.8;5996.9;5967.5;5986.1
2017.09.20 00:00;5983.7;5992.9;5923.1;5970
2017.09.21 00:00;5967.5;5972.7;5911.6;5937.3
2017.09.22 00:00;5935.9;5937.8;5903.7;5928.2
2017.09.25 00:00;5923.5;5946.6;5834.6;5871.2
2017.09.26 00:00;5871.4;5905;5854.6;5881.8
2017.09.27 00:00;5882.7;5955.4;5878.9;5930.2
2017.09.28 00:00;5928.1;5940.9;5903.8;5933
2017.09.29 00:00;5930.2;5978.4;5926.1;5973.1
2017.10.02 00:00;5975.6;6002.6;5951.3;5978.6
2017.10.03 00:00;5978.3;5997.6;5971.7;5991.3
2017.10.04 00:00;5991.7;6008.4;5972.6;5997.9
2017.10.05 00:00;5996.8;6061.4;5993.8;6056.5
2017.10.06 00:00;6055;6064.8;6031.1;6059.2
2017.10.09 00:00;6056.4;6077.4;6048.3;6055.9
2017.10.10 00:00;6056.6;6081.9;6032.7;6059.1
2017.10.11 00:00;6058.1;6079.6;6046.8;6076.2
2017.10.12 00:00;6076.2;6090.2;6059.8;6068.1
2017.10.13 00:00;6065.8;6097.4;6062.1;6093.4
2017.10.16 00:00;6095;6114.9;6091.4;6114.2
2017.10.17 00:00;6112.3;6118.9;6098.6;6116.1
2017.10.18 00:00;6115.7;6126.1;6101.8;6113
2017.10.19 00:00;6113.7;6115.4;6044.6;6091.7
2017.10.20 00:00;6089.9;6123.1;6084.1;6102.8
2017.10.23 00:00;6104.2;6118.5;6054.2;6058.2
2017.10.24 00:00;6058;6085.9;6050.3;6066.9
2017.10.25 00:00;6067.3;6080.9;6004.6;6058.8
2017.10.26 00:00;6057.9;6089.6;6028.7;6083.1
2017.10.27 00:00;6084.8;6219.5;6072.3;6208.3
2017.10.30 00:00;6200.9;6245.2;6196.1;6215.1
2017.10.31 00:00;6215.7;6252.6;6213.3;6245.5
2017.11.01 00:00;6243.9;6278.3;6217.6;6229.9
2017.11.02 00:00;6222.5;6256.4;6186.7;6253.6
2017.11.03 00:00;6244.5;6290.6;6229.8;6282.8
2017.11.06 00:00;6279.1;6311.4;6262.1;6307.1
2017.11.07 00:00;6304.9;6325.3;6290.3;6309.1
2017.11.08 00:00;6302.4;6340.1;6295.3;6335.3
2017.11.09 00:00;6334.9;6345.8;6239.3;6307.7
2017.11.10 00:00;6306.8;6315.3;6275.7;6301.8
2017.11.13 00:00;6308;6320.8;6277;6307.9
2017.11.14 00:00;6306.8;6314;6259.1;6290.6
2017.11.15 00:00;6290.6;6291.1;6227.1;6260.9
2017.11.16 00:00;6261.5;6356.1;6257.5;6344.3
2017.11.17 00:00;6340.3;6349.4;6306.4;6308
2017.11.20 00:00;6310;6326.9;6289.3;6315
2017.11.21 00:00;6312.6;6383.2;6309;6377
2017.11.22 00:00;6377.1;6392.9;6373.1;6385.6
2017.11.23 00:00;6385.2;6395.7;6373.6;6382.9
2017.11.24 00:00;6382.7;6413.7;6377.6;6410.7
2017.11.27 00:00;6411.4;6422.3;6392.7;6411.9
2017.11.28 00:00;6409.8;6427.7;6387.3;6421.9
2017.11.29 00:00;6421;6426.8;6281.5;6303.3
2017.11.30 00:00;6306;6375.6;6287.4;6353.2
2017.12.01 00:00;6351.2;6367.3;6244.5;6342.6
2017.12.04 00:00;6385.2;6389.2;6249;6259.6
2017.12.05 00:00;6258.7;6338;6230.2;6266.6
2017.12.06 00:00;6268.7;6305.7;6230.7;6299
2017.12.07 00:00;6296.8;6334.5;6287.4;6322.9
2017.12.08 00:00;6321.9;6378;6319.6;6342.1
2017.12.11 00:00;6344.5;6409.1;6340.6;6404.6
2017.12.12 00:00;6403.2;6407.4;6371.6;6384.8
2017.12.13 00:00;6384.8;6419.1;6364.7;6399.9
2017.12.14 00:00;6400;6425.1;6383.8;6384.1
2017.12.15 00:00;6387.6;6484.2;6382.3;6481.3
2017.12.18 00:00;6480.2;6523.4;6480;6516.5
2017.12.19 00:00;6516.8;6527;6461.2;6485.1
2017.12.20 00:00;6484.5;6510.3;6444.8;6466.4
2017.12.21 00:00;6468;6502.1;6457.6;6471.2
2017.12.22 00:00;6471.2;6482.9;6449.1;6465.1
2017.12.26 00:00;6466.8;6473.4;6413.8;6442.1
2017.12.27 00:00;6443.1;6456.9;6423.6;6434.7
2017.12.28 00:00;6433.6;6458.9;6423.8;6425.9
2017.12.29 00:00;6426.2;6449.1;6364.9;6366.8
2018.01.02 00:00;6387.3;6504.6;6379.1;6497.1
2018.01.03 00:00;6493.8;6574.5;6493.1;6565.8
2018.01.04 00:00;6568.1;6600.7;6563.7;6589.7
2018.01.05 00:00;6590.4;6652.5;6583.3;6649.5
2018.01.08 00:00;6650;6674;6636.8;6672.5
2018.01.09 00:00;6671.6;6690.6;6650.7;6663.3
2018.01.10 00:00;6661.9;6670.1;6611.9;6659.6
2018.01.11 00:00;6657.6;6712.6;6647.2;6708.4
2018.01.12 00:00;6706.9;6761.4;6687.8;6755.9
2018.01.15 00:00;6765.8;6782.3;6757.1;6765
2018.01.16 00:00;6763.7;6830.3;6713.9;6746.8
2018.01.17 00:00;6746.1;6819.1;6728.8;6804.3
2018.01.18 00:00;6804.3;6822.8;6780.7;6800.5
2018.01.19 00:00;6800.4;6841.2;6785.6;6833.7
2018.01.22 00:00;6813.4;6925.3;6808.1;6917.6
2018.01.23 00:00;6915.1;6965.9;6904;6943.4
2018.01.24 00:00;6939.7;6988.6;6873.2;6919.2
2018.01.25 00:00;6914.5;6971.4;6886.8;6922.3
2018.01.26 00:00;6922.7;7018.2;6918.2;7014.6
2018.01.29 00:00;7014.4;7031.1;6964.7;6978.8
2018.01.30 00:00;6979.6;6990.4;6887.5;6924.2
2018.01.31 00:00;6926.2;6976.6;6906.7;6916.1
2018.02.01 00:00;6964.4;6972.8;6870.3;6923.3
2018.02.02 00:00;6938.6;6948.1;6737.1;6737.8
2018.02.05 00:00;6743.4;6799.3;6372.5;6439.2
2018.02.06 00:00;6452.9;6663.2;6244.9;6622.6
2018.02.07 00:00;6635.7;6705.6;6518.6;6535.2
2018.02.08 00:00;6534.2;6605.3;6288.7;6315.8
2018.02.09 00:00;6315.9;6444.2;6152.8;6413.8
2018.02.12 00:00;6422.6;6558.6;6402.1;6517.6
2018.02.13 00:00;6517.4;6561.9;6461.1;6550.6
2018.02.14 00:00;6550.4;6683.9;6445.5;6672.2
2018.02.15 00:00;6672.4;6820.9;6664.1;6812.5
2018.02.16 00:00;6810.9;6853;6758.8;6777.7
2018.02.19 00:00;6783.2;6815.2;6755.1;6776.9
2018.02.20 00:00;6780.7;6840.4;6719.3;6788.7
2018.02.21 00:00;6785.2;6882.4;6737.5;6747.9
2018.02.22 00:00;6750.1;6828.7;6691.3;6792.5
2018.02.23 00:00;6790.3;6909.9;6779.2;6898.9
2018.02.26 00:00;6920;7004;6886.5;7000.5
2018.02.27 00:00;7000.3;7005.7;6900.2;6908.9
2018.02.28 00:00;6911;6968.6;6855.4;6878.5
2018.03.01 00:00;6878.7;6896.8;6687.5;6762.8
2018.03.02 00:00;6764.3;6822.3;6644.8;6806.6
2018.03.05 00:00;6791.8;6903.4;6740.5;6878.4
2018.03.06 00:00;6878.9;6938.3;6870.8;6907.4
2018.03.07 00:00;6848.2;6935.9;6796.5;6919.2
2018.03.08 00:00;6921.5;6975.4;6911.9;6971.2
2018.03.09 00:00;6966.4;7102.3;6961;7095.4
2018.03.12 00:00;7090.1;7158.3;7090.1;7133.4
2018.03.13 00:00;7133.1;7187.8;7025;7045
2018.03.14 00:00;7031.8;7096.4;7011.4;7032.4
2018.03.15 00:00;7035.4;7074.9;7001.2;7049.4
2018.03.16 00:00;7047.4;7059.4;7007.8;7018.6
2018.03.19 00:00;7014.1;7015.9;6795.8;6888.8
2018.03.20 00:00;6883.4;6901.8;6837.8;6891.4
2018.03.21 00:00;6888.7;6925.6;6816.8;6857.2
2018.03.22 00:00;6858.7;6889.9;6660.9;6669.4
2018.03.23 00:00;6664.9;6696.9;6494.1;6523.2
2018.03.26 00:00;6516.2;6755.6;6499.8;6752.9
2018.03.27 00:00;6751.4;6825.1;6466.6;6525.4
2018.03.28 00:00;6526.7;6557.9;6397.6;6464.7
2018.03.29 00:00;6465.1;6630;6420.6;6545.5
2018.04.02 00:00;6535.7;6563.6;6303.4;6389.3
2018.04.03 00:00;6384.4;6473.1;6328.1;6447
2018.04.04 00:00;6442.6;6569.3;6282.6;6558.8
2018.04.05 00:00;6562.9;6631.2;6539;6585.7
2018.04.06 00:00;6583.4;6590.1;6388.3;6435.1
2018.04.09 00:00;6449.6;6597.8;6439;6472.2
2018.04.10 00:00;6469.1;6631.4;6450.6;6603.6
2018.04.11 00:00;6604.9;6643.1;6529.7;6573.7
2018.04.12 00:00;6575.1;6673.6;6568.8;6655
2018.04.13 00:00;6645.7;6692.6;6586;6621
2018.04.16 00:00;6669.5;6700.3;6619.1;6685.3
2018.04.17 00:00;6683.6;6824.4;6677.3;6805.2
2018.04.18 00:00;6797.4;6846.9;6776.6;6825.7
2018.04.19 00:00;6833.6;6845.2;6735;6757.3
2018.04.20 00:00;6757.4;6768.9;6625.9;6654.8
2018.04.23 00:00;6687.7;6707.6;6596.6;6641.1
2018.04.24 00:00;6640.4;6696.6;6447.1;6506.3
2018.04.25 00:00;6504.4;6555.1;6409.1;6550.6
2018.04.26 00:00;6569.9;6727.7;6538.3;6721.9
2018.04.27 00:00;6723.2;6751;6602.6;6649.6
2018.04.30 00:00;6647.3;6697.6;6575.3;6582.6
2018.05.01 00:00;6588.9;6718.7;6558.6;6694.9
2018.05.02 00:00;6694.6;6708.2;6605.1;6608.3
2018.05.03 00:00;6609.7;6650.6;6518.6;6647.1
2018.05.04 00:00;6647.7;6769.1;6591.3;6758.1
2018.05.07 00:00;6756.7;6831.9;6752.2;6798.3
2018.05.08 00:00;6798.2;6817.9;6752.8;6803.2
2018.05.09 00:00;6802.9;6883.6;6791.1;6879.1
2018.05.10 00:00;6880.1;6954.9;6870.6;6936.1
2018.05.11 00:00;6932.9;6962.4;6913.2;6941.5
2018.05.14 00:00;6951.6;6998.3;6939.4;6952
2018.05.15 00:00;6953.6;6960.6;6841.2;6877.2
2018.05.16 00:00;6879.4;6942.9;6861.3;6923.6
2018.05.17 00:00;6924.9;6953.1;6866.3;6896.3
2018.05.18 00:00;6894.2;6926.3;6855.4;6866.3
2018.05.21 00:00;6924;6950.1;6874.6;6907.7
2018.05.22 00:00;6906.4;6948.1;6883.5;6900.3
2018.05.23 00:00;6898.2;6955.1;6822.3;6950.3
2018.05.24 00:00;6950.4;6967.3;6879.6;6950.7
2018.05.25 00:00;6951.2;6998;6939.3;6962.2
2018.05.28 00:00;6985.9;7003.4;6966.2;6989.8
2018.05.29 00:00;6985.4;6990.8;6887.6;6944.3
2018.05.30 00:00;6945.2;6992.9;6914.8;6980.5
2018.05.31 00:00;6971.6;7022.3;6957;6977.5
2018.06.01 00:00;6979;7089.2;6975;7083.2
2018.06.04 00:00;7074;7150.1;7069.4;7146.9
2018.06.05 00:00;7147.3;7185.2;7135.2;7182.6
2018.06.06 00:00;7179.5;7220.2;7140.9;7216.5
2018.06.07 00:00;7214.4;7232.1;7115.6;7160
2018.06.08 00:00;7157.7;7162.6;7075.8;7147.9
2018.06.11 00:00;7126.5;7188.6;7126.3;7163.8
2018.06.12 00:00;7163.4;7216.5;7154.3;7215.4
2018.06.13 00:00;7214.2;7262.9;7192.1;7205.2
2018.06.14 00:00;7204.2;7294.6;7177.1;7284.6
2018.06.15 00:00;7276.9;7291.3;7218.8;7250.8
2018.06.18 00:00;7249;7262.1;7182.6;7247.7
2018.06.19 00:00;7248.4;7251.4;7131.7;7228.8
2018.06.20 00:00;7227.6;7309.9;7199.7;7287.2
2018.06.21 00:00;7289.7;7330.9;7201.1;7202.8
2018.06.22 00:00;7200.7;7248.1;7173.2;7192.9
2018.06.25 00:00;7194.6;7196.6;6970.3;7042.4
2018.06.26 00:00;7042.2;7104.6;7014.3;7063.8
2018.06.27 00:00;7071.9;7126.4;6962.2;6971.8
2018.06.28 00:00;6968.9;7051.7;6929.9;7033.3
2018.06.29 00:00;7032.6;7099;7020.1;7042.2
2018.07.02 00:00;7049.6;7095.1;6963.1;7091.9
2018.07.03 00:00;7086.9;7139.8;6999.2;6999.7
2018.07.04 00:00;6994.4;7028.7;6991.1;7019.1
2018.07.05 00:00;7019.2;7103.6;6993.1;7101.7
2018.07.06 00:00;7094.7;7216.3;7077.1;7208.7
2018.07.09 00:00;7215.4;7281.3;7211.1;7280.5
2018.07.10 00:00;7276.9;7313.1;7237.3;7249.2
2018.07.11 00:00;7239.4;7268.6;7182.4;7234.5
2018.07.12 00:00;7234.4;7365.6;7227.3;7361.2
2018.07.13 00:00;7360.4;7391.9;7345.8;7374.1
2018.07.16 00:00;7384.7;7391.4;7293.8;7298.6
2018.07.17 00:00;7298.4;7414.6;7270.6;7402
2018.07.18 00:00;7402.9;7415.6;7360.3;7377.1
2018.07.19 00:00;7377.9;7394.1;7332.8;7345.9
2018.07.20 00:00;7358.4;7392.4;7328.8;7343.6
2018.07.23 00:00;7351.4;7410.6;7290.3;7399.8
2018.07.24 00:00;7396.1;7468.6;7365.3;7387.7
2018.07.25 00:00;7388.2;7507.6;7375.1;7459.7
2018.07.26 00:00;7382.9;7428;7338;7402.8
2018.07.27 00:00;7409.4;7445.6;7243.1;7279.2
2018.07.30 00:00;7273.2;7288.6;7146.6;7186.4
2018.07.31 00:00;7189.9;7276.7;7168.8;7272.6
2018.08.01 00:00;7272.1;7283.6;7220.8;7264.6
2018.08.02 00:00;7265.2;7373.2;7193.1;7371.6
2018.08.03 00:00;7370.4;7393.9;7342.1;7384.8
2018.08.06 00:00;7390.7;7428.6;7367.3;7423.7
2018.08.07 00:00;7420.2;7468.4;7419.1;7460.1
2018.08.08 00:00;7457.2;7478.4;7425.3;7444.7
2018.08.09 00:00;7444.9;7488.1;7440.6;7452.8
2018.08.10 00:00;7453.6;7454.4;7373.3;7414.4
2018.08.13 00:00;7395.7;7466.6;7360.7;7404.9
2018.08.14 00:00;7406.6;7453.1;7385.8;7449.5
2018.08.15 00:00;7449.4;7452.7;7307.4;7370.9
2018.08.16 00:00;7368.1;7426.4;7353.3;7373.8
2018.08.17 00:00;7373.4;7399.1;7314.1;7381.7
2018.08.20 00:00;7381.4;7412.4;7347.2;7377.3
2018.08.21 00:00;7375.3;7448.2;7364;7372.7
2018.08.22 00:00;7366.5;7440.7;7347;7428.3
2018.08.23 00:00;7429.2;7471.2;7407.7;7419.2
2018.08.24 00:00;7422.7;7495.7;7418.2;7491.5
2018.08.27 00:00;7496;7564.5;7494.3;7563
2018.08.28 00:00;7567;7593.5;7560.7;7577
2018.08.29 00:00;7577.3;7671.1;7576.9;7668.1
2018.08.30 00:00;7669.8;7694.8;7623.9;7640.8
2018.08.31 00:00;7637.6;7680;7631;7670
2018.09.03 00:00;7669.8;7684.5;7655.4;7679.8
2018.09.04 00:00;7678;7690.2;7584.5;7640.8
2018.09.05 00:00;7637.6;7640.5;7501.5;7533.8
2018.09.06 00:00;7530.3;7542;7406.1;7453.6
2018.09.07 00:00;7452.6;7493.7;7391.6;7432.2
2018.09.10 00:00;7431.2;7482.1;7413.3;7459
2018.09.11 00:00;7459.9;7524;7403.8;7512.9
2018.09.12 00:00;7514.7;7539.5;7424.2;7481.4
2018.09.13 00:00;7479.9;7582.4;7469.1;7564.4
2018.09.14 00:00;7562.4;7597.6;7515.1;7543.2
2018.09.17 00:00;7532.4;7546;7429.2;7434.1
2018.09.18 00:00;7431.1;7534.7;7392.5;7499.6
2018.09.19 00:00;7498.9;7518.7;7443.5;7500.1
2018.09.20 00:00;7501.6;7588.6;7485.8;7586.6
2018.09.21 00:00;7573.9;7609.3;7519.7;7519.7
2018.09.24 00:00;7510.4;7565.9;7446.6;7563.7
2018.09.25 00:00;7563.4;7575.3;7523.3;7570.2
2018.09.26 00:00;7569.7;7640.6;7549.3;7561.9
2018.09.27 00:00;7563.4;7659.1;7558.2;7636.2
2018.09.28 00:00;7636.4;7649.3;7589.1;7639.7
2018.10.01 00:00;7647.1;7701.4;7624.7;7644.7
2018.10.02 00:00;7645.6;7685.5;7602.3;7629.2
2018.10.03 00:00;7625.4;7677.3;7613.6;7622.2
2018.10.04 00:00;7621;7621.6;7430.3;7496.8
2018.10.05 00:00;7493.6;7512.7;7320.8;7411.2
2018.10.08 00:00;7420.4;7425.3;7260.3;7364.7
2018.10.09 00:00;7363.1;7431.1;7310.1;7370
2018.10.10 00:00;7370.4;7386.9;6975;6978.8
2018.10.11 00:00;6987.1;7113.2;6883.7;7026.7
2018.10.12 00:00;7017.4;7174.1;7009.1;7159.1
2018.10.15 00:00;7151.2;7151.2;7037.1;7047.9
2018.10.16 00:00;7046.4;7331.3;7039.8;7316.1
2018.10.17 00:00;7315.9;7344.4;7198.2;7290.1
2018.10.18 00:00;7283.4;7285.1;7071.3;7130.8
2018.10.19 00:00;7129.9;7220.8;7069.5;7080.5
2018.10.22 00:00;7046.2;7187.1;7033.1;7133.8
2018.10.23 00:00;7132.2;7140.4;6920.7;7113.3
2018.10.24 00:00;7112.1;7150.2;6762.4;6850.4
2018.10.25 00:00;6854.4;7052.2;6792.8;6864.2
2018.10.26 00:00;6853.7;6963.1;6710.3;6844.4
2018.10.29 00:00;6870;6967.6;6557.3;6697.8
2018.10.30 00:00;6692.1;6825;6637.7;6818.2
2018.10.31 00:00;6832.1;7016.9;6792.8;6934.7
2018.11.01 00:00;6935.2;7056.6;6914.4;6997.1
2018.11.02 00:00;6955.9;7120.3;6888.9;6953
2018.11.05 00:00;6948.8;6975.4;6842.7;6925.6
2018.11.06 00:00;6924.6;7012.3;6883.8;6993.1
2018.11.07 00:00;6988.1;7203.6;6948.6;7198.7
2018.11.08 00:00;7192.9;7209.9;7112;7135.5
2018.11.09 00:00;7125.7;7145.2;6970.8;7010.1
2018.11.12 00:00;7008.4;7084.6;6810.7;6825.2
2018.11.13 00:00;6828.9;6946.2;6785;6841.6
2018.11.14 00:00;6846.1;6916.1;6732.9;6767.2
2018.11.15 00:00;6764.8;6909.4;6700.9;6871.8
2018.11.16 00:00;6857.9;6904.6;6794.1;6887.6
2018.11.19 00:00;6862.3;6925.2;6624.2;6665.1
2018.11.20 00:00;6657.4;6660.7;6441.3;6516.4
2018.11.21 00:00;6518.4;6639.4;6499.8;6568.3
2018.11.22 00:00;6572.1;6588.8;6498.9;6513.9
2018.11.23 00:00;6517.9;6593.6;6486.6;6523.1
2018.11.26 00:00;6525.9;6688.3;6522.1;6633.1
2018.11.27 00:00;6632.3;6715.7;6606.1;6711.6
2018.11.28 00:00;6719.2;6915.3;6701.2;6908.4
2018.11.29 00:00;6898.2;6936.8;6836.3;6899.2
2018.11.30 00:00;6897;6960;6864.2;6958.5
2018.12.03 00:00;7047.4;7131.7;7009.4;7050.3
2018.12.04 00:00;7043;7047.9;6776.1;6794.4
2018.12.05 00:00;6789.9;6854.6;6784.5;6842.8
2018.12.06 00:00;6827.7;6849.1;6624.4;6837.2
2018.12.07 00:00;6835.8;6851.1;6591.8;6627.1
2018.12.10 00:00;6596.6;6712.5;6533.3;6691.8
2018.12.11 00:00;6691.4;6806.1;6649;6680
2018.12.12 00:00;6684;6870.1;6683.4;6757.9
2018.12.13 00:00;6771;6836.6;6721.4;6744.2
2018.12.14 00:00;6745.2;6758.2;6582;6582.2
2018.12.17 00:00;6575.2;6634.1;6400.8;6469.8
2018.12.18 00:00;6468;6555.3;6435.3;6442.3
2018.12.19 00:00;6442.3;6589.3;6280.6;6326.2
2018.12.20 00:00;6332.6;6385.3;6161.3;6302.1
2018.12.21 00:00;6299.7;6316.9;6009.8;6059.4
2018.12.24 00:00;6013.2;6102.2;5868.3;5870.4
2018.12.26 00:00;5888.3;6287.8;5799.4;6255.6
2018.12.27 00:00;6264.2;6311.7;6033.5;6288.8
2018.12.28 00:00;6293.3;6382.3;6223.3;6274.5
2018.12.31 00:00;6307.8;6356.2;6262.7;6331
2019.01.02 00:00;6323.9;6389.3;6132.8;6245.9
2019.01.03 00:00;6210.8;6284.9;6129.4;6150.9
2019.01.04 00:00;6146.8;6444.8;6116.7;6413.7
2019.01.07 00:00;6427.7;6518.3;6385;6485.9
2019.01.08 00:00;6487.6;6568.8;6449.9;6536.6
2019.01.09 00:00;6529.5;6627.5;6529;6584.2
2019.01.10 00:00;6577.6;6623.3;6510.2;6609.6
2019.01.11 00:00;6604.6;6614.3;6554.8;6596.9
2019.01.14 00:00;6582.2;6582.2;6504.5;6530.2
2019.01.15 00:00;6525.7;6671.1;6524.3;6661.1
2019.01.16 00:00;6656.7;6718.8;6645.9;6653.7
2019.01.17 00:00;6651.7;6742.5;6594.1;6713.2
2019.01.18 00:00;6704.9;6810.4;6694.2;6787.9
2019.01.21 00:00;6773.8;6775.1;6724.1;6745.4
2019.01.22 00:00;6744;6759.8;6594.3;6637.2
2019.01.23 00:00;6632.1;6706.5;6575;6653.2
2019.01.24 00:00;6647.3;6701;6635;6667
2019.01.25 00:00;6666.5;6792.9;6658.8;6777.6
2019.01.28 00:00;6766.2;6772.8;6631.1;6680.7
2019.01.29 00:00;6676.4;6702.9;6599.5;6663.6
2019.01.30 00:00;6678.1;6828.1;6639.6;6823.3
2019.01.31 00:00;6830.6;6926.6;6822.3;6915.3
2019.02.01 00:00;6888.3;6911;6844.3;6861.6
2019.02.04 00:00;6843.3;6964.1;6841.1;6924.6
2019.02.05 00:00;6918.6;7017.4;6911.3;6996.7
2019.02.06 00:00;6994.4;7022.4;6957.1;6974.3
2019.02.07 00:00;6970.9;6978.9;6843.1;6890.7
2019.02.08 00:00;6884.3;6913.1;6828.8;6911.2
2019.02.11 00:00;6919.3;6956.3;6883.2;6899.8
2019.02.12 00:00;6896.2;7017.1;6891.1;7009.1
2019.02.13 00:00;7004.6;7058.4;7000.1;7008.7
2019.02.14 00:00;7005.8;7045.4;6960.8;7008.8
2019.02.15 00:00;7003.7;7084.9;6964.3;7054.7
2019.02.18 00:00;7067.5;7073.8;7045.7;7071.7
2019.02.19 00:00;7063.7;7085.7;7025.8;7058.7
2019.02.20 00:00;7055.5;7097.8;7025.1;7064.2
2019.02.21 00:00;7062.7;7105.6;6998.8;7030.4
2019.02.22 00:00;7021.6;7096.2;7012.3;7094.6
2019.02.25 00:00;7109.3;7163.5;7096.5;7115.2
2019.02.26 00:00;7114.8;7146.3;7067.7;7105.5
2019.02.27 00:00;7100.2;7127;7043.3;7118.6
2019.02.28 00:00;7114.2;7126.2;7067.1;7105.5
2019.03.01 00:00;7100.2;7160.4;7093.2;7153.8
2019.03.04 00:00;7176.6;7207.2;7070.4;7139.7
2019.03.05 00:00;7137.5;7177.7;7120.2;7153.9
2019.03.06 00:00;7146.5;7166.2;7102.6;7105.5
2019.03.07 00:00;7101.4;7118.4;7000.1;7024.3
2019.03.08 00:00;7020.3;7030.2;6935.2;7027
2019.03.11 00:00;7009.8;7175.6;6994.4;7172.2
2019.03.12 00:00;7168.9;7223.7;7159.8;7211.9
2019.03.13 00:00;7209.7;7297.7;7184.1;7271.8
2019.03.14 00:00;7273.2;7291.5;7238.6;7243.9
2019.03.15 00:00;7245.3;7335.6;7242.8;7319.3
2019.03.18 00:00;7314.3;7355.1;7297.5;7337.6
2019.03.19 00:00;7339;7397;7326.8;7353.5
2019.03.20 00:00;7351.8;7434.2;7326.6;7376.2
2019.03.21 00:00;7378.6;7516.6;7343.9;7505.9
2019.03.22 00:00;7501.9;7520.6;7329.8;7334.3
2019.03.25 00:00;7355.2;7366.4;7266.1;7337.7
2019.03.26 00:00;7333.8;7424.1;7317.1;7359.6
2019.03.27 00:00;7356.7;7381.4;7252.8;7301.7
2019.03.28 00:00;7298.7;7349.2;7265.6;7330.1
2019.03.29 00:00;7329.8;7391.3;7326.2;7388.1
2019.04.01 00:00;7409.5;7484.1;7409.1;7474.8
2019.04.02 00:00;7470.5;7510;7460.6;7493.8
2019.04.03 00:00;7493.1;7594.9;7490.1;7559.1
2019.04.04 00:00;7560.3;7576.5;7500.9;7541.1
2019.04.05 00:00;7539.9;7592.2;7533.9;7591.3
2019.04.08 00:00;7589.9;7609.6;7542;7605.2
2019.04.09 00:00;7606.6;7613.3;7559.5;7570.8
2019.04.10 00:00;7570.6;7625.6;7555.7;7624.3
2019.04.11 00:00;7622.7;7640.7;7582.3;7598.9
2019.04.12 00:00;7595.1;7644.8;7591;7633.4
2019.04.15 00:00;7633.4;7639.8;7579.7;7630
2019.04.16 00:00;7632;7674.9;7628.8;7656.7
2019.04.17 00:00;7656.1;7714.4;7648.6;7666.3
2019.04.18 00:00;7670.4;7702.7;7640.2;7695.4
2019.04.22 00:00;7690.9;7725.7;7649.7;7720.2
2019.04.23 00:00;7716.5;7823.3;7704.5;7813.1
2019.04.24 00:00;7812.5;7832.6;7782.6;7820.2
2019.04.25 00:00;7835.1;7859.4;7772.8;7774.8
2019.04.26 00:00;7775.8;7825.3;7736.3;7817.1
2019.04.29 00:00;7818.9;7849.4;7786.7;7788.3
2019.04.30 00:00;7784.8;7837.9;7721.8;7832.6
2019.05.01 00:00;7829;7849;7717.3;7719.2
2019.05.02 00:00;7718.9;7787.6;7665.2;7719
2019.05.03 00:00;7717.7;7854.3;7716.9;7854.2
2019.05.06 00:00;7769.9;7800.1;7649.3;7782.4
2019.05.07 00:00;7730.2;7785.9;7564.1;7651.3
2019.05.08 00:00;7650.8;7679.9;7582.3;7622.6
2019.05.09 00:00;7621.3;7626.4;7465.9;7577.7
2019.05.10 00:00;7572.7;7638.3;7422.6;7596.9
2019.05.13 00:00;7514.6;7537;7293.1;7301.2
2019.05.14 00:00;7303.6;7449.4;7277.9;7414.6
2019.05.15 00:00;7415;7529.3;7342.7;7517.3
2019.05.16 00:00;7513.9;7633.1;7463.4;7594.7
2019.05.17 00:00;7588.6;7612.1;7499.3;7504.6
2019.05.20 00:00;7510.2;7552.2;7355.3;7399.7
2019.05.21 00:00;7403.2;7480.1;7395.1;7457.2
2019.05.22 00:00;7455.8;7469.1;7385.6;7421.3
2019.05.23 00:00;7423.3;7428.6;7263.6;7308.9
2019.05.24 00:00;7312.9;7375.1;7296.1;7307
2019.05.27 00:00;7312.2;7333;7287.7;7313.4
2019.05.28 00:00;7308.7;7366.9;7276;7286.7
2019.05.29 00:00;7283;7290.8;7178.7;7210.6
2019.05.30 00:00;7209.1;7266.6;7203.5;7249.5
2019.05.31 00:00;7246.1;7251.4;7126.6;7134.5
2019.06.03 00:00;7102.9;7130.7;6939.2;7004.4
2019.06.04 00:00;7007.9;7183.5;6979;7182.4
2019.06.05 00:00;7186.4;7242.4;7148.2;7229.9
2019.06.06 00:00;7201;7298;7178.4;7259.4
2019.06.07 00:00;7260.7;7452.1;7255.9;7426.6
2019.06.10 00:00;7471.7;7578.1;7430.3;7517.8
2019.06.11 00:00;7518.3;7600.4;7492.6;7519.3
2019.06.12 00:00;7515;7529.8;7460.8;7475.4
2019.06.13 00:00;7475.6;7535.6;7419.8;7509.8
2019.06.14 00:00;7495.6;7519.8;7450.6;7482.7
2019.06.17 00:00;7480.8;7550.2;7479.7;7538
2019.06.18 00:00;7540.3;7694.4;7513.6;7647.9
2019.06.19 00:00;7644.2;7683.9;7602;7667.4
2019.06.20 00:00;7664.5;7791.9;7663.7;7734.6
2019.06.21 00:00;7733.1;7774.9;7697.1;7717.2
2019.06.24 00:00;7713.9;7765.2;7713.3;7728.1
2019.06.25 00:00;7727.9;7751.5;7582.9;7605.6
2019.06.26 00:00;7605.4;7691.6;7588.3;7615.1
2019.06.27 00:00;7617.4;7686;7615.2;7656.6
2019.06.28 00:00;7659.6;7698.9;7636.9;7696
2019.07.01 00:00;7779.9;7823.6;7732.8;7765.3
2019.07.02 00:00;7765.4;7815.9;7736.1;7814.3
2019.07.03 00:00;7812;7867.4;7797.6;7861.7
2019.07.04 00:00;7873.9;7883.4;7855.2;7877.4
2019.07.05 00:00;7875.7;7885.2;7774.1;7830.8
2019.07.08 00:00;7833.7;7838.9;7754.3;7777.5
2019.07.09 00:00;7774.7;7835.1;7719.1;7823.3
2019.07.10 00:00;7821.2;7926.1;7787.4;7901.1
2019.07.11 00:00;7901.6;7938.9;7871.1;7894.3
2019.07.12 00:00;7891.3;7943.5;7887.8;7933.4
2019.07.15 00:00;7933.8;7968.8;7917.2;7960.7
2019.07.16 00:00;7958.5;7977.3;7900.8;7915.2
2019.07.17 00:00;7917.2;7942.4;7844.1;7845.9
2019.07.18 00:00;7845.4;7930.4;7809.1;7925.7
2019.07.19 00:00;7928.9;7956.7;7791.1;7795.4
2019.07.22 00:00;7804.9;7912.9;7802.3;7902.7
2019.07.23 00:00;7905.6;7961.6;7884.8;7917.2
2019.07.24 00:00;7920.2;8028.2;7901.4;7978.9
2019.07.25 00:00;7980.9;8011.2;7893.9;7957.8
2019.07.26 00:00;7972.7;8018.3;7964.7;7992.4
2019.07.29 00:00;7998;8008.4;7929.3;7982.1
2019.07.30 00:00;7979.8;7996.9;7905.3;7963.8
2019.07.31 00:00;7970.7;7978.3;7760.1;7819.1
2019.08.01 00:00;7808.1;7992.1;7754.6;7769.7
2019.08.02 00:00;7776.3;7782.9;7627.8;7684.8
2019.08.05 00:00;7664.1;7682.6;7337.8;7347.2
2019.08.06 00:00;7323.9;7528.6;7202.2;7497.2
2019.08.07 00:00;7496.8;7557.1;7367.2;7530.7
2019.08.08 00:00;7526.5;7717.9;7504.9;7709.2
2019.08.09 00:00;7679.7;7703.3;7579.4;7650.5
2019.08.12 00:00;7646.7;7692.1;7520.6;7556.8
2019.08.13 00:00;7555.6;7775.1;7498.9;7736.2
2019.08.14 00:00;7731.3;7752.3;7464.4;7464.4
2019.08.15 00:00;7458.8;7557.3;7375.2;7497.4
2019.08.16 00:00;7496.8;7624.1;7491.5;7601.7
2019.08.19 00:00;7624.3;7742.1;7616.3;7712.5
2019.08.20 00:00;7709.7;7743.1;7647.3;7651.2
2019.08.21 00:00;7644.6;7758.4;7644.1;7749.1
2019.08.22 00:00;7746.4;7773.9;7647.2;7699.2
2019.08.23 00:00;7699.9;7754.5;7441;7483
2019.08.26 00:00;7403.2;7618.2;7344.9;7581.3
2019.08.27 00:00;7583.7;7641.6;7530.3;7558
2019.08.28 00:00;7554.5;7598.9;7497.3;7572.1
2019.08.29 00:00;7574.7;7723.4;7541.1;7698.4
2019.08.30 00:00;7688.6;7762.8;7640.8;7669.7
2019.09.02 00:00;7592.4;7689.2;7575.8;7608.4
2019.09.03 00:00;7603.9;7671.3;7582.2;7612.1
2019.09.04 00:00;7604.1;7724.6;7602.3;7717.1
2019.09.05 00:00;7716.1;7882.1;7711.4;7846.7
2019.09.06 00:00;7849.4;7889.7;7835.9;7861.4
2019.09.09 00:00;7860.3;7883.5;7796;7830.9
2019.09.10 00:00;7831.9;7854.3;7741.9;7815.1
2019.09.11 00:00;7815.4;7901.5;7783.4;7889.7
2019.09.12 00:00;7890.2;7979.8;7883.9;7907.2
2019.09.13 00:00;7920;7955.1;7881.5;7886.8
2019.09.16 00:00;7843.4;7872.5;7775.3;7862.1
2019.09.17 00:00;7866.6;7896.4;7827;7891.9
2019.09.18 00:00;7889.9;7902.5;7789.2;7899.2
2019.09.19 00:00;7900.1;7949.4;7827.1;7893.6
2019.09.20 00:00;7890.9;7927.2;7786.7;7807
2019.09.23 00:00;7844.6;7872.3;7784.3;7843.7
2019.09.24 00:00;7845.9;7878.3;7678.3;7714.1
2019.09.25 00:00;7711.5;7820.6;7640.3;7798.9
2019.09.26 00:00;7797.3;7818.6;7711.4;7761.3
2019.09.27 00:00;7762;7797.8;7617.5;7692.7
2019.09.30 00:00;7727.3;7764.6;7681.8;7761.7
2019.10.01 00:00;7758.8;7819.4;7668.7;7686.1
2019.10.02 00:00;7685.1;7707;7504.3;7533.9
2019.10.03 00:00;7534.9;7639.2;7454.2;7638.3
2019.10.04 00:00;7632.3;7754.1;7603;7747.2
2019.10.07 00:00;7677.5;7780.4;7677.5;7719.6
2019.10.08 00:00;7715.4;7764.4;7593.7;7603.3
2019.10.09 00:00;7605.7;7712.4;7584.8;7684.3
2019.10.10 00:00;7683.6;7778.4;7563.2;7769.1
2019.10.11 00:00;7769;7899.1;7747.1;7839
2019.10.14 00:00;7832.1;7874.4;7787.1;7838.8
2019.10.15 00:00;7841.8;7952.6;7840.3;7939.7
2019.10.16 00:00;7936.1;7940.2;7888.2;7930.8
2019.10.17 00:00;7933.6;7974.6;7902.9;7933.6
2019.10.18 00:00;7932.6;7938.7;7816.5;7863.2
2019.10.21 00:00;7851.9;7931.9;7847.8;7928.5
2019.10.22 00:00;7929.4;7969.3;7817.2;7822.6
2019.10.23 00:00;7827;7897.7;7790.3;7894.7
2019.10.24 00:00;7904.4;7963.9;7893.1;7905
2019.10.25 00:00;7905.8;8022.1;7898.3;8017.7
2019.10.28 00:00;8031.4;8107.4;8029.8;8089.1
2019.10.29 00:00;8088.7;8098.7;8030.8;8035.3
2019.10.30 00:00;8040.1;8121.9;8002.5;8097.5
2019.10.31 00:00;8113.7;8119.7;8027.9;8073.3
2019.11.01 00:00;8074;8148.7;8065.5;8144.2
2019.11.04 00:00;8151.1;8215.4;8146;8199.1
2019.11.05 00:00;8201.4;8228.9;8175;8193
2019.11.06 00:00;8190.9;8209.1;8142.8;8194.6
2019.11.07 00:00;8196.6;8265.3;8171;8214.3
2019.11.08 00:00;8216.9;8249.1;8175.9;8246.6
2019.11.11 00:00;8243.4;8244.6;8192.3;8240.3
2019.11.12 00:00;8242.1;8287.8;8215.5;8258
2019.11.13 00:00;8259.2;8271.2;8207.1;8258.7
2019.11.14 00:00;8257.6;8274.3;8207.6;8259.4
2019.11.15 00:00;8253.5;8315.1;8251.7;8314.9
2019.11.18 00:00;8307.9;8358.6;8272.6;8327.5
2019.11.19 00:00;8324.4;8371.4;8305.7;8327.3
2019.11.20 00:00;8323.2;8341.6;8224.6;8282.2
2019.11.21 00:00;8237.4;8300.4;8233.1;8271.3
2019.11.22 00:00;8270.1;8306.8;8227.6;8275.6
2019.11.25 00:00;8297.8;8372.5;8290.1;8369.6
2019.11.26 00:00;8368.1;8414.1;8359.8;8396.7
2019.11.27 00:00;8395.7;8452.4;8391.1;8450.2
2019.11.28 00:00;8451.2;8451.2;8407.9;8438.8
2019.11.29 00:00;8437.2;8444.7;8402;8416.4
2019.12.02 00:00;8425.2;8451.9;8272.2;8305
2019.12.03 00:00;8308.1;8332;8163.7;8249.7
2019.12.04 00:00;8250;8315;8215.5;8291.8
2019.12.05 00:00;8292.8;8334.8;8269;8306.3
2019.12.06 00:00;8305.1;8406.5;8302.7;8400
2019.12.09 00:00;8401.7;8425.3;8344.5;8347.5
2019.12.10 00:00;8352.5;8396.1;8294.8;8365.3
2019.12.11 00:00;8362.7;8409.3;8343.2;8406
2019.12.12 00:00;8404.8;8495.1;8379.2;8468
2019.12.13 00:00;8485.1;8520.9;8433.9;8492.1
2019.12.16 00:00;8505.8;8587.4;8502.5;8576.7
2019.12.17 00:00;8573.9;8595.9;8562.9;8572.9
2019.12.18 00:00;8579.2;8622.3;8576.2;8605.2
2019.12.19 00:00;8605.8;8662.8;8589;8661.5
2019.12.20 00:00;8658.6;8703.3;8644.6;8689.1
2019.12.23 00:00;8690.4;8723.1;8687.4;8708.9
2019.12.24 00:00;8710.3;8715.8;8688.1;8710.1
2019.12.26 00:00;8712.2;8785.4;8709.4;8782.2
2019.12.27 00:00;8781;8823.8;8750.7;8759.5
2019.12.30 00:00;8770.3;8791.6;8674.1;8713.8
2019.12.31 00:00;8712.7;8754.7;8676.4;8754.7
2020.01.02 00:00;8757.1;8883.4;8752.1;8883.4
2020.01.03 00:00;8881.2;8889.7;8717.9;8790.7
2020.01.06 00:00;8742.7;8857.1;8707.8;8837.6
2020.01.07 00:00;8835.7;8878.4;8809.7;8828.4
2020.01.08 00:00;8822.8;8956.8;8662.8;8933.5
2020.01.09 00:00;8932.7;9008;8918.2;8993.7
2020.01.10 00:00;8996.3;9040.3;8952.5;8962.3
2020.01.13 00:00;8971.7;9082.2;8970.5;9077.5
2020.01.14 00:00;9077.9;9101.7;9022.9;9050.7
2020.01.15 00:00;9049.8;9083.6;9011.4;9048.1
2020.01.16 00:00;9052.1;9128.1;9051.4;9126.1
2020.01.17 00:00;9125.5;9178.3;9119.3;9160
2020.01.20 00:00;9162.6;9177.4;9150.6;9165.2
2020.01.21 00:00;9168.6;9190.4;9106;9163.8
2020.01.22 00:00;9172.5;9245.3;9166;9180.3
2020.01.23 00:00;9178.8;9245.4;9143.9;9244.4
2020.01.24 00:00;9243.1;9280.1;9102.6;9130.6
2020.01.27 00:00;9049.5;9062.5;8920.3;8955.5
2020.01.28 00:00;8948.4;9131.3;8948.4;9116
2020.01.29 00:00;9119.4;9154.2;9068.1;9099.8
2020.01.30 00:00;9103.8;9234.8;8998.4;9231.3
2020.01.31 00:00;9218.6;9243.6;8960.6;9008.8
2020.02.03 00:00;8993.7;9152.5;8985.7;9102.4
2020.02.04 00:00;9090.6;9366.1;9070.4;9356.4
2020.02.05 00:00;9349.2;9459.4;9315.2;9385.7
2020.02.06 00:00;9390.1;9458.6;9358.2;9457.9
2020.02.07 00:00;9459.4;9462.9;9378.3;9393.3
2020.02.10 00:00;9392.4;9525.8;9325;9521
2020.02.11 00:00;9517.3;9604.1;9496.1;9527.3
2020.02.12 00:00;9529.1;9623.1;9519.1;9618.9
2020.02.13 00:00;9614.7;9639;9505.7;9619
2020.02.14 00:00;9618;9654.2;9584;9629.2
2020.02.17 00:00;9633.6;9683.1;9633.3;9663.8
2020.02.18 00:00;9599.2;9650.7;9530.2;9637.6
2020.02.19 00:00;9633.8;9741.4;9633.8;9725.7
2020.02.20 00:00;9733.3;9755.1;9510.7;9613.1
2020.02.21 00:00;9608.8;9617.1;9405.8;9448.7
2020.02.24 00:00;9350.3;9358.4;9037.3;9097.2
2020.02.25 00:00;9066.5;9219.7;8807.1;8868.7
2020.02.26 00:00;8872.3;9034.5;8706.6;8815.8
2020.02.27 00:00;8818.8;8874.4;8336.9;8337.4
2020.02.28 00:00;8335.9;8570.7;8126.5;8541.4
2020.03.02 00:00;8325.9;8882.1;8223.7;8815.8
2020.03.03 00:00;8830.8;9001.2;8511.7;8559.8
2020.03.04 00:00;8561.4;8949.5;8507.6;8887.3
2020.03.05 00:00;8886.5;8898.3;8610.5;8672.1
2020.03.06 00:00;8671.2;8724.4;8311.2;8503.2
2020.03.09 00:00;8302.8;8311.1;7823.3;7920.9
2020.03.10 00:00;7890.5;8379.6;7815.6;8352.9
2020.03.11 00:00;8322.9;8332.4;7894.5;8010
2020.03.12 00:00;8005.1;8105.7;7131.3;7159.8
2020.03.13 00:00;7115.5;7974.9;6942.8;7824.9
2020.03.16 00:00;7875;7875;6927.2;7075.7
2020.03.17 00:00;7034;7550.1;6949.6;7365.7
2020.03.18 00:00;7329.2;7381.2;6813.7;7242.9
2020.03.19 00:00;7230.1;7504.5;6876.6;7185.1
2020.03.20 00:00;7178.8;7629;6890.4;6926.4
2020.03.23 00:00;6697.9;7314.6;6627.2;6977.9
2020.03.24 00:00;7034.6;7572.6;7028.6;7554.4
2020.03.25 00:00;7539.5;7759.9;7372.4;7478.3
2020.03.26 00:00;7485.4;7892.5;7309.2;7857.7
2020.03.27 00:00;7872.5;7887.7;7548.1;7551
2020.03.30 00:00;7412;7880.3;7388.9;7849.9
2020.03.31 00:00;7843.3;7989.7;7742.4;7775.1
2020.04.01 00:00;7758.6;7766.2;7399.7;7460.3
2020.04.02 00:00;7461.1;7650.7;7370.8;7617.6
2020.04.03 00:00;7614.2;7655.5;7419.7;7517.5
2020.04.06 00:00;7590.5;8095.5;7590.1;8029.4
2020.04.07 00:00;8021.7;8298.6;7943.4;7993.7
2020.04.08 00:00;7993.4;8238.8;7949.4;8192.9
2020.04.09 00:00;8181.4;8323.1;8099.2;8232.7
2020.04.13 00:00;8291.8;8333.2;8073.3;8332.6
2020.04.14 00:00;8337.1;8701.7;8317.5;8699.8
2020.04.15 00:00;8701.2;8702;8486.3;8572.4
2020.04.16 00:00;8582.4;8842.3;8500.8;8834.8
2020.04.17 00:00;8910;8966.3;8690.7;8810.8
2020.04.20 00:00;8775.6;8847.4;8689.2;8714.9
2020.04.21 00:00;8707;8764.4;8345.1;8428.7
2020.04.22 00:00;8451.5;8702.3;8404;8638.4
2020.04.23 00:00;8645.3;8790.6;8585.3;8609.4
2020.04.24 00:00;8573.8;8784.8;8502.8;8770.4
2020.04.27 00:00;8814.4;8902.9;8736.3;8825.9
2020.04.28 00:00;8823.1;8952.4;8662.2;8707.1
2020.04.29 00:00;8766.4;9125.1;8741.9;9123.9
2020.04.30 00:00;9107.4;9153.2;8865.3;8877.2
2020.05.01 00:00;8842.3;8888.8;8682.7;8715.1
2020.05.04 00:00;8618.1;8838.1;8567.6;8819.6
2020.05.05 00:00;8816.9;9031;8809.6;8941.1
2020.05.06 00:00;8929.9;9066.7;8887.6;8962.2
2020.05.07 00:00;8965.1;9136;8940.3;9128.1
2020.05.08 00:00;9118.3;9244.3;9110.8;9227.6
2020.05.11 00:00;9195.2;9346.6;9125.9;9288.9
2020.05.12 00:00;9292.7;9352.8;9047.8;9050.7
2020.05.13 00:00;9040.9;9210.7;8886.7;9018.9
2020.05.14 00:00;9030.1;9111.7;8855.2;9093.3
2020.05.15 00:00;9085.1;9155.5;8931.9;9123.3
2020.05.18 00:00;9125.2;9368.6;9117.4;9326.1
2020.05.19 00:00;9319.4;9423.2;9290.8;9303.9
2020.05.20 00:00;9288.4;9500.4;9276.4;9498.4
2020.05.21 00:00;9496.8;9514.2;9357.2;9361.3
2020.05.22 00:00;9356.9;9425.2;9245.3;9424.4
2020.05.25 00:00;9410.4;9540.3;9400.1;9533
2020.05.26 00:00;9530.7;9606.9;9377.3;9412.9
2020.05.27 00:00;9410.7;9511.2;9177.2;9444.1
2020.05.28 00:00;9428.7;9568.8;9323.2;9463.7
2020.05.29 00:00;9458.9;9592.9;9375.6;9589.5
2020.06.01 00:00;9508.9;9608.9;9453.4;9598.9
2020.06.02 00:00;9596.6;9672.4;9508.8;9661.6
2020.06.03 00:00;9659.8;9730.4;9638;9690.3
