2020.01.24 01:00;55.646;55.786;55.589;55.626
2020.01.24 02:00;55.619;55.656;55.434;55.599
2020.01.24 03:00;55.589;55.671;55.494;55.552
2020.01.24 04:00;55.549;55.592;55.519;55.562
2020.01.24 05:00;55.559;55.646;55.559;55.612
2020.01.24 06:00;55.604;55.929;55.599;55.812
2020.01.24 07:00;55.809;55.842;55.709;55.752
2020.01.24 08:00;55.744;55.852;55.699;55.834
2020.01.24 09:00;55.829;55.932;55.769;55.819
2020.01.24 10:00;55.814;55.822;55.632;55.642
2020.01.24 11:00;55.646;55.732;55.339;55.352
2020.01.24 12:00;55.356;55.502;55.229;55.332
2020.01.24 13:00;55.324;55.432;55.229;55.422
2020.01.24 14:00;55.419;55.512;55.309;55.416
2020.01.24 15:00;55.404;55.496;55.139;55.242
2020.01.24 16:00;55.244;55.244;54.349;54.652
2020.01.24 17:00;54.644;54.762;54.129;54.152
2020.01.24 18:00;54.149;54.319;53.889;54.102
2020.01.24 19:00;54.092;54.212;53.832;54.172
2020.01.24 20:00;54.165;54.302;54.008;54.122
2020.01.24 21:00;54.115;54.292;53.909;54.212
2020.01.24 22:00;54.222;54.392;54.17;54.362
2020.01.24 23:00;54.372;54.382;54.104;54.124
2020.01.27 01:00;53.538;53.628;52.115;52.568
2020.01.27 02:00;52.565;53.018;52.435;53.008
2020.01.27 03:00;53.005;53.133;52.88;53.043
2020.01.27 04:00;53.035;53.038;52.78;52.853
2020.01.27 05:00;52.863;52.947;52.83;52.933
2020.01.27 06:00;52.925;52.953;52.83;52.863
2020.01.27 07:00;52.873;53.017;52.81;52.87
2020.01.27 08:00;52.87;52.973;52.78;52.903
2020.01.27 09:00;52.896;53.073;52.83;52.855
2020.01.27 10:00;52.85;53.133;52.55;52.553
2020.01.27 11:00;52.55;52.623;52.156;52.363
2020.01.27 12:00;52.36;52.433;52.107;52.323
2020.01.27 13:00;52.316;52.663;52.185;52.613
2020.01.27 14:00;52.606;52.853;52.59;52.623
2020.01.27 15:00;52.613;52.723;52.37;52.533
2020.01.27 16:00;52.526;53.413;52.41;53.293
2020.01.27 17:00;53.286;53.543;52.64;52.713
2020.01.27 18:00;52.71;52.853;52.46;52.553
2020.01.27 19:00;52.546;52.803;52.5;52.683
2020.01.27 20:00;52.676;53.173;52.66;53.033
2020.01.27 21:00;53.03;53.213;52.809;52.983
2020.01.27 22:00;52.973;53.003;52.84;52.866
2020.01.27 23:00;52.866;52.878;52.665;52.768
2020.01.28 01:00;52.738;52.968;52.715;52.918
2020.01.28 02:00;52.928;52.968;52.805;52.828
2020.01.28 03:00;52.825;53.053;52.825;52.913
2020.01.28 04:00;52.91;52.933;52.82;52.863
2020.01.28 05:00;52.86;52.883;52.76;52.863
2020.01.28 06:00;52.856;53.073;52.82;53.053
2020.01.28 07:00;53.05;53.103;52.98;53.083
2020.01.28 08:00;53.08;53.193;53.03;53.153
2020.01.28 09:00;53.143;53.233;53.06;53.083
2020.01.28 10:00;53.073;53.103;52.831;52.863
2020.01.28 11:00;52.861;52.903;52.691;52.866
2020.01.28 12:00;52.856;53.243;52.651;52.941
2020.01.28 13:00;52.936;53.063;52.751;53.043
2020.01.28 14:00;53.048;53.543;53.001;53.436
2020.01.28 15:00;53.431;53.57;53.221;53.243
2020.01.28 16:00;53.248;53.263;52.921;53.013
2020.01.28 17:00;53.006;53.893;52.971;53.803
2020.01.28 18:00;53.807;53.823;53.403;53.683
2020.01.28 19:00;53.676;53.723;53.346;53.373
2020.01.28 20:00;53.363;53.473;53.221;53.333
2020.01.28 21:00;53.326;53.693;53.321;53.423
2020.01.28 22:00;53.416;53.593;53.411;53.561
2020.01.28 23:00;53.561;54.018;53.496;53.916
2020.01.29 01:00;53.95;54.048;53.616;53.736
2020.01.29 02:00;53.731;53.846;53.656;53.778
2020.01.29 03:00;53.771;54.043;53.731;53.933
2020.01.29 04:00;53.938;54.103;53.891;54.083
2020.01.29 05:00;54.081;54.203;54.041;54.203
2020.01.29 06:00;54.196;54.223;54.091;54.123
2020.01.29 07:00;54.121;54.183;54.001;54.003
2020.01.29 08:00;53.996;54.073;53.981;54.003
2020.01.29 09:00;53.993;54.043;53.921;54.003
2020.01.29 10:00;54.008;54.163;53.801;54.053
2020.01.29 11:00;54.046;54.123;53.861;53.933
2020.01.29 12:00;53.926;54.073;53.791;53.983
2020.01.29 13:00;53.981;54.023;53.731;53.863
2020.01.29 14:00;53.861;53.893;53.711;53.753
2020.01.29 15:00;53.743;54.343;53.631;53.886
2020.01.29 16:00;53.876;53.879;53.161;53.253
2020.01.29 17:00;53.258;53.403;52.791;53.313
2020.01.29 18:00;53.311;53.543;53.111;53.543
2020.01.29 19:00;53.541;53.553;53.086;53.204
2020.01.29 20:00;53.196;53.274;53.001;53.124
2020.01.29 21:00;53.126;53.354;53.081;53.234
2020.01.29 22:00;53.236;53.244;53.031;53.114
2020.01.29 23:00;53.114;53.129;52.994;53.056
2020.01.30 01:00;53.041;53.159;53.041;53.089
2020.01.30 02:00;53.084;53.089;52.916;53.039
2020.01.30 03:00;53.031;53.174;52.981;53.084
2020.01.30 04:00;53.081;53.094;52.664;52.744
2020.01.30 05:00;52.736;52.834;52.701;52.744
2020.01.30 06:00;52.741;52.814;52.641;52.774
2020.01.30 07:00;52.766;52.824;52.701;52.814
2020.01.30 08:00;52.806;52.824;52.731;52.734
2020.01.30 09:00;52.736;52.748;52.301;52.364
2020.01.30 10:00;52.361;52.554;52.261;52.534
2020.01.30 11:00;52.526;52.674;52.371;52.444
2020.01.30 12:00;52.441;52.494;52.271;52.404
2020.01.30 13:00;52.401;52.444;51.931;52.161
2020.01.30 14:00;52.161;52.184;51.951;52.064
2020.01.30 15:00;52.052;52.436;51.911;52.044
2020.01.30 16:00;52.041;52.664;51.911;52.514
2020.01.30 17:00;52.504;52.604;52.021;52.074
2020.01.30 18:00;52.078;52.434;52.061;52.154
2020.01.30 19:00;52.147;52.224;51.638;51.834
2020.01.30 20:00;51.831;51.914;51.651;51.821
2020.01.30 21:00;51.828;52.614;51.751;52.406
2020.01.30 22:00;52.401;52.774;52.384;52.764
2020.01.30 23:00;52.757;52.942;52.706;52.909
2020.01.31 01:00;52.877;52.919;52.706;52.839
2020.01.31 02:00;52.832;53.149;52.726;53.149
2020.01.31 03:00;53.142;53.334;52.941;52.954
2020.01.31 04:00;52.951;53.204;52.951;53.184
2020.01.31 05:00;53.181;53.274;53.141;53.264
2020.01.31 06:00;53.257;53.274;53.168;53.264
2020.01.31 07:00;53.257;53.269;53.051;53.094
2020.01.31 08:00;53.084;53.084;52.911;53.044
2020.01.31 09:00;53.041;53.054;52.761;52.791
2020.01.31 10:00;52.797;52.944;52.661;52.674
2020.01.31 11:00;52.684;52.734;52.381;52.452
2020.01.31 12:00;52.447;52.449;52.141;52.374
2020.01.31 13:00;52.371;52.544;52.251;52.324
2020.01.31 14:00;52.321;52.704;52.311;52.324
2020.01.31 15:00;52.314;52.444;52.162;52.194
2020.01.31 16:00;52.187;52.194;51.602;51.914
2020.01.31 17:00;51.907;51.91;51.452;51.524
2020.01.31 18:00;51.517;52.264;51.212;52.114
2020.01.31 19:00;52.119;52.164;51.022;51.254
2020.01.31 20:00;51.252;51.414;50.952;50.984
2020.01.31 21:00;50.977;51.724;50.962;51.524
2020.01.31 22:00;51.522;51.674;51.302;51.607
2020.01.31 23:00;51.614;51.614;51.497;51.559
2020.02.03 01:00;50.77;51.23;50.75;51.02
2020.02.03 02:00;51.013;51.19;50.557;51.112
2020.02.03 03:00;51.106;51.565;50.982;51.562
2020.02.03 04:00;51.557;51.565;51.212;51.245
2020.02.03 05:00;51.238;51.455;51.172;51.415
2020.02.03 06:00;51.412;51.495;51.291;51.472
2020.02.03 07:00;51.479;51.855;51.462;51.625
2020.02.03 08:00;51.618;51.62;51.362;51.458
2020.02.03 09:00;51.453;51.825;51.352;51.593
2020.02.03 10:00;51.588;51.705;51.282;51.655
2020.02.03 11:00;51.652;51.735;51.362;51.445
2020.02.03 12:00;51.438;51.925;51.362;51.768
2020.02.03 13:00;51.758;51.945;51.672;51.698
2020.02.03 14:00;51.705;51.775;51.482;51.535
2020.02.03 15:00;51.525;51.665;51.201;51.395
2020.02.03 16:00;51.392;51.505;50.82;51.235
2020.02.03 17:00;51.229;51.575;50.883;51.045
2020.02.03 18:00;51.055;51.085;49.903;50.235
2020.02.03 19:00;50.225;50.785;50.173;50.675
2020.02.03 20:00;50.668;50.925;50.293;50.345
2020.02.03 21:00;50.343;50.375;49.883;49.995
2020.02.03 22:00;49.993;50.115;49.913;49.993
2020.02.03 23:00;49.985;49.995;49.768;49.868
2020.02.04 01:00;49.85;49.97;49.628;49.868
2020.02.04 02:00;49.868;50.17;49.868;50.113
2020.02.04 03:00;50.113;50.475;49.823;50.373
2020.02.04 04:00;50.368;50.575;50.283;50.425
2020.02.04 05:00;50.415;50.505;50.348;50.455
2020.02.04 06:00;50.453;50.555;50.335;50.555
2020.02.04 07:00;50.553;50.685;50.463;50.633
2020.02.04 08:00;50.628;50.715;50.568;50.625
2020.02.04 09:00;50.618;50.675;50.383;50.485
2020.02.04 10:00;50.478;50.955;50.413;50.945
2020.02.04 11:00;50.938;51.263;50.853;50.905
2020.02.04 12:00;50.898;50.905;50.693;50.753
2020.02.04 13:00;50.748;50.935;50.533;50.715
2020.02.04 14:00;50.713;51.135;50.613;50.863
2020.02.04 15:00;50.868;51.535;50.723;51.388
2020.02.04 16:00;51.383;51.405;50.533;50.585
2020.02.04 17:00;50.578;50.605;50.153;50.446
2020.02.04 18:00;50.438;50.833;50.358;50.506
2020.02.04 19:00;50.516;50.626;50.263;50.303
2020.02.04 20:00;50.298;50.376;49.943;50.118
2020.02.04 21:00;50.113;50.166;49.503;49.726
2020.02.04 22:00;49.723;49.956;49.643;49.678
2020.02.04 23:00;49.668;49.671;49.278;49.401
2020.02.05 01:00;49.461;49.688;49.458;49.561
2020.02.05 02:00;49.558;49.781;49.558;49.751
2020.02.05 03:00;49.743;50.246;49.696;50.198
2020.02.05 04:00;50.188;50.22;50.053;50.196
2020.02.05 05:00;50.188;50.208;50.053;50.073
2020.02.05 06:00;50.073;50.156;50.073;50.143
2020.02.05 07:00;50.138;50.196;49.953;49.996
2020.02.05 08:00;49.988;50.076;49.973;50.016
2020.02.05 09:00;50.011;50.011;49.693;49.763
2020.02.05 10:00;49.758;50.666;49.693;50.633
2020.02.05 11:00;50.628;51.056;50.498;50.896
2020.02.05 12:00;50.888;50.891;50.503;50.846
2020.02.05 13:00;50.838;51.176;50.643;50.736
2020.02.05 14:00;50.733;50.946;50.663;50.766
2020.02.05 15:00;50.763;51.136;50.693;50.966
2020.02.05 16:00;50.958;51.626;50.663;51.456
2020.02.05 17:00;51.448;51.768;51.273;51.426
2020.02.05 18:00;51.423;51.556;51.166;51.516
2020.02.05 19:00;51.508;51.856;51.443;51.653
2020.02.05 20:00;51.648;51.651;51.198;51.203
2020.02.05 21:00;51.203;51.226;50.423;50.953
2020.02.05 22:00;50.948;51.246;50.943;50.978
2020.02.05 23:00;50.978;51.283;50.958;51.168
2020.02.06 01:00;51.191;51.308;51.093;51.181
2020.02.06 02:00;51.173;51.251;50.997;51.211
2020.02.06 03:00;51.203;51.53;51.113;51.456
2020.02.06 04:00;51.453;52.166;51.443;51.806
2020.02.06 05:00;51.801;51.956;51.733;51.756
2020.02.06 06:00;51.748;51.886;51.733;51.876
2020.02.06 07:00;51.873;52.116;51.853;52.068
2020.02.06 08:00;52.058;52.146;51.843;51.856
2020.02.06 09:00;51.852;51.906;51.673;51.848
2020.02.06 10:00;51.839;52.096;51.513;51.926
2020.02.06 11:00;51.923;51.966;51.263;51.386
2020.02.06 12:00;51.379;51.406;50.863;51.006
2020.02.06 13:00;51.003;51.336;50.943;51.299
2020.02.06 14:00;51.289;51.366;50.883;50.973
2020.02.06 15:00;50.966;50.976;50.431;50.516
2020.02.06 16:00;50.506;50.726;50.213;50.716
2020.02.06 17:00;50.706;51.086;50.543;50.649
2020.02.06 18:00;50.644;51.256;50.603;50.693
2020.02.06 19:00;50.696;51.006;50.683;50.976
2020.02.06 20:00;50.969;50.976;50.633;50.716
2020.02.06 21:00;50.709;51.076;50.643;50.926
2020.02.06 22:00;50.923;51.106;50.923;51.053
2020.02.06 23:00;51.053;51.093;50.998;51.061
2020.02.07 01:00;51.101;51.438;51.078;51.391
2020.02.07 02:00;51.388;51.411;51.088;51.151
2020.02.07 03:00;51.144;51.336;51.138;51.226
2020.02.07 04:00;51.219;51.316;51.193;51.196
2020.02.07 05:00;51.193;51.276;51.113;51.186
2020.02.07 06:00;51.179;51.181;50.993;51.046
2020.02.07 07:00;51.044;51.116;50.914;51.054
2020.02.07 08:00;51.054;51.246;51.004;51.196
2020.02.07 09:00;51.189;51.196;50.859;50.956
2020.02.07 10:00;50.961;51.136;50.794;50.946
2020.02.07 11:00;50.951;51.306;50.894;51.006
2020.02.07 12:00;50.999;51.056;50.654;50.676
2020.02.07 13:00;50.674;50.776;50.474;50.624
2020.02.07 14:00;50.624;50.686;50.369;50.406
2020.02.07 15:00;50.411;50.506;50.134;50.216
2020.02.07 16:00;50.204;50.446;50.064;50.246
2020.02.07 17:00;50.242;50.766;50.134;50.689
2020.02.07 18:00;50.679;51.016;50.544;50.644
2020.02.07 19:00;50.636;50.776;50.404;50.426
2020.02.07 20:00;50.419;50.624;50.304;50.316
2020.02.07 21:00;50.309;50.446;50.234;50.314
2020.02.07 22:00;50.309;50.466;50.304;50.376
2020.02.07 23:00;50.376;50.511;50.293;50.311
2020.02.10 01:00;49.95;50.122;49.529;49.722
2020.02.10 02:00;49.719;49.902;49.709;49.859
2020.02.10 03:00;49.859;50.137;49.814;50.087
2020.02.10 04:00;50.084;50.467;50.084;50.357
2020.02.10 05:00;50.354;50.377;50.144;50.167
2020.02.10 06:00;50.16;50.267;50.154;50.177
2020.02.10 07:00;50.174;50.357;50.164;50.327
2020.02.10 08:00;50.324;50.44;50.294;50.337
2020.02.10 09:00;50.334;50.357;50.074;50.097
2020.02.10 10:00;50.085;50.247;49.905;49.927
2020.02.10 11:00;49.92;50.217;49.914;50.017
2020.02.10 12:00;50.014;50.077;49.864;49.997
2020.02.10 13:00;49.994;50.217;49.994;50.167
2020.02.10 14:00;50.164;50.347;50.104;50.28
2020.02.10 15:00;50.275;50.337;49.98;49.997
2020.02.10 16:00;49.987;50.167;49.705;50.107
2020.02.10 17:00;50.105;50.257;49.755;50.117
2020.02.10 18:00;50.115;50.217;49.615;49.707
2020.02.10 19:00;49.697;49.78;49.455;49.567
2020.02.10 20:00;49.56;49.627;49.405;49.527
2020.02.10 21:00;49.52;49.647;49.455;49.607
2020.02.10 22:00;49.6;49.645;49.495;49.537
2020.02.10 23:00;49.537;49.672;49.52;49.625
2020.02.11 01:00;49.592;49.782;49.577;49.765
2020.02.11 02:00;49.76;49.942;49.74;49.912
2020.02.11 03:00;49.905;50.207;49.87;50.177
2020.02.11 04:00;50.17;50.267;50.055;50.117
2020.02.11 05:00;50.11;50.177;50.095;50.117
2020.02.11 06:00;50.11;50.167;50.045;50.147
2020.02.11 07:00;50.135;50.237;50.115;50.187
2020.02.11 08:00;50.185;50.287;50.125;50.165
2020.02.11 09:00;50.165;50.177;49.915;49.977
2020.02.11 10:00;49.97;50.177;49.935;50.16
2020.02.11 11:00;50.16;50.507;50.025;50.28
2020.02.11 12:00;50.275;50.327;50.11;50.297
2020.02.11 13:00;50.295;50.577;50.245;50.46
2020.02.11 14:00;50.453;50.607;50.345;50.365
2020.02.11 15:00;50.365;50.547;50.285;50.515
2020.02.11 16:00;50.51;50.667;50.235;50.357
2020.02.11 17:00;50.35;50.527;50.255;50.417
2020.02.11 18:00;50.415;50.517;49.895;50.067
2020.02.11 19:00;50.065;50.317;50.055;50.195
2020.02.11 20:00;50.205;50.217;49.778;49.868
2020.02.11 21:00;49.865;50.017;49.795;49.798
2020.02.11 22:00;49.808;50.128;49.695;49.988
2020.02.11 23:00;49.988;50.07;49.787;49.885
2020.02.12 01:00;49.993;50.123;49.985;50.093
2020.02.12 02:00;50.09;50.183;50.04;50.13
2020.02.12 03:00;50.125;50.468;50.11;50.388
2020.02.12 04:00;50.398;50.598;50.374;50.588
2020.02.12 05:00;50.58;50.758;50.565;50.598
2020.02.12 06:00;50.59;50.628;50.535;50.568
2020.02.12 07:00;50.572;50.658;50.545;50.588
2020.02.12 08:00;50.58;50.658;50.445;50.648
2020.02.12 09:00;50.64;50.728;50.51;50.728
2020.02.12 10:00;50.72;50.868;50.615;50.778
2020.02.12 11:00;50.78;50.828;50.575;50.688
2020.02.12 12:00;50.68;50.758;50.575;50.708
2020.02.12 13:00;50.7;50.818;50.64;50.735
2020.02.12 14:00;50.735;50.778;50.645;50.748
2020.02.12 15:00;50.745;51.138;50.725;51.088
2020.02.12 16:00;51.098;51.698;50.97;51.418
2020.02.12 17:00;51.428;51.708;51.195;51.268
2020.02.12 18:00;51.265;51.378;50.985;51.315
2020.02.12 19:00;51.315;51.418;51.175;51.278
2020.02.12 20:00;51.275;51.308;51.115;51.248
2020.02.12 21:00;51.24;51.408;51.115;51.338
2020.02.12 22:00;51.333;51.618;51.325;51.498
2020.02.12 23:00;51.49;51.673;51.46;51.63
2020.02.13 01:00;51.673;51.923;51.34;51.43
2020.02.13 02:00;51.43;51.533;50.88;51.063
2020.02.13 03:00;51.055;51.588;51.005;51.465
2020.02.13 04:00;51.472;51.498;51.37;51.385
2020.02.13 05:00;51.38;51.438;51.245;51.298
2020.02.13 06:00;51.29;51.378;51.225;51.248
2020.02.13 07:00;51.245;51.305;51.195;51.218
2020.02.13 08:00;51.215;51.278;51.111;51.165
2020.02.13 09:00;51.165;51.218;50.945;50.97
2020.02.13 10:00;50.965;51.028;50.815;50.838
2020.02.13 11:00;50.835;50.898;50.705;50.838
2020.02.13 12:00;50.828;50.888;50.585;50.858
2020.02.13 13:00;50.862;51.028;50.725;50.948
2020.02.13 14:00;50.958;51.098;50.735;50.888
2020.02.13 15:00;50.881;51.338;50.875;51.278
2020.02.13 16:00;51.275;51.748;51.195;51.458
2020.02.13 17:00;51.455;51.628;51.175;51.308
2020.02.13 18:00;51.318;51.528;51.265;51.428
2020.02.13 19:00;51.421;51.888;51.415;51.568
2020.02.13 20:00;51.561;51.598;51.156;51.218
2020.02.13 21:00;51.215;51.558;51.185;51.508
2020.02.13 22:00;51.512;51.628;51.505;51.578
2020.02.13 23:00;51.578;51.61;51.48;51.493
2020.02.14 01:00;51.523;51.543;51.341;51.371
2020.02.14 02:00;51.37;51.613;51.36;51.561
2020.02.14 03:00;51.556;51.563;51.305;51.398
2020.02.14 04:00;51.391;51.488;51.305;51.458
2020.02.14 05:00;51.448;51.518;51.385;51.408
2020.02.14 06:00;51.401;51.468;51.365;51.448
2020.02.14 07:00;51.441;51.538;51.415;51.521
2020.02.14 08:00;51.516;51.528;51.405;51.438
2020.02.14 09:00;51.435;51.558;51.425;51.488
2020.02.14 10:00;51.485;51.618;51.425;51.558
2020.02.14 11:00;51.555;51.568;51.355;51.518
2020.02.14 12:00;51.516;52.145;51.506;52.078
2020.02.14 13:00;52.075;52.278;51.975;52.108
2020.02.14 14:00;52.101;52.178;51.956;52.121
2020.02.14 15:00;52.116;52.268;51.821;51.838
2020.02.14 16:00;51.831;52.308;51.786;52.078
2020.02.14 17:00;52.076;52.158;51.756;51.858
2020.02.14 18:00;51.856;52.088;51.726;51.818
2020.02.14 19:00;51.811;51.888;51.576;51.718
2020.02.14 20:00;51.711;51.988;51.676;51.898
2020.02.14 21:00;51.896;52.068;51.696;52.018
2020.02.14 22:00;52.023;52.088;51.996;52.071
2020.02.14 23:00;52.071;52.223;51.901;52.173
2020.02.17 01:00;52.184;52.364;52.081;52.099
2020.02.17 02:00;52.092;52.099;51.979;52.019
2020.02.17 03:00;52.014;52.059;51.799;52.016
2020.02.17 04:00;52.009;52.066;51.982;52.026
2020.02.17 05:00;52.031;52.039;51.957;52.009
2020.02.17 06:00;52.016;52.026;51.982;51.992
2020.02.17 07:00;51.996;52.156;51.989;52.156
2020.02.17 08:00;52.149;52.179;52.049;52.124
2020.02.17 09:00;52.119;52.199;52.059;52.069
2020.02.17 10:00;52.065;52.209;52.002;52.169
2020.02.17 11:00;52.174;52.179;51.969;52.109
2020.02.17 12:00;52.116;52.139;52.029;52.039
2020.02.17 13:00;52.035;52.119;52.009;52.039
2020.02.17 14:00;52.049;52.069;51.979;52.022
2020.02.17 15:00;52.017;52.069;51.889;52.069
2020.02.17 16:00;52.065;52.119;51.982;52.072
2020.02.17 17:00;52.079;52.169;52.042;52.062
2020.02.17 18:00;52.066;52.156;51.969;52.094
2020.02.17 19:00;52.099;52.327;52.058;52.307
2020.02.18 01:00;52.102;52.164;51.831;51.931
2020.02.18 02:00;51.935;51.951;51.834;51.916
2020.02.18 03:00;51.911;51.971;51.702;51.812
2020.02.18 04:00;51.802;51.852;51.673;51.703
2020.02.18 05:00;51.71;51.723;51.564;51.664
2020.02.18 06:00;51.67;51.723;51.614;51.644
2020.02.18 07:00;51.637;51.704;51.624;51.701
2020.02.18 08:00;51.706;51.724;51.665;51.675
2020.02.18 09:00;51.67;51.704;51.336;51.366
2020.02.18 10:00;51.371;51.426;51.257;51.344
2020.02.18 11:00;51.349;51.357;51.138;51.243
2020.02.18 12:00;51.238;51.397;51.138;51.288
2020.02.18 13:00;51.283;51.357;51.072;51.099
2020.02.18 14:00;51.103;51.176;50.89;50.96
2020.02.18 15:00;50.967;51.12;50.91;51
2020.02.18 16:00;50.99;51.438;50.911;51.399
2020.02.18 17:00;51.406;51.877;51.289;51.67
2020.02.18 18:00;51.678;51.697;51.18;51.586
2020.02.18 19:00;51.581;51.745;51.549;51.688
2020.02.18 20:00;51.684;51.848;51.614;51.808
2020.02.18 21:00;51.798;52.094;51.768;52.01
2020.02.18 22:00;52.005;52.087;51.967;52.037
2020.02.18 23:00;52.042;52.155;52.028;52.095
2020.02.19 01:00;52.083;52.132;52.001;52.132
2020.02.19 02:00;52.138;52.188;52.049;52.049
2020.02.19 03:00;52.059;52.149;51.902;52.139
2020.02.19 04:00;52.143;52.159;52.069;52.139
2020.02.19 05:00;52.129;52.617;52.119;52.557
2020.02.19 06:00;52.562;52.617;52.528;52.578
2020.02.19 07:00;52.573;52.598;52.458;52.491
2020.02.19 08:00;52.484;52.488;52.379;52.412
2020.02.19 09:00;52.407;52.598;52.399;52.541
2020.02.19 10:00;52.546;52.546;52.373;52.4
2020.02.19 11:00;52.41;52.694;52.35;52.619
2020.02.19 12:00;52.626;52.778;52.619;52.679
2020.02.19 13:00;52.684;52.906;52.629;52.826
2020.02.19 14:00;52.819;52.839;52.64;52.75
2020.02.19 15:00;52.757;52.979;52.7;52.81
2020.02.19 16:00;52.805;53.019;52.591;52.668
2020.02.19 17:00;52.663;52.979;52.452;52.97
2020.02.19 18:00;52.965;53.338;52.9;53.122
2020.02.19 19:00;53.129;53.428;53.072;53.331
2020.02.19 20:00;53.336;53.428;53.199;53.286
2020.02.19 21:00;53.291;53.399;53.17;53.376
2020.02.19 22:00;53.369;53.369;53.17;53.17
2020.02.19 23:00;53.166;53.598;53.141;53.449
2020.02.20 01:00;53.38;53.51;53.37;53.5
2020.02.20 02:00;53.493;53.572;53.413;53.46
2020.02.20 03:00;53.453;53.826;53.411;53.7
2020.02.20 04:00;53.695;53.71;53.374;53.374
2020.02.20 05:00;53.379;53.481;53.272;53.329
2020.02.20 06:00;53.322;53.442;53.322;53.432
2020.02.20 07:00;53.439;53.572;53.395;53.532
2020.02.20 08:00;53.527;53.592;53.475;53.502
2020.02.20 09:00;53.492;53.602;53.413;53.542
2020.02.20 10:00;53.547;53.552;53.184;53.324
2020.02.20 11:00;53.328;53.483;53.287;53.463
2020.02.20 12:00;53.456;53.583;53.314;53.374
2020.02.20 13:00;53.37;53.484;53.275;53.395
2020.02.20 14:00;53.39;53.758;53.355;53.723
2020.02.20 15:00;53.728;53.783;53.505;53.724
2020.02.20 16:00;53.719;53.978;53.694;53.806
2020.02.20 17:00;53.814;54.212;53.794;54.18
2020.02.20 18:00;54.247;54.386;53.516;53.605
2020.02.20 19:00;53.61;53.844;53.556;53.722
2020.02.20 20:00;53.727;53.954;53.576;53.633
2020.02.20 21:00;53.638;53.825;53.526;53.596
2020.02.20 22:00;53.601;53.706;53.557;53.654
2020.02.20 23:00;53.659;53.676;53.443;53.448
2020.02.21 01:00;53.47;53.58;53.118;53.219
2020.02.21 02:00;53.21;53.479;53.21;53.416
2020.02.21 03:00;53.409;53.588;53.302;53.34
2020.02.21 04:00;53.35;53.36;53.21;53.34
2020.02.21 05:00;53.336;53.38;53.27;53.36
2020.02.21 06:00;53.35;53.36;53.254;53.288
2020.02.21 07:00;53.293;53.311;53.082;53.142
2020.02.21 08:00;53.135;53.202;53.092;53.115
2020.02.21 09:00;53.12;53.182;53.043;53.113
2020.02.21 10:00;53.123;53.233;52.824;53.193
2020.02.21 11:00;53.197;53.302;52.655;52.695
2020.02.21 12:00;52.7;52.924;52.685;52.838
2020.02.21 13:00;52.845;52.845;52.427;52.577
2020.02.21 14:00;52.581;52.826;52.577;52.796
2020.02.21 15:00;52.786;52.935;52.567;52.647
2020.02.21 16:00;52.637;53.055;52.309;52.61
2020.02.21 17:00;52.605;53.056;52.468;52.608
2020.02.21 18:00;52.612;53.096;52.538;53.036
2020.02.21 19:00;53.041;53.216;52.937;53.198
2020.02.21 20:00;53.203;53.325;52.977;53.151
2020.02.21 21:00;53.146;53.216;52.977;53.167
2020.02.21 22:00;53.162;53.204;53.057;53.065
2020.02.21 23:00;53.07;53.232;53.058;53.182
2020.02.24 01:00;52.373;52.39;51.434;51.84
2020.02.24 02:00;51.85;51.9;51.562;51.651
2020.02.24 03:00;51.656;51.848;51.512;51.748
2020.02.24 04:00;51.741;51.871;51.721;51.754
2020.02.24 05:00;51.749;51.901;51.672;51.871
2020.02.24 06:00;51.876;52.008;51.876;51.914
2020.02.24 07:00;51.907;52.001;51.852;51.932
2020.02.24 08:00;51.927;52.071;51.912;51.937
2020.02.24 09:00;51.942;51.979;51.624;51.634
2020.02.24 10:00;51.629;51.644;51.425;51.522
2020.02.24 11:00;51.517;51.574;51.146;51.316
2020.02.24 12:00;51.311;51.356;51.107;51.236
2020.02.24 13:00;51.229;51.266;50.997;51.025
2020.02.24 14:00;51.03;51.197;50.978;51.083
2020.02.24 15:00;51.078;51.207;50.67;50.769
2020.02.24 16:00;50.762;50.998;50.51;50.989
2020.02.24 17:00;50.984;51.078;50.66;50.83
2020.02.24 18:00;50.825;50.899;50.471;50.494
2020.02.24 19:00;50.489;50.581;50.362;50.462
2020.02.24 20:00;50.457;50.89;50.233;50.821
2020.02.24 21:00;50.825;51.379;50.823;51.339
2020.02.24 22:00;51.343;51.441;51.008;51.053
2020.02.24 23:00;51.058;51.158;50.961;51.13
2020.02.25 01:00;51.063;51.39;50.964;51.231
2020.02.25 02:00;51.241;51.51;51.201;51.48
2020.02.25 03:00;51.47;51.51;51.281;51.371
2020.02.25 04:00;51.366;51.56;51.351;51.431
2020.02.25 05:00;51.424;51.451;51.292;51.342
2020.02.25 06:00;51.337;51.431;51.302;51.402
2020.02.25 07:00;51.397;51.492;51.342;51.489
2020.02.25 08:00;51.482;51.701;51.432;51.661
2020.02.25 09:00;51.657;51.801;51.532;51.612
2020.02.25 10:00;51.608;51.662;51.174;51.234
2020.02.25 11:00;51.229;51.363;51.035;51.124
2020.02.25 12:00;51.12;51.214;50.856;50.975
2020.02.25 13:00;50.98;51.274;50.866;51.14
2020.02.25 14:00;51.145;51.265;50.946;51.222
2020.02.25 15:00;51.215;51.524;51.046;51.188
2020.02.25 16:00;51.183;51.295;50.77;50.974
2020.02.25 17:00;50.981;51.036;50.17;50.471
2020.02.25 18:00;50.465;50.568;50.23;50.449
2020.02.25 19:00;50.454;50.489;50.19;50.357
2020.02.25 20:00;50.35;50.44;49.835;49.875
2020.02.25 21:00;49.882;49.952;49.494;49.583
2020.02.25 22:00;49.588;49.753;49.534;49.574
2020.02.25 23:00;49.564;49.955;49.557;49.868
2020.02.26 01:00;49.903;50.03;49.806;49.973
2020.02.26 02:00;49.978;50.093;49.963;50.006
2020.02.26 03:00;50.001;50.193;49.794;50.081
2020.02.26 04:00;50.076;50.213;50.014;50.049
2020.02.26 05:00;50.054;50.184;50.004;50.054
2020.02.26 06:00;50.059;50.134;49.985;50.102
2020.02.26 07:00;50.097;50.124;49.963;50.01
2020.02.26 08:00;50.015;50.015;49.662;49.736
2020.02.26 09:00;49.727;49.756;49.378;49.605
2020.02.26 10:00;49.6;49.697;49.169;49.239
2020.02.26 11:00;49.229;49.296;48.803;49
2020.02.26 12:00;49.005;49.289;48.92;49.05
2020.02.26 13:00;49.04;49.399;49.03;49.09
2020.02.26 14:00;49.095;49.13;48.812;48.981
2020.02.26 15:00;48.988;49.221;48.832;49.178
2020.02.26 16:00;49.183;49.988;49.181;49.876
2020.02.26 17:00;49.869;50.237;49.58;49.859
2020.02.26 18:00;49.855;49.949;49.261;49.301
2020.02.26 19:00;49.306;49.401;49.072;49.152
2020.02.26 20:00;49.162;49.289;48.126;48.129
2020.02.26 21:00;48.136;48.642;48.116;48.443
2020.02.26 22:00;48.435;48.672;48.376;48.515
2020.02.26 23:00;48.51;48.545;48.406;48.421
2020.02.27 01:00;48.476;48.568;48.063;48.22
2020.02.27 02:00;48.225;48.357;47.991;48.218
2020.02.27 03:00;48.225;48.327;47.72;47.747
2020.02.27 04:00;47.742;47.986;47.66;47.85
2020.02.27 05:00;47.86;47.959;47.8;47.91
2020.02.27 06:00;47.914;47.94;47.721;47.751
2020.02.27 07:00;47.746;47.898;47.721;47.878
2020.02.27 08:00;47.871;47.881;47.642;47.814
2020.02.27 09:00;47.821;48.048;47.769;47.811
2020.02.27 10:00;47.804;48.121;47.752;48.081
2020.02.27 11:00;48.091;48.19;47.665;47.732
2020.02.27 12:00;47.737;47.782;47.464;47.493
2020.02.27 13:00;47.498;47.573;47.294;47.324
2020.02.27 14:00;47.329;47.464;47.046;47.083
2020.02.27 15:00;47.078;47.185;46.548;46.767
2020.02.27 16:00;46.771;46.824;45.963;46.239
2020.02.27 17:00;46.243;46.548;45.711;46.538
2020.02.27 18:00;46.543;46.927;46.177;46.848
2020.02.27 19:00;46.843;47.563;46.761;47.147
2020.02.27 20:00;47.137;47.336;46.313;46.472
2020.02.27 21:00;46.467;47.068;46.37;46.761
2020.02.27 22:00;46.766;46.938;46.522;46.542
2020.02.27 23:00;46.538;46.649;46.002;46.181
2020.02.28 01:00;46.157;46.849;45.893;46.633
2020.02.28 02:00;46.638;46.76;46.225;46.369
2020.02.28 03:00;46.364;46.409;46.033;46.325
2020.02.28 04:00;46.318;46.412;46.063;46.123
2020.02.28 05:00;46.13;46.167;45.515;45.765
2020.02.28 06:00;45.76;45.844;45.558;45.573
2020.02.28 07:00;45.568;45.635;45.337;45.426
2020.02.28 08:00;45.422;45.546;45.287;45.476
2020.02.28 09:00;45.469;45.666;45.337;45.629
2020.02.28 10:00;45.634;45.868;45.407;45.617
2020.02.28 11:00;45.621;45.649;44.792;45.109
2020.02.28 12:00;45.104;45.448;44.869;45.179
2020.02.28 13:00;45.174;45.767;45.092;45.62
2020.02.28 14:00;45.625;45.854;45.388;45.588
2020.02.28 15:00;45.581;45.678;45.05;45.319
2020.02.28 16:00;45.314;45.386;44.671;44.893
2020.02.28 17:00;44.901;44.98;43.974;44.024
2020.02.28 18:00;44.02;45.001;43.695;44.55
2020.02.28 19:00;44.543;44.951;44.353;44.759
2020.02.28 20:00;44.764;44.772;44.174;44.63
2020.02.28 21:00;44.625;45.211;44.451;45.072
2020.02.28 22:00;45.079;45.112;44.773;45.089
2020.02.28 23:00;45.082;45.231;44.903;45.102
2020.03.02 01:00;43.481;44.548;43.469;44.451
2020.03.02 02:00;44.445;44.818;44.287;44.329
2020.03.02 03:00;44.334;45.473;44.334;44.978
2020.03.02 04:00;44.983;46.259;44.918;45.985
2020.03.02 05:00;45.995;46.267;45.876;45.995
2020.03.02 06:00;45.988;46.075;45.879;45.936
2020.03.02 07:00;45.929;46.036;45.777;46.026
2020.03.02 08:00;46.019;46.056;45.71;45.764
2020.03.02 09:00;45.769;46.206;45.553;46.169
2020.03.02 10:00;46.162;46.562;46.077;46.087
2020.03.02 11:00;46.094;46.097;45.469;45.568
2020.03.02 12:00;45.561;45.578;45.17;45.183
2020.03.02 13:00;45.19;45.304;44.711;44.761
2020.03.02 14:00;44.766;45.487;44.766;45.42
2020.03.02 15:00;45.43;45.909;45.131;45.886
2020.03.02 16:00;45.879;46.145;45.43;45.662
2020.03.02 17:00;45.659;46.228;45.47;46.079
2020.03.02 18:00;46.069;47.086;45.8;46.847
2020.03.02 19:00;46.857;47.156;46.608;46.937
2020.03.02 20:00;46.941;46.994;46.517;46.808
2020.03.02 21:00;46.803;46.985;46.312;46.576
2020.03.02 22:00;46.571;47.247;46.559;47.234
2020.03.02 23:00;47.23;47.401;47.18;47.36
2020.03.03 01:00;47.597;47.786;47.407;47.774
2020.03.03 02:00;47.779;48.143;47.687;48.116
2020.03.03 03:00;48.121;48.395;47.914;47.959
2020.03.03 04:00;47.952;48.044;47.757;47.797
2020.03.03 05:00;47.79;47.947;47.777;47.917
2020.03.03 06:00;47.913;47.917;47.618;47.638
2020.03.03 07:00;47.643;47.741;47.429;47.429
2020.03.03 08:00;47.425;47.509;47.17;47.509
2020.03.03 09:00;47.505;47.509;47.18;47.45
2020.03.03 10:00;47.446;47.709;47.28;47.49
2020.03.03 11:00;47.486;48.275;47.34;48.218
2020.03.03 12:00;48.223;48.505;47.979;48.428
2020.03.03 13:00;48.432;48.438;47.88;47.977
2020.03.03 14:00;47.982;48.209;47.282;47.471
2020.03.03 15:00;47.461;48.199;47.302;47.738
2020.03.03 16:00;47.731;47.821;47.247;47.432
2020.03.03 17:00;47.428;48.484;46.973;48.14
2020.03.03 18:00;48.136;48.19;46.645;47.32
2020.03.03 19:00;47.325;47.612;47.044;47.184
2020.03.03 20:00;47.179;47.179;46.486;46.556
2020.03.03 21:00;46.551;47.224;46.344;47.224
2020.03.03 22:00;47.228;47.414;47.025;47.137
2020.03.03 23:00;47.142;47.274;46.928;46.973
2020.03.04 01:00;46.856;47.063;46.657;46.886
2020.03.04 02:00;46.879;47.405;46.869;47.353
2020.03.04 03:00;47.358;47.914;47.358;47.665
2020.03.04 04:00;47.655;47.765;47.485;47.695
2020.03.04 05:00;47.7;48.014;47.678;47.785
2020.03.04 06:00;47.775;47.83;47.695;47.785
2020.03.04 07:00;47.778;47.856;47.666;47.788
2020.03.04 08:00;47.783;47.816;47.549;47.587
2020.03.04 09:00;47.582;47.706;47.198;47.26
2020.03.04 10:00;47.265;47.298;46.959;47.161
2020.03.04 11:00;47.168;47.508;47.069;47.411
2020.03.04 12:00;47.418;47.999;47.338;47.548
2020.03.04 13:00;47.544;47.748;47.239;47.725
2020.03.04 14:00;47.72;48.077;47.588;47.785
2020.03.04 15:00;47.778;48.008;47.628;47.878
2020.03.04 16:00;47.873;48.267;47.738;47.821
2020.03.04 17:00;47.826;48.275;47.53;47.542
2020.03.04 18:00;47.549;47.719;46.572;46.709
2020.03.04 19:00;46.714;47.321;46.525;47.214
2020.03.04 20:00;47.218;47.411;46.922;46.945
2020.03.04 21:00;46.94;47.052;46.573;46.84
2020.03.04 22:00;46.835;47.082;46.823;46.953
2020.03.04 23:00;46.962;47.142;46.923;47.075
2020.03.05 01:00;47.038;47.252;47.035;47.213
2020.03.05 02:00;47.22;47.243;47.103;47.223
2020.03.05 03:00;47.216;47.443;47.176;47.343
2020.03.05 04:00;47.348;47.363;47.194;47.296
2020.03.05 05:00;47.303;47.344;47.214;47.214
2020.03.05 06:00;47.218;47.264;47.134;47.139
2020.03.05 07:00;47.144;47.404;47.125;47.344
2020.03.05 08:00;47.339;47.364;47.195;47.205
2020.03.05 09:00;47.198;47.205;46.916;46.986
2020.03.05 10:00;46.99;46.996;46.702;46.807
2020.03.05 11:00;46.802;46.857;46.493;46.52
2020.03.05 12:00;46.525;46.597;46.198;46.408
2020.03.05 13:00;46.413;47.316;46.408;46.558
2020.03.05 14:00;46.565;47.142;46.547;46.858
2020.03.05 15:00;46.862;46.997;46.289;46.319
2020.03.05 16:00;46.315;46.878;46.229;46.559
2020.03.05 17:00;46.554;46.749;46.33;46.599
2020.03.05 18:00;46.592;46.958;46.39;46.507
2020.03.05 19:00;46.502;46.649;45.943;46.111
2020.03.05 20:00;46.106;46.301;45.772;46.031
2020.03.05 21:00;46.024;46.131;45.553;45.702
2020.03.05 22:00;45.707;45.837;45.533;45.823
2020.03.05 23:00;45.818;45.942;45.783;45.898
2020.03.06 01:00;46.043;46.12;45.913;46.105
2020.03.06 02:00;46.11;46.253;45.926;46.041
2020.03.06 03:00;46.045;46.213;45.594;45.644
2020.03.06 04:00;45.649;45.692;45.225;45.378
2020.03.06 05:00;45.373;45.425;45.286;45.306
2020.03.06 06:00;45.31;45.376;45.199;45.286
2020.03.06 07:00;45.293;45.346;45.129;45.334
2020.03.06 08:00;45.329;45.516;45.276;45.379
2020.03.06 09:00;45.374;45.516;45.087;45.135
2020.03.06 10:00;45.13;45.21;44.853;45.138
2020.03.06 11:00;45.148;45.237;44.669;44.669
2020.03.06 12:00;44.673;44.799;43.173;44.173
2020.03.06 13:00;44.178;44.21;43.475;43.772
2020.03.06 14:00;43.779;44.115;43.305;43.48
2020.03.06 15:00;43.473;44.031;43.063;43.642
2020.03.06 16:00;43.647;44.451;42.685;43.147
2020.03.06 17:00;43.154;43.204;42.196;42.286
2020.03.06 18:00;42.296;42.426;41.667;42.336
2020.03.06 19:00;42.34;42.456;41.897;42.167
2020.03.06 20:00;42.174;42.274;41.948;42.06
2020.03.06 21:00;42.055;42.267;40.95;41.09
2020.03.06 22:00;41.086;41.639;41.04;41.556
2020.03.06 23:00;41.549;41.559;41.29;41.502
2020.03.09 01:00;30.149;33.253;29.914;32.524
2020.03.09 02:00;32.527;33.508;32.232;32.44
2020.03.09 03:00;32.435;33.089;31.931;32.769
2020.03.09 04:00;32.779;32.909;30.127;30.763
2020.03.09 05:00;30.756;30.903;30.257;30.404
2020.03.09 06:00;30.4;30.514;27.834;28.385
2020.03.09 07:00;28.378;29.037;27.28;28.368
2020.03.09 08:00;28.363;29.636;27.68;29.506
2020.03.09 09:00;29.501;30.247;29.065;29.978
2020.03.09 10:00;29.973;30.195;29.372;30.019
2020.03.09 11:00;30.014;32.561;30;32.207
2020.03.09 12:00;32.202;33.597;31.965;33.33
2020.03.09 13:00;33.335;33.415;31.556;31.776
2020.03.09 14:00;31.771;32.332;31.594;31.903
2020.03.09 15:00;31.908;32.39;31.213;31.489
2020.03.09 16:00;31.482;33.338;31.459;33.119
2020.03.09 17:00;33.114;34.791;32.982;33.743
2020.03.09 18:00;33.748;34.37;33.574;34.023
2020.03.09 19:00;34.018;34.587;32.912;33.139
2020.03.09 20:00;33.132;33.342;32.244;32.376
2020.03.09 21:00;32.381;32.451;30.352;31.341
2020.03.09 22:00;31.337;31.468;30.507;30.924
2020.03.09 23:00;30.919;31.084;30.068;30.078
2020.03.10 01:00;30.415;31.676;30.128;31.676
2020.03.10 02:00;31.667;32.422;31.633;32.36
2020.03.10 03:00;32.357;32.869;31.981;32.692
2020.03.10 04:00;32.697;33.114;32.425;32.615
2020.03.10 05:00;32.611;32.945;32.475;32.942
2020.03.10 06:00;32.948;33.304;32.845;33.252
2020.03.10 07:00;33.244;33.254;32.938;33.108
2020.03.10 08:00;33.112;33.656;33.105;33.647
2020.03.10 09:00;33.654;33.654;33.088;33.358
2020.03.10 10:00;33.351;33.351;32.282;32.546
2020.03.10 11:00;32.551;33.615;31.716;32.417
2020.03.10 12:00;32.422;33.57;32.232;33.378
2020.03.10 13:00;33.383;34.339;33.146;33.985
2020.03.10 14:00;33.98;34.424;33.67;34.287
2020.03.10 15:00;34.294;34.524;33.309;33.99
2020.03.10 16:00;33.986;33.986;33.132;33.476
2020.03.10 17:00;33.483;34.19;32.81;32.937
2020.03.10 18:00;32.941;33.414;32.633;33.05
2020.03.10 19:00;33.057;34.026;32.92;33.644
2020.03.10 20:00;33.649;33.966;33.332;33.432
2020.03.10 21:00;33.437;34.945;33.247;34.433
2020.03.10 22:00;34.438;34.685;34.371;34.503
2020.03.10 23:00;34.496;34.776;34.365;34.736
2020.03.11 01:00;34.581;34.698;34.105;34.247
2020.03.11 02:00;34.24;34.411;33.476;33.975
2020.03.11 03:00;33.97;34.844;33.801;34.814
2020.03.11 04:00;34.809;36.269;34.809;35.65
2020.03.11 05:00;35.648;35.655;35.171;35.229
2020.03.11 06:00;35.234;35.406;35.072;35.194
2020.03.11 07:00;35.189;35.314;35.017;35.032
2020.03.11 08:00;35.027;35.032;34.343;34.825
2020.03.11 09:00;34.83;35.027;34.398;34.496
2020.03.11 10:00;34.491;34.718;33.592;34.129
2020.03.11 11:00;34.119;34.216;33.58;33.96
2020.03.11 12:00;33.967;33.987;33.286;33.348
2020.03.11 13:00;33.343;33.548;33.021;33.411
2020.03.11 14:00;33.418;33.538;32.994;33.184
2020.03.11 15:00;33.178;33.521;32.875;32.935
2020.03.11 16:00;32.93;33.491;32.82;33.282
2020.03.11 17:00;33.274;33.698;33.112;33.502
2020.03.11 18:00;33.509;33.529;32.932;33.207
2020.03.11 19:00;33.212;33.741;33.072;33.412
2020.03.11 20:00;33.419;33.479;33.038;33.42
2020.03.11 21:00;33.425;33.462;32.496;32.876
2020.03.11 22:00;32.881;33.031;32.554;33.008
2020.03.11 23:00;33.013;33.103;32.624;33.076
2020.03.12 01:00;32.989;33.573;32.942;33.478
2020.03.12 02:00;33.476;33.488;32.949;33.064
2020.03.12 03:00;33.069;33.494;32.777;33.379
2020.03.12 04:00;33.384;33.454;30.688;30.962
2020.03.12 05:00;30.967;31.477;30.628;31.11
2020.03.12 06:00;31.105;31.357;30.9;31.272
2020.03.12 07:00;31.267;31.777;31.21;31.577
2020.03.12 08:00;31.581;31.754;31.23;31.717
2020.03.12 09:00;31.721;31.737;31.44;31.478
2020.03.12 10:00;31.485;31.695;31.171;31.338
2020.03.12 11:00;31.333;31.633;31.119;31.213
2020.03.12 12:00;31.209;31.555;31.029;31.179
2020.03.12 13:00;31.175;31.259;30.919;31.074
2020.03.12 14:00;31.069;31.149;30.73;30.942
2020.03.12 15:00;30.949;31.159;30.69;30.75
2020.03.12 16:00;30.755;31.257;29.971;31.177
2020.03.12 17:00;31.172;31.514;30.76;31.352
2020.03.12 18:00;31.347;32.156;31.13;31.457
2020.03.12 19:00;31.463;31.595;30.646;31.595
2020.03.12 20:00;31.6;32.336;30.781;31.093
2020.03.12 21:00;31.088;31.76;30.661;31.248
2020.03.12 22:00;31.253;31.44;30.951;30.966
2020.03.12 23:00;30.962;31.068;30.774;30.941
2020.03.13 01:00;30.767;31.226;30.281;30.952
2020.03.13 02:00;30.956;31.251;30.6;30.994
2020.03.13 03:00;30.999;31.484;30.912;31.104
2020.03.13 04:00;31.109;31.589;30.585;30.73
2020.03.13 05:00;30.725;31.114;30.623;31.015
2020.03.13 06:00;31.01;31.202;30.805;31.13
2020.03.13 07:00;31.125;31.722;31.093;31.722
2020.03.13 08:00;31.732;32.501;31.701;31.957
2020.03.13 09:00;31.954;32.349;31.635;32.217
2020.03.13 10:00;32.212;33.201;32.108;32.994
2020.03.13 11:00;33.001;33.111;32.43;32.552
2020.03.13 12:00;32.545;33.091;32.505;33.021
2020.03.13 13:00;33.026;33.159;32.815;33.034
2020.03.13 14:00;33.029;33.271;32.945;33.119
2020.03.13 15:00;33.102;33.806;32.975;33.392
2020.03.13 16:00;33.384;33.399;32.213;32.453
2020.03.13 17:00;32.458;32.97;32.096;32.171
2020.03.13 18:00;32.166;32.413;31.168;31.437
2020.03.13 19:00;31.442;32.137;31.112;31.748
2020.03.13 20:00;31.741;32.348;31.586;32.279
2020.03.13 21:00;32.283;32.333;31.544;31.902
2020.03.13 22:00;31.897;33.889;31.566;33.039
2020.03.13 23:00;33.046;33.3;32.604;32.832
2020.03.16 01:00;32.758;32.765;30.087;30.214
2020.03.16 02:00;30.205;30.563;29.716;30.403
2020.03.16 03:00;30.407;31.288;30.348;30.911
2020.03.16 04:00;30.906;31.338;30.664;31.25
2020.03.16 05:00;31.242;31.484;30.899;31.164
2020.03.16 06:00;31.159;31.243;30.941;31.162
2020.03.16 07:00;31.157;31.315;31.029;31.08
2020.03.16 08:00;31.09;31.197;30.716;30.758
2020.03.16 09:00;30.753;30.869;30.255;30.255
2020.03.16 10:00;30.26;30.783;30.092;30.557
2020.03.16 11:00;30.564;30.717;29.94;29.99
2020.03.16 12:00;29.987;30.224;29.898;30.044
2020.03.16 13:00;30.049;30.111;29.704;29.84
2020.03.16 14:00;29.845;29.894;29.023;29.1
2020.03.16 15:00;29.105;29.581;28.765;28.874
2020.03.16 16:00;28.878;29.421;28.111;29.254
2020.03.16 17:00;29.259;30.271;28.953;29.847
2020.03.16 18:00;29.842;30.343;29.558;29.884
2020.03.16 19:00;29.879;29.985;28.883;29.05
2020.03.16 20:00;29.055;29.295;28.55;28.735
2020.03.16 21:00;28.73;29.098;28.388;28.919
2020.03.16 22:00;28.913;29.142;28.561;28.6
2020.03.16 23:00;28.595;28.899;28.472;28.514
2020.03.17 01:00;28.564;29.033;28.564;28.969
2020.03.17 02:00;28.966;29.256;28.966;29.066
2020.03.17 03:00;29.061;29.839;28.923;29.777
2020.03.17 04:00;29.782;30.12;29.568;29.597
2020.03.17 05:00;29.59;29.785;29.094;29.531
2020.03.17 06:00;29.526;29.813;29.465;29.798
2020.03.17 07:00;29.806;29.959;29.572;29.944
2020.03.17 08:00;29.937;29.941;29.631;29.895
2020.03.17 09:00;29.9;29.905;29.632;29.817
2020.03.17 10:00;29.824;30.143;29.81;30.111
2020.03.17 11:00;30.106;30.202;28.937;29.005
2020.03.17 12:00;29.001;29.24;28.613;28.828
2020.03.17 13:00;28.824;29.357;28.705;29.34
2020.03.17 14:00;29.337;29.443;28.792;28.844
2020.03.17 15:00;28.849;28.93;28.4;28.627
2020.03.17 16:00;28.622;28.938;28.341;28.435
2020.03.17 17:00;28.428;28.988;28.342;28.623
2020.03.17 18:00;28.618;29.109;28.507;28.878
2020.03.17 19:00;28.873;29.305;28.063;28.096
2020.03.17 20:00;28.1;28.301;27.751;27.77
2020.03.17 21:00;27.766;27.913;26.85;26.998
2020.03.17 22:00;27.003;27.245;26.793;26.956
2020.03.17 23:00;26.962;27.008;26.712;26.87
2020.03.18 01:00;26.938;27.236;26.653;26.943
2020.03.18 02:00;26.947;27.066;26.272;26.585
2020.03.18 03:00;26.592;27.168;26.543;27.161
2020.03.18 04:00;27.156;27.208;26.737;27.003
2020.03.18 05:00;27.011;27.184;26.981;27.152
2020.03.18 06:00;27.147;27.199;27.024;27.107
2020.03.18 07:00;27.1;27.219;26.923;27.032
2020.03.18 08:00;27.036;27.12;26.42;26.422
2020.03.18 09:00;26.417;26.696;26.282;26.452
2020.03.18 10:00;26.447;26.499;26.183;26.282
2020.03.18 11:00;26.286;26.351;25.927;26.28
2020.03.18 12:00;26.285;26.5;25.199;25.369
2020.03.18 13:00;25.364;25.692;25.18;25.355
2020.03.18 14:00;25.365;25.545;24.909;24.938
2020.03.18 15:00;24.93;25.076;24.565;24.605
2020.03.18 16:00;24.61;24.637;23.904;24.375
2020.03.18 17:00;24.38;24.536;23.499;23.509
2020.03.18 18:00;23.504;23.618;22.857;23.193
2020.03.18 19:00;23.197;23.213;22.295;22.379
2020.03.18 20:00;22.384;22.529;20.828;21.334
2020.03.18 21:00;21.33;22.513;20.26;21.789
2020.03.18 22:00;21.794;22.648;21.723;22.325
2020.03.18 23:00;22.321;22.678;22.251;22.558
2020.03.19 01:00;22.539;23.299;22.23;23.186
2020.03.19 02:00;23.196;23.962;22.729;23.744
2020.03.19 03:00;23.737;24.135;22.688;22.866
2020.03.19 04:00;22.861;23.217;22.248;23.066
2020.03.19 05:00;23.056;23.083;21.679;21.715
2020.03.19 06:00;21.71;22.281;21.498;21.745
2020.03.19 07:00;21.74;22.587;21.735;22.425
2020.03.19 08:00;22.415;23.154;22.351;23.02
2020.03.19 09:00;23.013;23.591;22.959;23.275
2020.03.19 10:00;23.281;23.456;22.252;22.749
2020.03.19 11:00;22.744;23.903;22.715;23.758
2020.03.19 12:00;23.753;23.832;23.012;23.056
2020.03.19 13:00;23.051;23.309;22.501;22.812
2020.03.19 14:00;22.817;23.091;22.183;22.222
2020.03.19 15:00;22.212;22.427;22.077;22.292
2020.03.19 16:00;22.287;22.964;21.87;22.536
2020.03.19 17:00;22.532;23.567;22.349;23.369
2020.03.19 18:00;23.376;25.343;23.376;24.153
2020.03.19 19:00;24.148;25.425;23.8;25.106
2020.03.19 20:00;25.111;25.594;24.598;25.295
2020.03.19 21:00;25.3;27.936;25.123;25.943
2020.03.19 22:00;25.938;25.994;25.584;25.674
2020.03.19 23:00;25.669;25.782;25.162;25.383
2020.03.20 01:00;25.308;25.576;25.042;25.277
2020.03.20 02:00;25.272;26.305;25.134;26.179
2020.03.20 03:00;26.174;26.268;25.53;25.554
2020.03.20 04:00;25.55;26.103;25.358;25.943
2020.03.20 05:00;25.948;26.845;25.876;26.835
2020.03.20 06:00;26.831;27.001;26.44;26.731
2020.03.20 07:00;26.727;26.962;26.517;26.688
2020.03.20 08:00;26.692;26.742;25.917;26.172
2020.03.20 09:00;26.167;27.487;26.142;27.388
2020.03.20 10:00;27.393;27.418;26.659;27.181
2020.03.20 11:00;27.176;27.873;27.092;27.458
2020.03.20 12:00;27.465;28.14;27.389;27.863
2020.03.20 13:00;27.873;27.972;26.856;26.878
2020.03.20 14:00;26.873;27.053;26.045;26.3
2020.03.20 15:00;26.305;26.458;24.813;25.233
2020.03.20 16:00;25.238;25.816;23.924;24.186
2020.03.20 17:00;24.181;24.979;23.99;24.676
2020.03.20 18:00;24.68;24.873;23.081;23.589
2020.03.20 19:00;23.593;25.464;23.517;25.115
2020.03.20 20:00;25.12;25.57;24.239;24.694
2020.03.20 21:00;24.692;24.881;22.126;22.842
2020.03.20 22:00;22.835;23.607;22.687;23.473
2020.03.20 23:00;23.477;23.574;22.943;23.34
2020.03.23 01:00;22.363;22.48;20.57;21.206
2020.03.23 02:00;21.211;21.45;20.601;21.32
2020.03.23 03:00;21.325;22.295;21.322;22.033
2020.03.23 04:00;22.026;22.973;21.843;22.318
2020.03.23 05:00;22.313;22.584;21.855;22.505
2020.03.23 06:00;22.501;22.852;22.314;22.449
2020.03.23 07:00;22.454;22.763;22.395;22.638
2020.03.23 08:00;22.647;22.687;22.183;22.601
2020.03.23 09:00;22.596;22.925;22.458;22.592
2020.03.23 10:00;22.596;22.809;22.282;22.658
2020.03.23 11:00;22.649;22.728;21.882;22.082
2020.03.23 12:00;22.078;22.587;22.026;22.174
2020.03.23 13:00;22.167;22.323;21.989;22.059
2020.03.23 14:00;22.063;22.155;21.697;22.093
2020.03.23 15:00;22.089;23.362;22.089;22.994
2020.03.23 16:00;22.999;23.274;21.997;22.564
2020.03.23 17:00;22.571;22.799;21.951;22.367
2020.03.23 18:00;22.362;22.532;21.556;21.582
2020.03.23 19:00;21.578;22.493;21.575;22.404
2020.03.23 20:00;22.399;22.671;21.979;22.328
2020.03.23 21:00;22.332;23.464;21.845;23.15
2020.03.23 22:00;23.154;23.313;22.922;23.286
2020.03.23 23:00;23.279;23.808;23.17;23.563
2020.03.24 01:00;23.623;24.046;23.574;23.881
2020.03.24 02:00;23.876;24.326;23.809;24.168
2020.03.24 03:00;24.163;24.188;23.446;24.013
2020.03.24 04:00;24.008;24.515;23.889;24.488
2020.03.24 05:00;24.493;24.498;24.053;24.202
2020.03.24 06:00;24.209;24.226;23.803;23.883
2020.03.24 07:00;23.878;24.137;23.727;24.064
2020.03.24 08:00;24.059;24.202;23.787;24.081
2020.03.24 09:00;24.091;24.514;23.945;24.329
2020.03.24 10:00;24.334;24.379;23.983;24.184
2020.03.24 11:00;24.188;24.47;23.904;24.273
2020.03.24 12:00;24.277;24.726;24.158;24.578
2020.03.24 13:00;24.585;24.894;24.313;24.422
2020.03.24 14:00;24.417;24.489;23.48;23.615
2020.03.24 15:00;23.611;24.113;23.48;23.985
2020.03.24 16:00;23.995;24.23;23.226;23.369
2020.03.24 17:00;23.376;23.438;22.936;23.151
2020.03.24 18:00;23.156;23.547;22.956;23.405
2020.03.24 19:00;23.4;23.649;23.155;23.293
2020.03.24 20:00;23.298;23.372;22.846;22.888
2020.03.24 21:00;22.898;23.954;22.861;23.65
2020.03.24 22:00;23.643;23.849;23.452;23.69
2020.03.24 23:00;23.695;24.179;23.624;24.106
2020.03.25 01:00;24.139;24.83;23.95;24.669
2020.03.25 02:00;24.664;24.664;24.09;24.387
2020.03.25 03:00;24.382;24.6;24.259;24.286
2020.03.25 04:00;24.296;24.957;24.296;24.712
2020.03.25 05:00;24.719;24.878;24.438;24.626
2020.03.25 06:00;24.633;24.685;24.406;24.564
2020.03.25 07:00;24.571;24.727;24.416;24.647
2020.03.25 08:00;24.651;24.802;24.466;24.746
2020.03.25 09:00;24.75;24.75;24.506;24.657
2020.03.25 10:00;24.653;24.672;24.41;24.536
2020.03.25 11:00;24.543;24.543;24.14;24.279
2020.03.25 12:00;24.286;24.593;23.982;24.128
2020.03.25 13:00;24.124;24.124;22.916;23.128
2020.03.25 14:00;23.133;23.584;23.104;23.525
2020.03.25 15:00;23.53;23.538;23.003;23.198
2020.03.25 16:00;23.204;23.669;23.023;23.34
2020.03.25 17:00;23.33;23.499;22.677;23.41
2020.03.25 18:00;23.415;24.066;23.304;23.559
2020.03.25 19:00;23.566;24.322;23.549;24.203
2020.03.25 20:00;24.208;24.619;24.064;24.411
2020.03.25 21:00;24.418;24.612;23.988;24.58
2020.03.25 22:00;24.57;24.639;24.214;24.227
2020.03.25 23:00;24.22;24.303;23.927;24.08
2020.03.26 01:00;24.051;24.385;24.011;24.136
2020.03.26 02:00;24.143;24.195;23.733;24.017
2020.03.26 03:00;24.007;24.401;23.931;24.322
2020.03.26 04:00;24.327;24.327;23.798;23.919
2020.03.26 05:00;23.926;23.978;23.764;23.833
2020.03.26 06:00;23.837;23.969;23.813;23.92
2020.03.26 07:00;23.929;23.949;23.843;23.887
2020.03.26 08:00;23.892;23.97;23.831;23.94
2020.03.26 09:00;23.933;23.967;23.645;23.686
2020.03.26 10:00;23.693;23.705;23.29;23.406
2020.03.26 11:00;23.396;23.666;23.171;23.624
2020.03.26 12:00;23.631;23.814;23.397;23.459
2020.03.26 13:00;23.454;23.85;23.412;23.447
2020.03.26 14:00;23.442;23.731;23.425;23.494
2020.03.26 15:00;23.489;23.546;23.192;23.479
2020.03.26 16:00;23.474;23.745;23;23.307
2020.03.26 17:00;23.299;23.693;23.005;23.594
2020.03.26 18:00;23.59;23.636;23.022;23.201
2020.03.26 19:00;23.211;23.26;22.824;23.045
2020.03.26 20:00;23.05;23.05;22.154;22.419
2020.03.26 21:00;22.429;22.766;22.211;22.555
2020.03.26 22:00;22.551;23.044;22.528;22.991
2020.03.26 23:00;22.982;23.051;22.795;22.935
2020.03.27 01:00;23.079;23.181;22.817;22.891
2020.03.27 02:00;22.896;22.995;22.721;22.864
2020.03.27 03:00;22.869;23.144;22.817;23.082
2020.03.27 04:00;23.078;23.144;22.798;22.854
2020.03.27 05:00;22.847;22.864;22.543;22.76
2020.03.27 06:00;22.769;22.917;22.658;22.861
2020.03.27 07:00;22.856;22.918;22.767;22.832
2020.03.27 08:00;22.827;22.866;22.73;22.859
2020.03.27 09:00;22.852;22.908;22.695;22.747
2020.03.27 10:00;22.743;22.752;22.441;22.503
2020.03.27 11:00;22.508;22.658;22.377;22.642
2020.03.27 12:00;22.652;22.731;22.176;22.498
2020.03.27 13:00;22.493;22.622;22.325;22.392
2020.03.27 14:00;22.397;22.474;22.119;22.234
2020.03.27 15:00;22.227;22.236;21.387;21.672
2020.03.27 16:00;21.67;21.692;21.12;21.281
2020.03.27 17:00;21.276;21.484;20.88;21.108
2020.03.27 18:00;21.101;21.323;21.002;21.006
2020.03.27 19:00;21.012;21.495;20.979;21.326
2020.03.27 20:00;21.331;21.331;20.99;21.01
2020.03.27 21:00;21;21.626;20.683;21.528
2020.03.27 22:00;21.523;21.555;21.317;21.357
2020.03.27 23:00;21.364;21.746;21.34;21.617
2020.03.30 01:00;20.158;20.607;19.747;20.107
2020.03.30 02:00;20.114;20.253;20.027;20.134
2020.03.30 03:00;20.141;20.65;20.141;20.514
2020.03.30 04:00;20.518;20.556;20.115;20.157
2020.03.30 05:00;20.152;20.323;20.12;20.182
2020.03.30 06:00;20.175;20.353;20.068;20.307
2020.03.30 07:00;20.311;20.44;20.16;20.327
2020.03.30 08:00;20.322;20.652;20.314;20.652
2020.03.30 09:00;20.645;20.671;20.295;20.344
2020.03.30 10:00;20.349;20.451;19.965;20.114
2020.03.30 11:00;20.119;20.325;20.055;20.134
2020.03.30 12:00;20.13;20.616;20.087;20.309
2020.03.30 13:00;20.304;20.445;20.098;20.16
2020.03.30 14:00;20.164;20.266;20.101;20.187
2020.03.30 15:00;20.177;20.522;19.783;20.346
2020.03.30 16:00;20.353;20.413;19.791;19.96
2020.03.30 17:00;19.953;20.367;19.682;20.109
2020.03.30 18:00;20.099;20.446;19.715;20.159
2020.03.30 19:00;20.166;20.362;19.96;20.218
2020.03.30 20:00;20.211;20.211;19.197;19.313
2020.03.30 21:00;19.306;20.169;19.106;19.895
2020.03.30 22:00;19.899;20.187;19.862;20.133
2020.03.30 23:00;20.14;20.2;19.961;20.068
2020.03.31 01:00;20.126;20.419;20.064;20.265
2020.03.31 02:00;20.26;20.35;20.184;20.347
2020.03.31 03:00;20.343;20.568;20.323;20.506
2020.03.31 04:00;20.511;20.807;20.469;20.807
2020.03.31 05:00;20.797;21.561;20.797;21.36
2020.03.31 06:00;21.365;21.412;20.847;21.115
2020.03.31 07:00;21.108;21.184;20.857;20.986
2020.03.31 08:00;20.976;21.145;20.817;21.103
2020.03.31 09:00;21.098;21.235;20.907;20.944
2020.03.31 10:00;20.949;21.126;20.868;21.103
2020.03.31 11:00;21.099;21.188;20.883;21.057
2020.03.31 12:00;21.064;21.275;20.968;21.176
2020.03.31 13:00;21.169;21.603;21.006;21.467
2020.03.31 14:00;21.474;21.713;20.879;21.025
2020.03.31 15:00;21.018;21.088;20.562;20.827
2020.03.31 16:00;20.82;20.969;20.185;20.337
2020.03.31 17:00;20.344;20.781;20.314;20.645
2020.03.31 18:00;20.649;20.669;20.067;20.233
2020.03.31 19:00;20.228;20.414;19.98;20.047
2020.03.31 20:00;20.042;20.504;19.888;20.276
2020.03.31 21:00;20.286;20.759;20.117;20.335
2020.03.31 22:00;20.33;20.333;20.091;20.117
2020.03.31 23:00;20.127;20.204;19.843;19.994
2020.04.01 01:00;19.917;20.165;19.91;20.034
2020.04.01 02:00;20.029;20.129;19.922;20.129
2020.04.01 03:00;20.136;20.625;20.103;20.566
2020.04.01 04:00;20.575;20.595;20.367;20.454
2020.04.01 05:00;20.45;20.457;20.288;20.388
2020.04.01 06:00;20.397;20.499;20.318;20.388
2020.04.01 07:00;20.398;20.418;20.249;20.326
2020.04.01 08:00;20.322;20.368;20.021;20.064
2020.04.01 09:00;20.059;20.071;19.843;20.051
2020.04.01 10:00;20.044;20.558;20.044;20.233
2020.04.01 11:00;20.24;20.24;19.873;20.042
2020.04.01 12:00;20.049;20.181;19.933;20.154
2020.04.01 13:00;20.149;20.529;20.032;20.489
2020.04.01 14:00;20.482;20.625;20.251;20.36
2020.04.01 15:00;20.353;20.37;19.934;20.125
2020.04.01 16:00;20.13;20.408;20.103;20.163
2020.04.01 17:00;20.17;20.339;19.748;20.225
2020.04.01 18:00;20.232;20.53;20.123;20.23
2020.04.01 19:00;20.226;20.282;19.895;20.114
2020.04.01 20:00;20.104;20.399;19.955;20.395
2020.04.01 21:00;20.402;20.935;20.065;20.449
2020.04.01 22:00;20.442;20.889;20.442;20.886
2020.04.01 23:00;20.891;21.376;20.684;21.002
2020.04.02 01:00;21.158;21.297;20.865;21.089
2020.04.02 02:00;21.096;21.138;20.967;21.099
2020.04.02 03:00;21.104;21.119;20.603;20.833
2020.04.02 04:00;20.841;21.05;20.772;20.99
2020.04.02 05:00;20.997;21.209;20.861;20.981
2020.04.02 06:00;20.974;21.169;20.971;21.077
2020.04.02 07:00;21.07;21.341;21.053;21.272
2020.04.02 08:00;21.279;21.853;21.21;21.776
2020.04.02 09:00;21.769;22.369;21.709;22.235
2020.04.02 10:00;22.24;22.245;21.869;21.992
2020.04.02 11:00;21.985;22.035;21.541;21.896
2020.04.02 12:00;21.906;22.204;21.837;22.052
2020.04.02 13:00;22.057;22.244;21.996;22.241
2020.04.02 14:00;22.237;22.262;21.999;22.238
2020.04.02 15:00;22.245;22.424;21.92;21.994
2020.04.02 16:00;22;22.056;21.55;21.744
2020.04.02 17:00;21.749;27.134;21.59;25.704
2020.04.02 18:00;25.709;25.97;23.954;25.037
2020.04.02 19:00;25.032;25.225;24.64;25.156
2020.04.02 20:00;25.149;25.149;23.835;23.846
2020.04.02 21:00;23.842;25.306;23.17;24.648
2020.04.02 22:00;24.653;24.76;24.392;24.522
2020.04.02 23:00;24.512;24.899;24.482;24.579
2020.04.03 01:00;24.652;24.927;24.15;24.662
2020.04.03 02:00;24.667;24.801;24.384;24.533
2020.04.03 03:00;24.523;24.533;23.346;23.779
2020.04.03 04:00;23.775;24.117;23.61;24.085
2020.04.03 05:00;24.09;24.276;23.948;24.236
2020.04.03 06:00;24.231;24.236;23.929;23.941
2020.04.03 07:00;23.937;23.968;23.502;23.76
2020.04.03 08:00;23.75;23.999;23.552;23.989
2020.04.03 09:00;23.982;25.022;23.671;24.655
2020.04.03 10:00;24.648;25.668;24.521;25.321
2020.04.03 11:00;25.328;25.579;24.983;25.431
2020.04.03 12:00;25.438;26.534;25.438;26.437
2020.04.03 13:00;26.441;26.802;26.03;26.258
2020.04.03 14:00;26.252;27.001;26.087;26.693
2020.04.03 15:00;26.686;28.355;26.644;27.555
2020.04.03 16:00;27.551;27.816;26.237;26.528
2020.04.03 17:00;26.535;27.122;26.088;26.791
2020.04.03 18:00;26.787;26.903;26.198;26.424
2020.04.03 19:00;26.429;27.351;26.307;26.877
2020.04.03 20:00;26.872;27.59;26.629;27.374
2020.04.03 21:00;27.369;28.564;27.173;28.256
2020.04.03 22:00;28.261;28.872;27.941;28.326
2020.04.03 23:00;28.331;28.922;28.266;28.585
2020.04.06 01:00;25.841;26.259;25.249;26.006
2020.04.06 02:00;25.999;26.21;25.845;26.21
2020.04.06 03:00;26.203;26.598;25.686;26.419
2020.04.06 04:00;26.409;26.551;26.268;26.499
2020.04.06 05:00;26.503;26.977;26.42;26.937
2020.04.06 06:00;26.941;27.243;26.865;27.176
2020.04.06 07:00;27.18;27.455;26.943;27.226
2020.04.06 08:00;27.219;27.906;27.043;27.764
2020.04.06 09:00;27.76;28.062;27.545;27.615
2020.04.06 10:00;27.619;27.945;27.514;27.693
2020.04.06 11:00;27.685;27.685;27.198;27.357
2020.04.06 12:00;27.364;27.524;27.241;27.301
2020.04.06 13:00;27.295;27.318;26.861;27.216
2020.04.06 14:00;27.212;27.726;27.01;27.269
2020.04.06 15:00;27.259;27.329;26.892;26.911
2020.04.06 16:00;26.921;27.376;26.623;27.133
2020.04.06 17:00;27.127;27.217;26.186;26.345
2020.04.06 18:00;26.349;27.221;26.05;26.925
2020.04.06 19:00;26.93;26.979;26.197;26.323
2020.04.06 20:00;26.328;26.545;26.269;26.436
2020.04.06 21:00;26.431;26.476;25.76;25.952
2020.04.06 22:00;25.947;26.526;25.836;26.238
2020.04.06 23:00;26.245;26.295;25.981;26.129
2020.04.07 01:00;26.251;26.594;26.237;26.55
2020.04.07 02:00;26.555;26.826;26.431;26.816
2020.04.07 03:00;26.809;26.906;26.469;26.757
2020.04.07 04:00;26.761;27.026;26.678;26.877
2020.04.07 05:00;26.873;26.966;26.706;26.765
2020.04.07 06:00;26.77;26.85;26.619;26.652
2020.04.07 07:00;26.647;26.868;26.569;26.865
2020.04.07 08:00;26.856;26.938;26.759;26.861
2020.04.07 09:00;26.866;26.946;26.481;26.74
2020.04.07 10:00;26.736;26.979;26.638;26.76
2020.04.07 11:00;26.767;26.909;26.65;26.703
2020.04.07 12:00;26.711;26.959;26.681;26.883
2020.04.07 13:00;26.878;27.079;26.632;26.771
2020.04.07 14:00;26.764;26.871;26.028;26.102
2020.04.07 15:00;26.107;26.543;25.906;26.404
2020.04.07 16:00;26.4;26.474;26.046;26.471
2020.04.07 17:00;26.464;26.534;26.106;26.156
2020.04.07 18:00;26.151;26.325;25.868;26.087
2020.04.07 19:00;26.094;26.246;25.564;25.719
2020.04.07 20:00;25.726;25.781;24.882;24.913
2020.04.07 21:00;24.896;24.901;23.409;23.966
2020.04.07 22:00;23.961;24.533;23.882;24.384
2020.04.07 23:00;24.389;24.437;23.73;24.051
2020.04.08 01:00;24.111;24.602;24.052;24.522
2020.04.08 02:00;24.519;24.627;24.391;24.515
2020.04.08 03:00;24.508;24.955;24.468;24.784
2020.04.08 04:00;24.79;25.016;24.717;24.774
2020.04.08 05:00;24.77;24.867;24.638;24.79
2020.04.08 06:00;24.797;24.837;24.706;24.791
2020.04.08 07:00;24.784;24.897;24.738;24.835
2020.04.08 08:00;24.831;25.144;24.831;24.987
2020.04.08 09:00;24.991;25.017;24.229;24.421
2020.04.08 10:00;24.428;24.806;24.361;24.64
2020.04.08 11:00;24.633;24.64;24.116;24.364
2020.04.08 12:00;24.369;24.511;23.999;24.511
2020.04.08 13:00;24.515;24.531;24.094;24.163
2020.04.08 14:00;24.167;24.412;24.154;24.186
2020.04.08 15:00;24.181;24.233;23.619;23.736
2020.04.08 16:00;23.729;24.861;23.729;24.831
2020.04.08 17:00;24.838;25.06;24;24.281
2020.04.08 18:00;24.286;24.782;24.093;24.275
2020.04.08 19:00;24.285;24.573;23.877;24.006
2020.04.08 20:00;23.996;24.166;23.638;23.716
2020.04.08 21:00;23.721;26.299;23.688;25.719
2020.04.08 22:00;25.715;26.257;25.45;26.164
2020.04.08 23:00;26.159;26.207;25.832;26.058
2020.04.09 01:00;26.213;26.454;25.692;26.041
2020.04.09 02:00;26.046;26.326;25.954;26.298
2020.04.09 03:00;26.293;26.355;25.98;26.159
2020.04.09 04:00;26.154;26.154;25.933;25.953
2020.04.09 05:00;25.96;25.994;25.481;25.595
2020.04.09 06:00;25.6;25.874;25.563;25.815
2020.04.09 07:00;25.819;25.822;25.543;25.673
2020.04.09 08:00;25.678;25.902;25.606;25.895
2020.04.09 09:00;25.899;26.072;25.806;26.007
2020.04.09 10:00;26.011;26.52;25.992;26.301
2020.04.09 11:00;26.291;26.331;25.824;26.103
2020.04.09 12:00;26.099;26.488;26.023;26.379
2020.04.09 13:00;26.372;26.959;26.275;26.877
2020.04.09 14:00;26.873;27.328;24.844;25.91
2020.04.09 15:00;25.905;26.502;25.546;26.363
2020.04.09 16:00;26.371;26.739;25.838;26.659
2020.04.09 17:00;26.664;28.203;24.995;26.553
2020.04.09 18:00;26.563;26.675;24.96;25.68
2020.04.09 19:00;25.677;26.272;25.153;25.389
2020.04.09 20:00;25.385;25.588;23.978;24.361
2020.04.09 21:00;24.366;24.371;22.472;23.309
2020.04.09 22:00;23.314;23.64;22.951;23.473
2020.04.09 23:00;23.466;23.469;22.966;23.108
2020.04.13 01:00;23.667;23.858;21.951;22.647
2020.04.13 02:00;22.652;23.153;22.6;23.136
2020.04.13 03:00;23.141;24.283;23.101;24.153
2020.04.13 04:00;24.146;24.472;23.755;23.872
2020.04.13 05:00;23.867;24.106;23.675;23.848
2020.04.13 06:00;23.852;23.995;23.718;23.783
2020.04.13 07:00;23.775;23.905;23.739;23.766
2020.04.13 08:00;23.759;23.759;23.417;23.524
2020.04.13 09:00;23.52;23.726;23.072;23.195
2020.04.13 10:00;23.188;23.236;22.78;22.843
2020.04.13 11:00;22.838;22.977;22.421;22.882
2020.04.13 12:00;22.887;23.159;22.571;22.9
2020.04.13 13:00;22.905;23.127;22.671;22.95
2020.04.13 14:00;22.954;23.107;22.472;22.545
2020.04.13 15:00;22.54;22.981;22.472;22.921
2020.04.13 16:00;22.911;23.622;22.782;23.58
2020.04.13 17:00;23.59;23.909;22.646;22.795
2020.04.13 18:00;22.79;23.293;22.742;22.949
2020.04.13 19:00;22.954;23.471;22.845;23.069
2020.04.13 20:00;23.065;23.172;22.604;22.621
2020.04.13 21:00;22.626;22.9;22.228;22.45
2020.04.13 22:00;22.445;22.684;22.368;22.567
2020.04.13 23:00;22.573;22.604;22.345;22.368
2020.04.14 01:00;22.402;22.704;22.373;22.663
2020.04.14 02:00;22.668;22.833;22.668;22.802
2020.04.14 03:00;22.798;22.853;22.615;22.755
2020.04.14 04:00;22.753;22.855;22.68;22.79
2020.04.14 05:00;22.785;22.826;22.687;22.797
2020.04.14 06:00;22.793;22.888;22.702;22.868
2020.04.14 07:00;22.873;22.905;22.809;22.83
2020.04.14 08:00;22.825;22.832;22.717;22.808
2020.04.14 09:00;22.803;22.884;22.725;22.737
2020.04.14 10:00;22.741;22.872;22.572;22.623
2020.04.14 11:00;22.627;22.631;22.129;22.229
2020.04.14 12:00;22.233;22.467;22.226;22.37
2020.04.14 13:00;22.365;22.49;22.248;22.423
2020.04.14 14:00;22.429;22.483;22.215;22.267
2020.04.14 15:00;22.263;22.27;21.742;21.938
2020.04.14 16:00;21.943;22.09;21.772;22.09
2020.04.14 17:00;22.085;22.13;21.759;21.778
2020.04.14 18:00;21.773;21.811;21.361;21.493
2020.04.14 19:00;21.489;21.604;21.358;21.504
2020.04.14 20:00;21.509;21.509;21.218;21.245
2020.04.14 21:00;21.249;21.498;20.937;21.419
2020.04.14 22:00;21.415;21.511;21.283;21.49
2020.04.14 23:00;21.485;21.533;21.415;21.431
2020.04.15 01:00;21.435;21.546;21.406;21.546
2020.04.15 02:00;21.541;21.626;21.497;21.619
2020.04.15 03:00;21.619;21.646;21.176;21.356
2020.04.15 04:00;21.352;21.356;20.999;21.254
2020.04.15 05:00;21.249;21.343;21.11;21.338
2020.04.15 06:00;21.334;21.398;21.309;21.396
2020.04.15 07:00;21.391;21.409;21.321;21.343
2020.04.15 08:00;21.339;21.381;21.245;21.346
2020.04.15 09:00;21.342;21.355;20.895;20.92
2020.04.15 10:00;20.926;21.072;20.678;20.704
2020.04.15 11:00;20.709;20.743;20.244;20.645
2020.04.15 12:00;20.649;20.668;20.382;20.514
2020.04.15 13:00;20.51;20.532;20.291;20.519
2020.04.15 14:00;20.524;20.689;20.46;20.531
2020.04.15 15:00;20.536;20.682;20.434;20.502
2020.04.15 16:00;20.506;20.764;20.347;20.678
2020.04.15 17:00;20.673;20.698;20.025;20.083
2020.04.15 18:00;20.087;20.18;20.001;20.134
2020.04.15 19:00;20.139;20.453;19.977;20.382
2020.04.15 20:00;20.376;20.75;20.34;20.51
2020.04.15 21:00;20.504;20.533;20.064;20.288
2020.04.15 22:00;20.292;20.656;20.22;20.565
2020.04.15 23:00;20.559;20.567;20.326;20.429
2020.04.16 01:00;20.395;20.523;20.368;20.411
2020.04.16 02:00;20.407;20.536;20.317;20.503
2020.04.16 03:00;20.499;20.927;20.499;20.856
2020.04.16 04:00;20.862;20.932;20.848;20.911
2020.04.16 05:00;20.907;20.94;20.758;20.777
2020.04.16 06:00;20.772;20.832;20.698;20.757
2020.04.16 07:00;20.763;20.763;20.62;20.666
2020.04.16 08:00;20.662;20.713;20.598;20.707
2020.04.16 09:00;20.701;20.756;20.571;20.607
2020.04.16 10:00;20.605;20.712;20.475;20.531
2020.04.16 11:00;20.526;20.879;20.516;20.849
2020.04.16 12:00;20.854;20.886;20.61;20.779
2020.04.16 13:00;20.783;20.895;20.702;20.77
2020.04.16 14:00;20.776;20.884;20.684;20.762
2020.04.16 15:00;20.769;20.808;20.438;20.516
2020.04.16 16:00;20.52;20.597;20.234;20.234
2020.04.16 17:00;20.239;20.271;19.85;19.905
2020.04.16 18:00;19.913;19.997;19.683;19.841
2020.04.16 19:00;19.846;19.872;19.425;19.517
2020.04.16 20:00;19.521;19.733;19.434;19.662
2020.04.16 21:00;19.666;20.059;19.635;19.835
2020.04.16 22:00;19.841;20.411;19.781;20.382
2020.04.16 23:00;20.376;20.38;20.049;20.253
2020.04.17 01:00;20.253;20.78;20.253;20.634
2020.04.17 02:00;20.656;20.758;20.489;20.702
2020.04.17 03:00;20.697;20.909;20.642;20.798
2020.04.17 04:00;20.792;20.877;20.724;20.728
2020.04.17 05:00;20.735;20.785;20.58;20.668
2020.04.17 06:00;20.663;20.786;20.653;20.724
2020.04.17 07:00;20.728;20.766;20.684;20.717
2020.04.17 08:00;20.712;20.717;20.612;20.7
2020.04.17 09:00;20.704;20.741;20.519;20.568
2020.04.17 10:00;20.563;20.566;19.782;19.99
2020.04.17 11:00;19.984;20.125;19.828;19.996
2020.04.17 12:00;20;20.286;19.859;20.182
2020.04.17 13:00;20.186;20.643;20.084;20.287
2020.04.17 14:00;20.282;20.388;20.022;20.111
2020.04.17 15:00;20.115;20.118;19.428;19.564
2020.04.17 16:00;19.56;20.03;19.29;19.843
2020.04.17 17:00;19.848;20.105;19.617;19.891
2020.04.17 18:00;19.886;20.028;19.618;19.79
2020.04.17 19:00;19.784;19.909;19.605;19.793
2020.04.17 20:00;19.788;19.817;19.58;19.621
2020.04.17 21:00;19.615;19.79;19.285;19.69
2020.04.17 22:00;19.695;19.79;19.609;19.788
2020.04.17 23:00;19.784;19.91;19.692;19.751
2020.04.20 01:00;19.806;19.859;19.495;19.616
2020.04.20 02:00;19.612;19.636;19.329;19.458
2020.04.20 03:00;19.462;19.594;19.013;19.021
2020.04.20 04:00;19.017;19.219;18.131;18.979
2020.04.20 05:00;18.983;19.151;18.87;18.98
2020.04.20 06:00;18.986;19.072;18.816;18.958
2020.04.20 07:00;18.952;18.995;18.874;18.912
2020.04.20 08:00;18.906;18.988;18.79;18.79
2020.04.20 09:00;18.798;19.129;18.712;18.91
2020.04.20 10:00;18.915;19.035;18.812;18.883
2020.04.20 11:00;18.879;18.914;18.358;18.364
2020.04.20 12:00;18.368;18.619;18.345;18.388
2020.04.20 13:00;18.382;18.422;18.193;18.257
2020.04.20 14:00;18.265;18.353;17.533;17.606
2020.04.20 15:00;17.614;18.009;17.614;17.699
2020.04.20 16:00;17.691;18.619;17.348;18.568
2020.04.20 17:00;18.563;18.579;18.124;18.258
2020.04.20 18:00;18.254;18.407;18.066;18.368
2020.04.20 19:00;18.373;18.447;17.723;17.815
2020.04.20 20:00;17.819;18.099;17.453;17.704
2020.04.20 21:00;17.71;17.719;16.205;16.848
2020.04.20 22:00;16.84;17.402;16.766;17.062
2020.04.20 23:00;17.07;17.376;16.886;17.097
2020.04.21 01:00;17.133;17.895;16.633;17.387
2020.04.21 02:00;17.393;17.524;16.904;17.095
2020.04.21 03:00;17.101;17.785;17.068;17.584
2020.04.21 04:00;17.588;18.154;17.415;17.423
2020.04.21 05:00;17.427;17.633;17.002;17.028
2020.04.21 06:00;17.02;17.262;16.922;17.227
2020.04.21 07:00;17.223;17.316;17.148;17.238
2020.04.21 08:00;17.232;17.306;17.141;17.243
2020.04.21 09:00;17.251;17.305;16.53;16.633
2020.04.21 10:00;16.627;16.748;16.237;16.27
2020.04.21 11:00;16.278;16.423;15.563;15.563
2020.04.21 12:00;15.568;15.675;12.508;14.983
2020.04.21 13:00;14.985;15.383;13.969;14.998
2020.04.21 14:00;15.002;15.198;14.46;14.932
2020.04.21 15:00;14.937;15.03;14.064;14.427
2020.04.21 16:00;14.427;15.216;14.013;14.976
2020.04.21 17:00;14.981;15.145;14.452;14.764
2020.04.21 18:00;14.768;14.789;13.536;14.147
2020.04.21 19:00;14.141;14.493;12.866;13.307
2020.04.21 20:00;13.288;13.435;11.039;12.2
2020.04.21 21:00;12.202;13.447;11.343;11.884
2020.04.21 22:00;11.879;13.117;11.874;12.734
2020.04.21 23:00;12.731;13.142;12.691;12.818
2020.04.22 01:00;12.9;13.22;12.137;12.945
2020.04.22 02:00;12.945;13.511;12.871;13.432
2020.04.22 03:00;13.436;13.575;12.916;13.414
2020.04.22 04:00;13.419;13.467;12.875;13.243
2020.04.22 05:00;13.239;13.341;12.931;13.042
2020.04.22 06:00;13.046;13.104;11.882;12.008
2020.04.22 07:00;12.011;12.409;11.493;11.643
2020.04.22 08:00;11.639;12.065;11.483;11.666
2020.04.22 09:00;11.669;12.227;11.191;11.905
2020.04.22 10:00;11.911;12.818;11.786;12.518
2020.04.22 11:00;12.513;12.523;12.051;12.438
2020.04.22 12:00;12.442;13.018;12.222;12.945
2020.04.22 13:00;12.949;13.227;12.702;13.092
2020.04.22 14:00;13.086;13.178;12.559;13.093
2020.04.22 15:00;13.089;13.96;12.94;13.569
2020.04.22 16:00;13.564;14.697;13.4;14.107
2020.04.22 17:00;14.111;14.308;13.345;13.639
2020.04.22 18:00;13.647;13.694;13.248;13.608
2020.04.22 19:00;13.604;13.726;13.269;13.517
2020.04.22 20:00;13.512;13.887;13.239;13.341
2020.04.22 21:00;13.347;13.711;13.222;13.495
2020.04.22 22:00;13.501;13.589;13.366;13.37
2020.04.22 23:00;13.365;13.592;13.286;13.499
2020.04.23 01:00;13.73;13.871;13.352;13.572
2020.04.23 02:00;13.577;13.623;13.473;13.621
2020.04.23 03:00;13.616;13.719;13.115;13.204
2020.04.23 04:00;13.199;13.798;13.197;13.772
2020.04.23 05:00;13.776;13.814;13.402;13.592
2020.04.23 06:00;13.585;13.867;13.566;13.845
2020.04.23 07:00;13.849;14.541;13.78;14.463
2020.04.23 08:00;14.459;15.055;14.347;14.576
2020.04.23 09:00;14.573;14.627;14.219;14.304
2020.04.23 10:00;14.299;14.34;13.914;14.107
2020.04.23 11:00;14.103;14.489;14.009;14.328
2020.04.23 12:00;14.332;14.662;14.276;14.537
2020.04.23 13:00;14.532;14.667;14.144;14.347
2020.04.23 14:00;14.342;14.532;14.307;14.458
2020.04.23 15:00;14.453;14.775;14.36;14.655
2020.04.23 16:00;14.66;14.752;14.449;14.594
2020.04.23 17:00;14.6;15.162;14.511;15.016
2020.04.23 18:00;15.02;15.124;14.776;14.874
2020.04.23 19:00;14.878;14.878;14.508;14.55
2020.04.23 20:00;14.556;14.561;13.962;14.192
2020.04.23 21:00;14.198;14.351;13.564;14.232
2020.04.23 22:00;14.236;14.385;14.18;14.359
2020.04.23 23:00;14.354;14.358;14.159;14.162
2020.04.24 01:00;14.126;14.456;14.038;14.409
2020.04.24 02:00;14.403;14.758;14.403;14.697
2020.04.24 03:00;14.702;14.876;14.327;14.369
2020.04.24 04:00;14.374;14.608;14.365;14.434
2020.04.24 05:00;14.429;14.782;14.423;14.699
2020.04.24 06:00;14.703;14.943;14.541;14.824
2020.04.24 07:00;14.819;14.85;14.527;14.69
2020.04.24 08:00;14.685;14.685;14.376;14.477
2020.04.24 09:00;14.473;14.473;14.09;14.342
2020.04.24 10:00;14.346;14.485;14.199;14.338
2020.04.24 11:00;14.333;14.375;13.651;13.802
2020.04.24 12:00;13.809;14.247;13.809;14.048
2020.04.24 13:00;14.053;14.39;13.947;14.344
2020.04.24 14:00;14.349;14.712;14.312;14.43
2020.04.24 15:00;14.435;14.52;14.197;14.237
2020.04.24 16:00;14.232;14.629;14.074;14.38
2020.04.24 17:00;14.372;14.434;13.966;13.971
2020.04.24 18:00;13.977;14.243;13.854;14.099
2020.04.24 19:00;14.095;14.172;13.912;13.977
2020.04.24 20:00;13.983;14.144;13.83;13.982
2020.04.24 21:00;13.977;14.048;13.549;14.022
2020.04.24 22:00;14.017;14.038;13.918;13.941
2020.04.24 23:00;13.946;14.032;13.839;13.909
2020.04.27 01:00;14.064;14.147;13.777;13.868
2020.04.27 02:00;13.863;13.965;13.795;13.947
2020.04.27 03:00;13.954;13.969;13.513;13.701
2020.04.27 04:00;13.707;13.736;13.244;13.462
2020.04.27 05:00;13.467;13.627;13.383;13.578
2020.04.27 06:00;13.582;13.652;13.289;13.477
2020.04.27 07:00;13.471;13.488;13.3;13.364
2020.04.27 08:00;13.359;13.394;13.107;13.202
2020.04.27 09:00;13.208;13.24;12.683;12.804
2020.04.27 10:00;12.799;12.96;12.781;12.933
2020.04.27 11:00;12.928;13.055;12.832;13.046
2020.04.27 12:00;13.05;13.064;12.774;12.844
2020.04.27 13:00;12.849;12.968;12.715;12.848
2020.04.27 14:00;12.853;12.915;12.488;12.523
2020.04.27 15:00;12.528;12.61;12.21;12.329
2020.04.27 16:00;12.325;12.479;12.059;12.214
2020.04.27 17:00;12.209;12.236;12;12.121
2020.04.27 18:00;12.116;12.21;11.89;12.059
2020.04.27 19:00;12.064;12.231;12.029;12.108
2020.04.27 20:00;12.103;12.463;12.06;12.08
2020.04.27 21:00;12.075;12.246;11.87;12.129
2020.04.27 22:00;12.124;12.229;12.124;12.137
2020.04.27 23:00;12.142;12.24;12.133;12.204
2020.04.28 01:00;12.124;12.447;11.956;12.386
2020.04.28 02:00;12.381;12.777;12.195;12.248
2020.04.28 03:00;12.242;12.509;12.059;12.232
2020.04.28 04:00;12.236;12.367;12.029;12.219
2020.04.28 05:00;12.224;12.258;11.945;12.012
2020.04.28 06:00;12.007;12.204;11.975;12.079
2020.04.28 07:00;12.084;12.238;11.902;12.234
2020.04.28 08:00;12.229;12.329;12.135;12.244
2020.04.28 09:00;12.249;12.254;11.959;12.04
2020.04.28 10:00;12.035;12.084;11.618;11.852
2020.04.28 11:00;11.857;12.021;11.668;11.96
2020.04.28 12:00;11.966;13.182;11.938;12.75
2020.04.28 13:00;12.746;12.987;12.663;12.778
2020.04.28 14:00;12.773;12.773;12;12.165
2020.04.28 15:00;12.169;12.514;12.113;12.382
2020.04.28 16:00;12.377;12.756;12.34;12.69
2020.04.28 17:00;12.695;12.873;12.086;12.092
2020.04.28 18:00;12.096;12.254;11.925;12.064
2020.04.28 19:00;12.069;12.123;11.845;12.005
2020.04.28 20:00;12.009;12.156;11.814;11.831
2020.04.28 21:00;11.827;11.989;11.606;11.938
2020.04.28 22:00;11.942;11.999;11.827;11.866
2020.04.28 23:00;11.861;12.113;11.861;12.074
2020.04.29 01:00;12;12.013;11.711;11.904
2020.04.29 02:00;11.909;12.224;11.853;12.08
2020.04.29 03:00;12.075;12.32;11.973;12.177
2020.04.29 04:00;12.182;12.611;12.182;12.493
2020.04.29 05:00;12.488;12.707;12.272;12.354
2020.04.29 06:00;12.348;12.549;12.302;12.43
2020.04.29 07:00;12.435;12.485;12.111;12.268
2020.04.29 08:00;12.263;12.345;12.092;12.12
2020.04.29 09:00;12.115;12.442;11.897;12.361
2020.04.29 10:00;12.356;12.642;12.277;12.482
2020.04.29 11:00;12.478;12.675;12.285;12.611
2020.04.29 12:00;12.617;12.677;12.488;12.641
2020.04.29 13:00;12.645;12.694;12.478;12.649
2020.04.29 14:00;12.644;12.864;12.62;12.696
2020.04.29 15:00;12.69;13.066;12.649;13.005
2020.04.29 16:00;13;13.371;12.996;13.131
2020.04.29 17:00;13.137;13.768;12.989;13.519
2020.04.29 18:00;13.514;13.527;13.191;13.326
2020.04.29 19:00;13.321;13.46;13.229;13.319
2020.04.29 20:00;13.323;13.344;12.943;13.195
2020.04.29 21:00;13.201;13.22;12.824;12.876
2020.04.29 22:00;12.871;13.099;12.845;13.05
2020.04.29 23:00;13.056;13.101;12.952;13.005
2020.04.30 01:00;13.059;13.417;13.01;13.393
2020.04.30 02:00;13.398;13.469;13.235;13.455
2020.04.30 03:00;13.45;13.722;13.248;13.719
2020.04.30 04:00;13.714;13.782;13.569;13.715
2020.04.30 05:00;13.721;14.384;13.721;14.218
2020.04.30 06:00;14.223;14.722;14.132;14.685
2020.04.30 07:00;14.678;14.678;14.238;14.458
2020.04.30 08:00;14.451;14.581;14.319;14.428
2020.04.30 09:00;14.433;14.439;13.708;14.038
2020.04.30 10:00;14.033;14.358;13.86;14.114
2020.04.30 11:00;14.11;14.373;14.012;14.373
2020.04.30 12:00;14.378;14.589;14.185;14.51
2020.04.30 13:00;14.514;14.732;14.412;14.44
2020.04.30 14:00;14.435;14.509;14.25;14.393
2020.04.30 15:00;14.388;14.453;14.093;14.241
2020.04.30 16:00;14.247;14.686;13.969;14.616
2020.04.30 17:00;14.621;14.692;14.359;14.573
2020.04.30 18:00;14.578;14.771;14.383;14.425
2020.04.30 19:00;14.421;14.421;13.983;13.997
2020.04.30 20:00;13.993;13.996;13.395;13.465
2020.04.30 21:00;13.471;15.206;13.416;14.91
2020.04.30 22:00;14.905;14.989;14.711;14.971
2020.04.30 23:00;14.967;15.182;14.9;15.023
2020.05.01 01:00;14.964;15.514;14.714;15.419
2020.05.01 02:00;15.413;15.476;15.135;15.373
2020.05.01 03:00;15.369;15.899;15.278;15.694
2020.05.01 04:00;15.695;15.712;15.074;15.196
2020.05.01 05:00;15.195;15.486;14.981;15.332
2020.05.01 06:00;15.328;15.37;15.145;15.313
2020.05.01 07:00;15.306;15.485;15.278;15.317
2020.05.01 08:00;15.313;15.333;14.886;15.005
2020.05.01 09:00;15.009;15.196;14.903;14.928
2020.05.01 10:00;14.924;15.082;14.757;14.807
2020.05.01 11:00;14.812;14.894;14.583;14.794
2020.05.01 12:00;14.789;14.806;14.301;14.461
2020.05.01 13:00;14.459;14.633;14.405;14.617
2020.05.01 14:00;14.613;15.427;14.586;15.413
2020.05.01 15:00;15.418;15.701;15.21;15.425
2020.05.01 16:00;15.421;15.45;14.813;14.921
2020.05.01 17:00;14.926;15.225;14.738;14.981
2020.05.01 18:00;14.976;15.14;14.779;14.813
2020.05.01 19:00;14.817;15.151;14.813;14.971
2020.05.01 20:00;14.976;15.347;14.962;15.209
2020.05.01 21:00;15.204;15.691;15.145;15.217
2020.05.01 22:00;15.212;15.415;15.208;15.33
2020.05.01 23:00;15.325;15.375;15.258;15.347
2020.05.04 01:00;15.187;15.396;14.807;14.92
2020.05.04 02:00;14.924;15.084;14.846;14.921
2020.05.04 03:00;14.925;15.013;14.557;14.719
2020.05.04 04:00;14.726;14.814;14.59;14.779
2020.05.04 05:00;14.784;14.97;14.765;14.855
2020.05.04 06:00;14.85;15.356;14.842;15.309
2020.05.04 07:00;15.304;15.371;15.014;15.163
2020.05.04 08:00;15.164;15.214;14.761;14.858
2020.05.04 09:00;14.863;15.223;14.715;15.092
2020.05.04 10:00;15.087;15.13;14.872;14.934
2020.05.04 11:00;14.939;14.965;14.682;14.838
2020.05.04 12:00;14.843;14.881;14.637;14.855
2020.05.04 13:00;14.862;14.912;14.665;14.912
2020.05.04 14:00;14.917;15.328;14.9;15.244
2020.05.04 15:00;15.239;15.562;15.211;15.256
2020.05.04 16:00;15.252;15.639;15.046;15.627
2020.05.04 17:00;15.62;16.012;15.518;15.537
2020.05.04 18:00;15.541;15.65;15.344;15.579
2020.05.04 19:00;15.584;15.84;15.562;15.703
2020.05.04 20:00;15.699;15.862;15.563;15.757
2020.05.04 21:00;15.762;16.323;15.687;16.305
2020.05.04 22:00;16.3;16.599;16.19;16.594
2020.05.04 23:00;16.599;16.702;16.495;16.516
2020.05.05 01:00;16.612;16.761;16.429;16.549
2020.05.05 02:00;16.544;16.827;16.509;16.666
2020.05.05 03:00;16.659;17.055;16.498;16.903
2020.05.05 04:00;16.907;17.024;16.604;16.844
2020.05.05 05:00;16.849;17.045;16.791;16.955
2020.05.05 06:00;16.949;17.039;16.748;16.903
2020.05.05 07:00;16.907;17;16.84;16.944
2020.05.05 08:00;16.939;17.045;16.873;16.98
2020.05.05 09:00;16.984;17.44;16.921;17.435
2020.05.05 10:00;17.44;17.614;17.314;17.41
2020.05.05 11:00;17.405;17.455;17.051;17.248
2020.05.05 12:00;17.253;17.451;17.091;17.375
2020.05.05 13:00;17.371;17.523;17.323;17.442
2020.05.05 14:00;17.447;17.533;17.379;17.424
2020.05.05 15:00;17.419;17.719;17.361;17.67
2020.05.05 16:00;17.666;18.338;17.633;18.185
2020.05.05 17:00;18.189;18.458;17.88;17.89
2020.05.05 18:00;17.885;18.508;17.875;18.324
2020.05.05 19:00;18.329;18.83;18.287;18.766
2020.05.05 20:00;18.761;18.802;18.427;18.643
2020.05.05 21:00;18.65;18.845;18.452;18.65
2020.05.05 22:00;18.645;18.79;18.554;18.762
2020.05.05 23:00;18.758;19.353;18.726;19.215
2020.05.06 01:00;19.483;19.603;19.326;19.378
2020.05.06 02:00;19.372;19.812;19.269;19.635
2020.05.06 03:00;19.63;19.63;18.546;18.607
2020.05.06 04:00;18.607;18.757;18.465;18.693
2020.05.06 05:00;18.691;18.953;18.626;18.849
2020.05.06 06:00;18.844;18.941;18.6;18.642
2020.05.06 07:00;18.647;18.762;18.486;18.639
2020.05.06 08:00;18.635;18.785;18.522;18.562
2020.05.06 09:00;18.557;18.789;18.514;18.664
2020.05.06 10:00;18.659;18.789;18.561;18.657
2020.05.06 11:00;18.652;19.438;18.635;19.304
2020.05.06 12:00;19.309;19.395;19.104;19.273
2020.05.06 13:00;19.269;19.417;19.211;19.383
2020.05.06 14:00;19.378;19.416;18.534;18.555
2020.05.06 15:00;18.56;18.63;17.605;17.641
2020.05.06 16:00;17.646;18.467;17.633;17.979
2020.05.06 17:00;17.984;18.551;17.844;18.032
2020.05.06 18:00;18.036;18.082;17.478;17.742
2020.05.06 19:00;17.747;18.029;17.636;17.845
2020.05.06 20:00;17.849;18.051;17.613;17.849
2020.05.06 21:00;17.845;18.366;17.683;18.2
2020.05.06 22:00;18.204;18.494;18.181;18.277
2020.05.06 23:00;18.284;18.338;18.196;18.243
2020.05.07 01:00;18.351;18.514;17.985;18.047
2020.05.07 02:00;18.043;18.143;17.803;18.02
2020.05.07 03:00;18.024;18.457;18.024;18.322
2020.05.07 04:00;18.318;18.51;18.267;18.335
2020.05.07 05:00;18.333;18.393;18.198;18.219
2020.05.07 06:00;18.215;18.258;18.097;18.203
2020.05.07 07:00;18.208;18.395;18.121;18.326
2020.05.07 08:00;18.321;18.428;18.159;18.265
2020.05.07 09:00;18.26;18.274;17.9;17.963
2020.05.07 10:00;17.958;18.279;17.915;18.094
2020.05.07 11:00;18.099;18.425;17.976;18.323
2020.05.07 12:00;18.328;19.483;18.312;19.387
2020.05.07 13:00;19.383;19.792;19.17;19.493
2020.05.07 14:00;19.489;19.83;19.37;19.732
2020.05.07 15:00;19.726;19.868;19.573;19.835
2020.05.07 16:00;19.84;19.904;19.489;19.557
2020.05.07 17:00;19.552;19.595;19.113;19.134
2020.05.07 18:00;19.139;19.59;19.134;19.199
2020.05.07 19:00;19.203;19.26;18.743;18.83
2020.05.07 20:00;18.835;18.852;18.144;18.369
2020.05.07 21:00;18.364;18.528;17.539;17.764
2020.05.07 22:00;17.76;17.783;17.501;17.69
2020.05.07 23:00;17.687;17.944;17.665;17.821
2020.05.08 01:00;17.844;18.17;17.758;18.12
2020.05.08 02:00;18.121;18.152;17.795;18.044
2020.05.08 03:00;18.043;18.358;17.981;18.278
2020.05.08 04:00;18.273;18.448;18.267;18.316
2020.05.08 05:00;18.31;18.35;18.1;18.276
2020.05.08 06:00;18.271;18.326;18.136;18.242
2020.05.08 07:00;18.237;18.432;18.222;18.357
2020.05.08 08:00;18.356;18.418;18.245;18.406
2020.05.08 09:00;18.411;18.927;18.411;18.595
2020.05.08 10:00;18.59;18.809;18.441;18.686
2020.05.08 11:00;18.682;18.807;18.089;18.367
2020.05.08 12:00;18.372;18.559;18.321;18.37
2020.05.08 13:00;18.374;18.499;18.221;18.291
2020.05.08 14:00;18.287;18.352;17.904;18.199
2020.05.08 15:00;18.203;18.716;18.031;18.308
2020.05.08 16:00;18.304;18.655;18.268;18.483
2020.05.08 17:00;18.479;18.777;18.009;18.313
2020.05.08 18:00;18.308;18.56;18.246;18.42
2020.05.08 19:00;18.425;18.483;18.261;18.362
2020.05.08 20:00;18.366;18.609;18.303;18.577
2020.05.08 21:00;18.581;18.981;18.403;18.778
2020.05.08 22:00;18.782;18.862;18.64;18.787
2020.05.08 23:00;18.782;18.937;18.748;18.808
2020.05.11 01:00;19.033;19.184;18.751;18.919
2020.05.11 02:00;18.919;19.122;18.889;18.987
2020.05.11 03:00;18.981;18.992;18.589;18.608
2020.05.11 04:00;18.603;18.795;18.473;18.77
2020.05.11 05:00;18.775;18.829;18.677;18.812
2020.05.11 06:00;18.818;18.969;18.785;18.958
2020.05.11 07:00;18.963;19.18;18.918;18.988
2020.05.11 08:00;18.982;19;18.678;18.706
2020.05.11 09:00;18.702;19.031;18.63;18.938
2020.05.11 10:00;18.934;18.982;18.693;18.712
2020.05.11 11:00;18.708;18.859;18.556;18.627
2020.05.11 12:00;18.631;18.813;18.452;18.761
2020.05.11 13:00;18.756;18.841;18.583;18.73
2020.05.11 14:00;18.734;18.821;18.531;18.592
2020.05.11 15:00;18.598;19.695;18.587;19.142
2020.05.11 16:00;19.135;19.599;19.135;19.221
2020.05.11 17:00;19.229;19.488;19.101;19.124
2020.05.11 18:00;19.129;19.146;18.728;18.913
2020.05.11 19:00;18.917;18.99;18.728;18.869
2020.05.11 20:00;18.877;19.026;18.623;18.707
2020.05.11 21:00;18.703;18.903;18.308;18.851
2020.05.11 22:00;18.846;18.964;18.794;18.886
2020.05.11 23:00;18.89;18.924;18.669;18.737
2020.05.12 01:00;18.811;18.957;18.811;18.861
2020.05.12 02:00;18.866;18.927;18.748;18.774
2020.05.12 03:00;18.77;18.84;18.608;18.729
2020.05.12 04:00;18.733;18.832;18.647;18.735
2020.05.12 05:00;18.73;18.795;18.686;18.704
2020.05.12 06:00;18.709;18.719;18.628;18.698
2020.05.12 07:00;18.703;18.794;18.629;18.752
2020.05.12 08:00;18.745;18.897;18.72;18.832
2020.05.12 09:00;18.826;18.925;18.691;18.874
2020.05.12 10:00;18.869;19.083;18.826;19.024
2020.05.12 11:00;19.029;19.15;18.903;19.04
2020.05.12 12:00;19.044;19.285;19.012;19.246
2020.05.12 13:00;19.25;19.549;19.226;19.511
2020.05.12 14:00;19.506;19.611;19.45;19.549
2020.05.12 15:00;19.542;19.594;19.351;19.495
2020.05.12 16:00;19.503;19.765;19.349;19.494
2020.05.12 17:00;19.49;19.546;19.252;19.433
2020.05.12 18:00;19.438;19.96;19.191;19.476
2020.05.12 19:00;19.481;19.841;19.461;19.819
2020.05.12 20:00;19.815;19.915;19.601;19.653
2020.05.12 21:00;19.657;19.75;19.467;19.679
2020.05.12 22:00;19.674;19.805;19.499;19.525
2020.05.12 23:00;19.529;19.55;19.17;19.272
2020.05.13 01:00;19.264;19.326;19.085;19.192
2020.05.13 02:00;19.191;19.314;19.115;19.217
2020.05.13 03:00;19.221;19.361;19.123;19.279
2020.05.13 04:00;19.275;19.387;19.215;19.281
2020.05.13 05:00;19.275;19.473;19.26;19.451
2020.05.13 06:00;19.447;19.533;19.39;19.421
2020.05.13 07:00;19.426;19.518;19.385;19.505
2020.05.13 08:00;19.5;19.52;19.309;19.348
2020.05.13 09:00;19.343;19.598;19.313;19.534
2020.05.13 10:00;19.528;19.541;19.191;19.218
2020.05.13 11:00;19.222;19.521;19.069;19.405
2020.05.13 12:00;19.401;19.61;19.314;19.497
2020.05.13 13:00;19.503;19.817;19.484;19.722
2020.05.13 14:00;19.714;19.874;19.68;19.681
2020.05.13 15:00;19.675;19.823;19.589;19.679
2020.05.13 16:00;19.674;19.789;19.417;19.472
2020.05.13 17:00;19.468;20.169;19.306;19.47
2020.05.13 18:00;19.476;19.567;19.212;19.444
2020.05.13 19:00;19.449;19.517;19.202;19.208
2020.05.13 20:00;19.212;19.4;19.128;19.201
2020.05.13 21:00;19.197;19.308;18.911;19.259
2020.05.13 22:00;19.264;19.42;19.234;19.392
2020.05.13 23:00;19.398;19.585;19.394;19.439
2020.05.14 01:00;19.501;19.736;19.467;19.573
2020.05.14 02:00;19.579;19.624;19.51;19.586
2020.05.14 03:00;19.581;19.586;19.337;19.41
2020.05.14 04:00;19.406;19.421;19.198;19.367
2020.05.14 05:00;19.362;19.418;19.227;19.41
2020.05.14 06:00;19.405;19.471;19.336;19.424
2020.05.14 07:00;19.429;19.597;19.419;19.531
2020.05.14 08:00;19.526;19.582;19.431;19.556
2020.05.14 09:00;19.55;19.695;19.406;19.659
2020.05.14 10:00;19.654;19.835;19.628;19.735
2020.05.14 11:00;19.73;20.065;19.635;19.912
2020.05.14 12:00;19.918;20.353;19.83;20.306
2020.05.14 13:00;20.306;20.41;20.121;20.21
2020.05.14 14:00;20.218;20.306;19.908;19.966
2020.05.14 15:00;19.962;19.973;19.714;19.906
2020.05.14 16:00;19.911;20.066;19.76;19.859
2020.05.14 17:00;19.855;20.347;19.821;20.302
2020.05.14 18:00;20.308;20.433;20.109;20.19
2020.05.14 19:00;20.195;20.76;20.145;20.675
2020.05.14 20:00;20.68;20.931;20.573;20.827
2020.05.14 21:00;20.832;21.326;20.751;20.946
2020.05.14 22:00;20.95;21.088;20.894;21.077
2020.05.14 23:00;21.081;21.265;21.051;21.098
2020.05.15 01:00;21.13;21.239;20.96;21.145
2020.05.15 02:00;21.151;21.34;21.112;21.204
2020.05.15 03:00;21.212;21.231;20.817;20.832
2020.05.15 04:00;20.827;21.141;20.821;21.077
2020.05.15 05:00;21.081;21.096;20.984;21.051
2020.05.15 06:00;21.044;21.278;21.02;21.253
2020.05.15 07:00;21.258;21.335;21.165;21.306
2020.05.15 08:00;21.301;21.452;21.277;21.434
2020.05.15 09:00;21.429;21.707;21.419;21.592
2020.05.15 10:00;21.598;21.972;21.598;21.849
2020.05.15 11:00;21.854;21.938;21.526;21.542
2020.05.15 12:00;21.55;21.667;21.2;21.263
2020.05.15 13:00;21.258;21.491;21.187;21.271
2020.05.15 14:00;21.267;21.597;21.125;21.524
2020.05.15 15:00;21.52;21.932;21.412;21.885
2020.05.15 16:00;21.889;21.953;21.488;21.78
2020.05.15 17:00;21.785;22.151;21.624;21.697
2020.05.15 18:00;21.693;22.064;21.51;22.045
2020.05.15 19:00;22.051;22.389;22.001;22.194
2020.05.15 20:00;22.2;22.626;22.135;22.49
2020.05.15 21:00;22.485;22.576;22.303;22.459
2020.05.15 22:00;22.466;22.597;22.459;22.555
2020.05.15 23:00;22.56;22.676;22.492;22.609
2020.05.18 01:00;22.899;23.55;22.818;23.46
2020.05.18 02:00;23.466;23.6;23.382;23.537
2020.05.18 03:00;23.542;23.882;23.493;23.77
2020.05.18 04:00;23.776;23.847;23.649;23.739
2020.05.18 05:00;23.734;23.823;23.668;23.751
2020.05.18 06:00;23.759;23.803;23.489;23.534
2020.05.18 07:00;23.54;23.804;23.519;23.779
2020.05.18 08:00;23.775;23.854;23.702;23.765
2020.05.18 09:00;23.77;24.107;23.727;24.002
2020.05.18 10:00;24.006;24.177;23.879;24.097
2020.05.18 11:00;24.089;24.118;23.902;23.957
2020.05.18 12:00;23.964;24.448;23.957;24.344
2020.05.18 13:00;24.349;24.77;24.314;24.768
2020.05.18 14:00;24.764;24.975;24.601;24.818
2020.05.18 15:00;24.813;24.927;24.627;24.833
2020.05.18 16:00;24.839;25.21;24.746;24.916
2020.05.18 17:00;24.922;25.399;24.745;25.285
2020.05.18 18:00;25.291;25.67;25.169;25.36
2020.05.18 19:00;25.366;25.366;24.131;24.69
2020.05.18 20:00;24.694;24.945;24.298;24.548
2020.05.18 21:00;24.553;24.908;24.427;24.751
2020.05.18 22:00;24.746;24.934;24.709;24.844
2020.05.18 23:00;24.85;25.292;24.829;25.147
2020.05.19 01:00;25.069;25.53;24.996;25.528
2020.05.19 02:00;25.534;25.594;25.336;25.417
2020.05.19 03:00;25.413;25.475;25.312;25.395
2020.05.19 04:00;25.39;25.419;24.947;25.105
2020.05.19 05:00;25.109;25.119;24.49;24.647
2020.05.19 06:00;24.641;24.663;24.245;24.608
2020.05.19 07:00;24.616;24.949;24.604;24.927
2020.05.19 08:00;24.919;24.927;24.598;24.882
2020.05.19 09:00;24.888;25.073;24.676;24.809
2020.05.19 10:00;24.813;25.226;24.809;24.887
2020.05.19 11:00;24.895;24.992;24.736;24.83
2020.05.19 12:00;24.84;24.902;24.486;24.525
2020.05.19 13:00;24.529;24.877;24.48;24.776
2020.05.19 14:00;24.78;25.141;24.732;24.794
2020.05.19 15:00;24.8;25.067;24.762;24.95
2020.05.19 16:00;24.955;25.375;24.909;25.131
2020.05.19 17:00;25.127;25.244;24.695;24.882
2020.05.19 18:00;24.886;25.026;24.457;24.499
2020.05.19 19:00;24.504;24.821;24.4;24.766
2020.05.19 20:00;24.761;24.836;24.48;24.807
2020.05.19 21:00;24.803;25.137;24.776;24.891
2020.05.19 22:00;24.895;25.078;24.836;24.961
2020.05.19 23:00;24.969;25.09;24.69;24.984
2020.05.20 01:00;24.98;25.076;24.724;24.85
2020.05.20 02:00;24.846;24.883;24.763;24.795
2020.05.20 03:00;24.791;25.012;24.748;24.91
2020.05.20 04:00;24.914;25.113;24.892;25.045
2020.05.20 05:00;25.039;25.114;24.998;25.031
2020.05.20 06:00;25.035;25.271;25.013;25.185
2020.05.20 07:00;25.189;25.274;25.168;25.258
2020.05.20 08:00;25.254;25.35;25.032;25.126
2020.05.20 09:00;25.13;25.179;24.9;25.033
2020.05.20 10:00;25.038;25.193;24.844;24.845
2020.05.20 11:00;24.849;25.214;24.849;25.166
2020.05.20 12:00;25.17;25.309;25.153;25.254
2020.05.20 13:00;25.26;25.293;25.099;25.289
2020.05.20 14:00;25.28;25.779;25.238;25.639
2020.05.20 15:00;25.635;25.811;25.569;25.718
2020.05.20 16:00;25.726;26.292;25.671;26.227
2020.05.20 17:00;26.232;26.554;25.953;26.143
2020.05.20 18:00;26.148;26.237;25.719;26.017
2020.05.20 19:00;26.022;26.064;25.73;26.021
2020.05.20 20:00;26.026;26.196;25.87;26.103
2020.05.20 21:00;26.098;26.497;26.074;26.422
2020.05.20 22:00;26.427;26.616;26.372;26.505
2020.05.20 23:00;26.513;26.53;26.386;26.432
2020.05.21 01:00;26.423;26.56;26.313;26.482
2020.05.21 02:00;26.487;26.55;26.43;26.498
2020.05.21 03:00;26.492;26.649;26.392;26.561
2020.05.21 04:00;26.555;26.659;26.426;26.48
2020.05.21 05:00;26.484;26.628;26.454;26.614
2020.05.21 06:00;26.618;26.64;26.554;26.6
2020.05.21 07:00;26.593;27.039;26.593;26.98
2020.05.21 08:00;26.974;27.163;26.912;27.03
2020.05.21 09:00;27.036;27.22;26.906;27.048
2020.05.21 10:00;27.052;27.128;26.848;26.852
2020.05.21 11:00;26.856;27.209;26.751;27.131
2020.05.21 12:00;27.139;27.293;27.007;27.021
2020.05.21 13:00;27.026;27.154;26.95;27.118
2020.05.21 14:00;27.122;27.148;26.894;26.906
2020.05.21 15:00;26.91;27.454;26.886;27.221
2020.05.21 16:00;27.225;27.413;27.117;27.164
2020.05.21 17:00;27.172;27.341;26.878;26.956
2020.05.21 18:00;26.952;27.053;26.377;26.787
2020.05.21 19:00;26.791;26.967;26.522;26.54
2020.05.21 20:00;26.545;26.902;26.538;26.774
2020.05.21 21:00;26.779;26.994;26.704;26.808
2020.05.21 22:00;26.813;27.113;26.813;26.951
2020.05.21 23:00;26.959;27.068;26.953;26.988
2020.05.22 01:00;26.923;26.957;26.787;26.907
2020.05.22 02:00;26.903;27.023;26.854;27.015
2020.05.22 03:00;27.021;27.03;26.882;27.001
2020.05.22 04:00;27.005;27.031;26.544;26.635
2020.05.22 05:00;26.63;26.633;26.131;26.187
2020.05.22 06:00;26.181;26.299;24.442;25.333
2020.05.22 07:00;25.337;25.753;25.239;25.301
2020.05.22 08:00;25.295;25.532;24.934;25.306
2020.05.22 09:00;25.301;25.68;25.294;25.44
2020.05.22 10:00;25.446;25.566;25.022;25.136
2020.05.22 11:00;25.14;25.516;24.994;25.461
2020.05.22 12:00;25.471;25.623;25.377;25.49
2020.05.22 13:00;25.484;25.625;25.188;25.332
2020.05.22 14:00;25.328;25.866;25.316;25.827
2020.05.22 15:00;25.821;26.228;25.811;25.978
2020.05.22 16:00;25.984;26.39;25.938;26.052
2020.05.22 17:00;26.047;26.129;25.677;26.042
2020.05.22 18:00;26.05;26.332;26.004;26.241
2020.05.22 19:00;26.247;26.39;26.17;26.227
2020.05.22 20:00;26.231;26.564;26.231;26.401
2020.05.22 21:00;26.393;26.741;26.339;26.625
2020.05.22 22:00;26.617;26.823;26.604;26.753
2020.05.22 23:00;26.747;26.897;26.599;26.717
2020.05.25 01:00;27.128;27.169;26.37;26.728
2020.05.25 02:00;26.724;26.881;26.631;26.718
2020.05.25 03:00;26.722;27.02;26.722;26.876
2020.05.25 04:00;26.88;27.07;26.572;26.921
2020.05.25 05:00;26.915;27.085;26.861;27.079
2020.05.25 06:00;27.085;27.399;27.085;27.327
2020.05.25 07:00;27.321;27.452;27.226;27.268
2020.05.25 08:00;27.274;27.35;27.09;27.234
2020.05.25 09:00;27.23;27.439;27.214;27.313
2020.05.25 10:00;27.317;27.427;27.137;27.262
2020.05.25 11:00;27.27;27.367;27.098;27.336
2020.05.25 12:00;27.327;27.393;27.194;27.248
2020.05.25 13:00;27.254;27.352;27.165;27.313
2020.05.25 14:00;27.317;27.393;27.248;27.265
2020.05.25 15:00;27.27;27.364;27.238;27.248
2020.05.25 16:00;27.243;27.32;27.162;27.289
2020.05.25 17:00;27.285;27.483;27.198;27.472
2020.05.25 18:00;27.466;27.774;27.388;27.662
2020.05.25 19:00;27.667;27.896;27.474;27.521
2020.05.26 01:00;27.62;27.779;27.478;27.63
2020.05.26 02:00;27.634;27.826;27.634;27.745
2020.05.26 03:00;27.751;27.858;27.601;27.852
2020.05.26 04:00;27.86;27.945;27.746;27.846
2020.05.26 05:00;27.85;27.97;27.832;27.913
2020.05.26 06:00;27.918;28.023;27.879;28
2020.05.26 07:00;28.006;28.212;28;28.156
2020.05.26 08:00;28.147;28.214;28.108;28.164
2020.05.26 09:00;28.158;28.306;28.107;28.259
2020.05.26 10:00;28.265;28.298;28.179;28.206
2020.05.26 11:00;28.21;28.21;27.696;27.847
2020.05.26 12:00;27.853;28.07;27.821;27.964
2020.05.26 13:00;27.968;28.02;27.858;28.009
2020.05.26 14:00;28.003;28.052;27.899;27.96
2020.05.26 15:00;27.966;28.286;27.879;28.254
2020.05.26 16:00;28.258;28.586;28.071;28.102
2020.05.26 17:00;28.106;28.195;27.774;27.975
2020.05.26 18:00;27.98;27.985;27.52;27.533
2020.05.26 19:00;27.525;27.887;27.443;27.887
2020.05.26 20:00;27.878;28.141;27.796;27.837
2020.05.26 21:00;27.829;28.377;27.796;28.064
2020.05.26 22:00;28.06;28.17;27.916;28.085
2020.05.26 23:00;28.091;28.298;28.059;28.093
2020.05.27 01:00;28.11;28.176;28.037;28.06
2020.05.27 02:00;28.064;28.076;27.799;28.058
2020.05.27 03:00;28.064;28.133;27.824;28.011
2020.05.27 04:00;28.005;28.161;27.972;28.011
2020.05.27 05:00;28.015;28.111;27.898;28.096
2020.05.27 06:00;28.102;28.305;28.088;28.218
2020.05.27 07:00;28.212;28.291;28.166;28.249
2020.05.27 08:00;28.245;28.245;28.078;28.092
2020.05.27 09:00;28.086;28.219;27.787;27.845
2020.05.27 10:00;27.849;27.956;27.694;27.8
2020.05.27 11:00;27.806;28.185;27.682;28.149
2020.05.27 12:00;28.155;28.283;28.074;28.261
2020.05.27 13:00;28.269;28.316;27.989;28.064
2020.05.27 14:00;28.06;28.146;27.88;27.944
2020.05.27 15:00;27.938;28.083;27.599;27.614
2020.05.27 16:00;27.619;27.912;27.458;27.496
2020.05.27 17:00;27.5;27.676;26.629;26.785
2020.05.27 18:00;26.779;27.516;26.721;27.414
2020.05.27 19:00;27.419;27.794;27.392;27.57
2020.05.27 20:00;27.566;27.683;27.225;27.284
2020.05.27 21:00;27.278;27.418;26.867;27.018
2020.05.27 22:00;27.012;27.332;26.938;27.234
2020.05.27 23:00;27.235;27.268;26.332;26.699
2020.05.28 01:00;26.549;26.872;26.193;26.252
2020.05.28 02:00;26.256;26.369;25.839;26.345
2020.05.28 03:00;26.339;26.624;26.321;26.461
2020.05.28 04:00;26.467;26.709;26.355;26.606
2020.05.28 05:00;26.612;26.635;26.249;26.377
2020.05.28 06:00;26.371;26.381;25.998;26.05
2020.05.28 07:00;26.054;26.325;26.011;26.26
2020.05.28 08:00;26.251;26.545;26.21;26.465
2020.05.28 09:00;26.469;26.678;26.355;26.5
2020.05.28 10:00;26.506;26.601;26.244;26.506
2020.05.28 11:00;26.516;26.532;26.301;26.516
2020.05.28 12:00;26.522;27.24;26.51;26.809
2020.05.28 13:00;26.813;27.132;26.716;27.023
2020.05.28 14:00;27.029;27.443;27.023;27.331
2020.05.28 15:00;27.335;27.365;26.87;27.223
2020.05.28 16:00;27.217;27.482;27.089;27.398
2020.05.28 17:00;27.392;27.446;27.037;27.295
2020.05.28 18:00;27.304;27.947;26.975;27.721
2020.05.28 19:00;27.725;28.396;27.69;28.265
2020.05.28 20:00;28.259;28.539;28.252;28.332
2020.05.28 21:00;28.326;28.414;28.053;28.259
2020.05.28 22:00;28.255;28.314;27.778;28.013
2020.05.28 23:00;28.017;28.181;27.849;28.124
2020.05.29 01:00;28.149;28.162;28.009;28.082
2020.05.29 02:00;28.088;28.216;28.04;28.04
2020.05.29 03:00;28.032;28.044;27.714;27.722
2020.05.29 04:00;27.727;27.963;27.566;27.887
2020.05.29 05:00;27.892;27.924;27.702;27.881
2020.05.29 06:00;27.875;27.881;27.722;27.739
2020.05.29 07:00;27.747;27.856;27.688;27.85
2020.05.29 08:00;27.846;27.945;27.725;27.772
2020.05.29 09:00;27.766;27.829;27.543;27.783
2020.05.29 10:00;27.777;27.823;27.313;27.326
2020.05.29 11:00;27.331;27.542;27.178;27.37
2020.05.29 12:00;27.376;27.511;27.132;27.484
2020.05.29 13:00;27.478;27.606;27.259;27.319
2020.05.29 14:00;27.327;27.642;27.296;27.57
2020.05.29 15:00;27.564;27.835;27.503;27.616
2020.05.29 16:00;27.621;27.981;27.428;27.94
2020.05.29 17:00;27.935;28.264;27.792;28.156
2020.05.29 18:00;28.161;28.381;28.047;28.097
2020.05.29 19:00;28.103;28.192;27.813;27.973
2020.05.29 20:00;27.977;28.595;27.94;28.581
2020.05.29 21:00;28.585;30.067;28.487;29.613
2020.05.29 22:00;29.621;29.697;29.257;29.507
2020.05.29 23:00;29.513;29.848;29.488;29.782
2020.06.01 01:00;29.877;30.651;29.702;30.382
2020.06.01 02:00;30.384;30.45;30.032;30.121
2020.06.01 03:00;30.127;30.127;29.851;29.957
2020.06.01 04:00;29.951;30.215;29.93;30.145
2020.06.01 05:00;30.15;30.388;30.074;30.371
2020.06.01 06:00;30.367;30.491;30.148;30.2
2020.06.01 07:00;30.196;30.259;30.119;30.211
2020.06.01 08:00;30.206;30.263;30.024;30.227
2020.06.01 09:00;30.222;30.454;30.184;30.347
2020.06.01 10:00;30.353;30.463;30.193;30.292
2020.06.01 11:00;30.288;30.513;29.999;30.365
2020.06.01 12:00;30.361;30.365;30.061;30.145
2020.06.01 13:00;30.149;30.366;30.016;30.338
2020.06.01 14:00;30.332;30.417;30.24;30.324
2020.06.01 15:00;30.328;30.433;30.155;30.221
2020.06.01 16:00;30.213;30.221;29.391;29.866
2020.06.01 17:00;29.872;30.064;29.707;29.713
2020.06.01 18:00;29.719;30.042;29.419;29.808
2020.06.01 19:00;29.817;30.06;29.684;30.017
2020.06.01 20:00;30.026;30.357;29.974;30.181
2020.06.01 21:00;30.185;30.636;30.073;30.585
2020.06.01 22:00;30.591;30.71;30.363;30.609
2020.06.01 23:00;30.616;30.679;30.501;30.617
2020.06.02 01:00;30.542;30.655;30.492;30.495
2020.06.02 02:00;30.499;30.519;30.418;30.502
2020.06.02 03:00;30.498;30.638;30.362;30.625
2020.06.02 04:00;30.614;30.649;30.496;30.563
2020.06.02 05:00;30.557;30.612;30.497;30.521
2020.06.02 06:00;30.527;30.754;30.514;30.743
2020.06.02 07:00;30.739;30.807;30.674;30.728
2020.06.02 08:00;30.72;30.859;30.642;30.714
2020.06.02 09:00;30.718;30.84;30.671;30.758
2020.06.02 10:00;30.764;30.866;30.716;30.845
2020.06.02 11:00;30.851;31.299;30.792;31.277
2020.06.02 12:00;31.283;31.508;31.275;31.301
2020.06.02 13:00;31.295;31.494;31.293;31.336
2020.06.02 14:00;31.328;31.407;31.222;31.32
2020.06.02 15:00;31.316;31.424;30.966;30.981
2020.06.02 16:00;30.977;31.165;30.719;31.114
2020.06.02 17:00;31.108;31.325;30.996;31.16
2020.06.02 18:00;31.164;31.457;31.09;31.308
2020.06.02 19:00;31.314;31.64;31.282;31.516
2020.06.02 20:00;31.52;31.707;31.444;31.61
2020.06.02 21:00;31.616;31.909;31.542;31.784
2020.06.02 22:00;31.79;31.956;31.707;31.915
2020.06.02 23:00;31.908;32.083;31.873;31.928
2020.06.03 01:00;31.903;32.202;31.869;32.134
2020.06.03 02:00;32.13;32.382;32.108;32.243
2020.06.03 03:00;32.239;32.697;32.137;32.686
2020.06.03 04:00;32.679;32.832;32.578;32.623
2020.06.03 05:00;32.616;32.701;32.429;32.5
2020.06.03 06:00;32.493;32.694;32.467;32.575
2020.06.03 07:00;32.574;32.643;32.524;32.617
2020.06.03 08:00;32.609;33.052;32.591;33.009
2020.06.03 09:00;33.035;33.137;32.77;32.793
2020.06.03 10:00;32.787;32.828;32.62;32.707
2020.06.03 11:00;32.701;32.752;32.333;32.476
2020.06.03 12:00;32.47;32.642;32.443;32.57
2020.06.03 13:00;32.577;32.585;31.231;31.467
2020.06.03 14:00;31.475;31.615;31.205;31.439
2020.06.03 15:00;31.435;32.011;31.415;31.906
2020.06.03 16:00;31.91;32.17;31.643;31.998
2020.06.03 17:00;32.003;32.272;31.443;32.044
2020.06.03 18:00;32.036;32.447;31.572;31.804
2020.06.03 19:00;31.81;31.897;31.444;31.747
2020.06.03 20:00;31.752;32.234;31.746;32.125
2020.06.03 21:00;32.132;32.812;32.039;32.527
2020.06.03 22:00;32.523;32.563;31.519;32.071
2020.06.03 23:00;32.075;32.092;31.865;31.977
2020.06.04 01:00;32.005;32.045;31.809;32.012
2020.06.04 02:00;32.008;32.265;31.984;32.242
2020.06.04 03:00;32.239;32.367;32.007;32.143
2020.06.04 04:00;32.149;32.222;31.975;31.995
2020.06.04 05:00;31.989;32.006;31.873;31.976
2020.06.04 06:00;31.985;32.003;31.782;31.916
2020.06.04 07:00;31.922;32.004;31.898;31.96
2020.06.04 08:00;31.952;31.998;31.876;31.97
2020.06.04 09:00;31.979;32.109;31.861;32.049
2020.06.04 10:00;32.043;32.102;31.857;32.013
2020.06.04 11:00;32.007;32.269;31.992;32.244
2020.06.04 12:00;32.253;32.279;31.915;32.058
2020.06.04 13:00;32.063;32.232;31.96;32.132
2020.06.04 14:00;32.127;32.439;32.101;32.413
2020.06.04 15:00;32.419;32.452;32.105;32.219
2020.06.04 16:00;32.225;32.469;32.01;32.134
2020.06.04 17:00;32.128;32.378;32.128;32.155
2020.06.04 18:00;32.151;32.37;31.977;32.232
