2012.08.06 00:00;91.154;92.152;90.451;91.914
2012.08.07 00:00;91.904;94.25;91.609;93.363
2012.08.08 00:00;93.343;94.56;92.661;93.285
2012.08.09 00:00;93.295;94.063;92.922;93.327
2012.08.10 00:00;93.347;93.728;91.577;93.219
2012.08.11 00:00;93.209;93.269;93.159;93.259
2012.08.13 00:00;93.144;94.04;91.953;92.655
2012.08.14 00:00;92.645;93.833;92.467;93.217
2012.08.15 00:00;93.177;94.826;92.605;94.288
2012.08.16 00:00;94.278;95.688;93.863;95.249
2012.08.17 00:00;95.259;96.229;94.924;96.131
2012.08.18 00:00;96.121;96.201;96.101;96.161
2012.08.20 00:00;96.21;96.404;94.905;95.785
2012.08.21 00:00;95.775;97.437;95.647;96.525
2012.08.22 00:00;96.515;97.145;95.867;97.027
2012.08.23 00:00;97.017;97.899;95.375;95.586
2012.08.24 00:00;95.566;96.801;95.044;95.739
2012.08.27 00:00;96.334;97.382;94.09;95.44
2012.08.28 00:00;95.45;96.226;94.825;95.772
2012.08.29 00:00;95.762;96.07;94.466;94.938
2012.08.30 00:00;94.928;95.316;93.672;94.483
2012.08.31 00:00;94.503;96.648;94.235;96.181
2012.09.01 00:00;96.161;96.321;96.111;96.291
2012.09.03 00:00;96.139;97.067;95.771;96.768
2012.09.04 00:00;96.731;97.146;94.757;95.387
2012.09.05 00:00;95.357;95.789;94.059;95.669
2012.09.06 00:00;95.659;97.516;94.415;94.435
2012.09.07 00:00;94.455;96.562;93.906;96.165
2012.09.08 00:00;96.175;96.215;96.096;96.116
2012.09.10 00:00;96.093;96.494;95.203;96.146
2012.09.11 00:00;96.126;97.184;95.951;96.768
2012.09.12 00:00;96.778;97.944;96.199;96.762
2012.09.13 00:00;96.752;98.479;96.413;97.974
2012.09.14 00:00;97.954;100.329;97.894;98.897
2012.09.15 00:00;98.887;99.007;98.877;98.977
2012.09.17 00:00;99.095;99.474;94.609;96.35
2012.09.18 00:00;96.34;97.193;95.082;95.443
2012.09.19 00:00;95.433;96.172;91.242;91.782
2012.09.20 00:00;91.772;92.768;90.659;92.748
2012.09.21 00:00;92.728;93.542;92.297;92.767
2012.09.22 00:00;92.777;92.807;92.668;92.668
2012.09.24 00:00;92.906;92.906;90.799;91.789
2012.09.25 00:00;91.769;92.941;90.322;90.551
2012.09.26 00:00;90.561;91.092;88.713;89.882
2012.09.27 00:00;89.872;92.156;89.645;92.136
2012.09.28 00:00;92.106;92.48;91.174;91.816
2012.09.29 00:00;91.806;91.886;91.776;91.876
2012.10.01 00:00;91.945;93.128;91.059;92.133
2012.10.02 00:00;92.123;92.748;91.464;91.544
2012.10.03 00:00;91.524;91.637;87.53;87.81
2012.10.04 00:00;87.82;91.671;87.731;91.393
2012.10.05 00:00;91.403;91.548;88.855;89.765
2012.10.06 00:00;89.775;89.785;89.675;89.765
2012.10.08 00:00;89.714;89.76;88.081;89.552
2012.10.09 00:00;89.543;92.786;89.167;92.118
2012.10.10 00:00;92.128;93.543;90.908;91.219
2012.10.11 00:00;91.209;92.834;90.98;92.267
2012.10.12 00:00;92.287;92.543;91.066;91.517
2012.10.13 00:00;91.547;91.617;91.487;91.547
2012.10.15 00:00;91.556;92.131;89.724;91.645
2012.10.16 00:00;91.655;92.26;91.241;91.934
2012.10.17 00:00;91.944;92.8;91.501;91.963
2012.10.18 00:00;91.953;92.551;90.62;92.062
2012.10.19 00:00;92.072;93.074;89.791;90.111
2012.10.20 00:00;90.131;90.201;90.091;90.201
2012.10.22 00:00;89.678;90.9;88.215;88.764
2012.10.23 00:00;88.774;88.934;85.356;86.176
2012.10.24 00:00;86.166;87.137;84.622;85.351
2012.10.25 00:00;85.381;86.435;84.922;85.741
2012.10.26 00:00;85.702;86.071;84.7;85.893
2012.10.27 00:00;85.873;85.953;85.863;85.943
2012.10.29 00:00;86.156;86.156;84.401;84.971
2012.10.30 00:00;85.021;85.986;84.843;85.292
2012.10.31 00:00;85.282;86.946;85.282;85.802
2012.11.01 00:00;85.822;87.188;85.685;86.652
2012.11.02 00:00;86.662;87.019;84.448;84.609
2012.11.03 00:00;84.629;84.629;84.559;84.579
2012.11.05 00:00;84.464;85.722;84.159;85.603
2012.11.06 00:00;85.613;89.046;85.249;88.279
2012.11.07 00:00;88.289;88.634;83.898;84.408
2012.11.08 00:00;84.418;85.554;84.078;84.869
2012.11.09 00:00;84.879;86.636;83.998;85.939
2012.11.10 00:00;85.929;86.039;85.929;86.039
2012.11.12 00:00;86.083;86.441;85.174;85.476
2012.11.13 00:00;85.496;85.864;84.485;85.238
2012.11.14 00:00;85.258;86.577;84.856;86.328
2012.11.15 00:00;86.308;86.904;84.764;85.413
2012.11.16 00:00;85.423;87.055;85.08;86.778
2012.11.17 00:00;86.768;86.838;86.658;86.658
2012.11.19 00:00;86.987;89.486;86.798;88.9
2012.11.20 00:00;88.88;88.979;85.878;87.016
2012.11.21 00:00;87.036;87.6;86.087;87.375
2012.11.22 00:00;87.405;87.485;86.734;86.845
2012.11.23 00:00;86.847;88.259;86.439;87.991
2012.11.26 00:00;87.963;88.046;87.032;87.553
2012.11.27 00:00;87.543;88.016;86.603;87.144
2012.11.28 00:00;87.154;87.194;85.146;86.406
2012.11.29 00:00;86.426;88.478;86.337;87.523
2012.11.30 00:00;87.533;88.759;87.244;88.683
2012.12.03 00:00;88.683;90.125;88.466;88.735
2012.12.04 00:00;88.73;88.985;87.387;88.206
2012.12.05 00:00;88.201;88.864;87.29;87.727
2012.12.06 00:00;87.722;88.067;85.524;86.299
2012.12.07 00:00;86.294;86.76;85.624;85.859
2012.12.08 00:00;85.859;85.859;85.859;85.859
2012.12.09 00:00;85.859;85.859;85.859;85.859
2012.12.10 00:00;85.814;86.662;85.218;85.554
2012.12.11 00:00;85.549;86.249;85.103;85.583
2012.12.12 00:00;85.578;87.575;85.553;86.672
2012.12.13 00:00;86.667;86.875;85.722;86.022
2012.12.14 00:00;86.027;86.828;85.974;86.796
2012.12.17 00:00;87.032;87.642;86.431;87.406
2012.12.18 00:00;87.4;88.093;87.158;87.818
2012.12.19 00:00;87.823;89.797;87.728;89.145
2012.12.20 00:00;89.15;90.023;88.757;89.488
2012.12.21 00:00;89.493;89.559;87.469;88.409
2012.12.24 00:00;88.321;88.384;87.751;88.122
2012.12.26 00:00;88.122;90.867;88.122;90.672
2012.12.27 00:00;90.667;91.02;89.648;90.714
2012.12.28 00:00;90.709;91.082;89.926;90.313
2012.12.31 00:00;90.132;91.287;89.649;91.065
2013.01.02 00:00;91.53;93.519;91.486;92.645
2013.01.03 00:00;92.65;92.976;92.164;92.555
2013.01.04 00:00;92.56;92.854;91.232;92.785
2013.01.07 00:00;92.928;93.086;92.187;93.02
2013.01.08 00:00;93.015;93.548;92.433;92.916
2013.01.09 00:00;92.911;93.41;92.458;92.946
2013.01.10 00:00;92.951;94.476;92.864;93.685
2013.01.11 00:00;93.68;93.895;92.434;93.509
2013.01.14 00:00;93.495;94.124;92.819;94.071
2013.01.15 00:00;94.062;94.312;93.09;93.301
2013.01.16 00:00;93.296;94.232;92.994;94.111
2013.01.17 00:00;94.106;95.939;93.703;95.141
2013.01.18 00:00;95.146;95.587;94.829;95.285
2013.01.21 00:00;95.27;95.454;95.023;95.439
2013.01.22 00:00;95.382;96.405;94.995;96.188
2013.01.23 00:00;96.193;96.447;94.504;95.079
2013.01.24 00:00;95.083;96.226;94.672;95.532
2013.01.25 00:00;95.527;96.12;95.008;95.602
2013.01.26 00:00;95.602;95.602;95.602;95.602
2013.01.28 00:00;95.624;96.416;95.091;96.142
2013.01.29 00:00;96.147;97.44;95.921;96.945
2013.01.30 00:00;96.95;97.871;96.945;97.663
2013.01.31 00:00;97.668;97.688;96.497;97.076
2013.02.01 00:00;97.081;97.813;96.189;97.256
2013.02.03 00:00;97.256;97.256;97.256;97.256
2013.02.04 00:00;97.451;97.452;95.623;95.862
2013.02.05 00:00;95.857;96.8;95.643;96.426
2013.02.06 00:00;96.431;96.737;94.795;96.531
2013.02.07 00:00;96.536;96.971;95.317;95.646
2013.02.08 00:00;95.641;96.348;95.063;95.564
2013.02.09 00:00;95.564;95.564;95.564;95.564
2013.02.11 00:00;95.628;96.917;94.807;96.844
2013.02.12 00:00;96.839;97.628;96.526;97.344
2013.02.13 00:00;97.349;97.958;96.514;97.07
2013.02.14 00:00;97.058;97.604;96.686;97.201
2013.02.15 00:00;97.206;97.386;95.136;95.854
2013.02.16 00:00;95.854;95.854;95.854;95.854
2013.02.18 00:00;95.79;95.888;95.165;95.444
2013.02.19 00:00;95.418;96.604;95.232;96.545
2013.02.20 00:00;96.55;96.923;93.702;94.251
2013.02.21 00:00;94.256;94.366;92.125;92.459
2013.02.22 00:00;92.464;92.97;91.939;92.85
2013.02.25 00:00;92.805;94.002;91.639;91.662
2013.02.26 00:00;91.657;92.999;91.591;92.24
2013.02.27 00:00;92.245;92.964;91.779;92.452
2013.02.28 00:00;92.447;92.784;91.196;91.384
2013.03.01 00:00;91.377;91.591;89.684;90.57
2013.03.02 00:00;90.57;90.57;90.57;90.57
2013.03.04 00:00;90.447;90.592;89.03;89.965
2013.03.05 00:00;89.961;90.693;89.738;90.471
2013.03.06 00:00;90.476;90.878;89.285;90.141
2013.03.07 00:00;90.146;91.452;89.957;91.184
2013.03.08 00:00;91.179;91.773;90.588;91.616
2013.03.09 00:00;91.616;91.616;91.616;91.616
2013.03.11 00:00;91.654;91.93;90.684;91.753
2013.03.12 00:00;91.758;93.221;91.381;92.327
2013.03.13 00:00;92.322;93.118;91.625;92.204
2013.03.14 00:00;92.208;92.959;91.732;92.91
2013.03.15 00:00;92.919;93.566;92.732;93.308
2013.03.16 00:00;93.308;93.308;93.308;93.308
2013.03.18 00:00;93.002;93.716;91.575;93.648
2013.03.19 00:00;93.653;93.902;91.813;91.894
2013.03.20 00:00;91.889;93.051;91.817;92.874
2013.03.21 00:00;92.869;92.969;91.316;91.932
2013.03.22 00:00;91.925;93.422;91.807;93.353
2013.03.23 00:00;93.353;93.353;93.353;93.353
2013.03.25 00:00;93.253;95.177;93.226;94.176
2013.03.26 00:00;94.181;95.982;94.159;95.745
2013.03.27 00:00;95.74;96.386;95.137;96.204
2013.03.28 00:00;96.199;96.91;95.831;96.698
2013.03.29 00:00;96.694;96.793;96.673;96.773
2013.04.01 00:00;97.024;97.38;95.563;96.559
2013.04.02 00:00;96.554;97.082;95.563;96.513
2013.04.03 00:00;96.518;96.591;93.858;94.244
2013.04.04 00:00;94.239;94.518;91.82;93.029
2013.04.05 00:00;93.024;93.23;91.612;92.704
2013.04.06 00:00;92.704;92.704;92.704;92.704
2013.04.08 00:00;92.579;93.478;92.198;93.274
2013.04.09 00:00;93.269;94.212;92.612;93.704
2013.04.10 00:00;93.699;94.568;93.171;94.354
2013.04.11 00:00;94.349;94.415;92.851;93.273
2013.04.12 00:00;93.268;93.308;90.109;90.63
2013.04.13 00:00;90.63;90.63;90.63;90.63
2013.04.15 00:00;90.676;90.69;87.075;87.378
2013.04.16 00:00;87.373;88.833;85.958;88.758
2013.04.17 00:00;88.749;88.919;85.942;86.302
2013.04.18 00:00;86.297;88.319;85.483;88.106
2013.04.19 00:00;88.111;88.636;87.407;87.812
2013.04.22 00:00;87.923;89.095;87.319;88.916
2013.04.23 00:00;88.911;89.073;87.448;89.043
2013.04.24 00:00;89.048;91.306;88.855;91.282
2013.04.25 00:00;91.287;93.497;90.772;92.946
2013.04.26 00:00;92.941;93.217;91.718;92.545
2013.04.29 00:00;92.452;94.31;92.091;94.112
2013.04.30 00:00;94.107;94.251;92.527;92.651
2013.05.01 00:00;92.656;92.886;89.771;90.656
2013.05.02 00:00;90.648;93.909;90.324;93.722
2013.05.03 00:00;93.717;95.684;93.234;95.134
2013.05.06 00:00;95.256;96.829;94.586;95.565
2013.05.07 00:00;95.57;95.983;94.667;95.272
2013.05.08 00:00;95.267;96.496;94.975;96.383
2013.05.09 00:00;96.378;96.492;95.127;95.851
2013.05.10 00:00;95.846;96.013;93.162;95.648
2013.05.13 00:00;95.526;95.541;94.274;94.78
2013.05.14 00:00;94.775;95.466;93.699;94.024
2013.05.15 00:00;94.029;94.283;92;94.229
2013.05.16 00:00;94.233;95.422;93.118;95.031
2013.05.17 00:00;95.026;96.338;94.667;95.779
2013.05.20 00:00;95.926;96.976;95.116;96.549
2013.05.21 00:00;96.544;96.862;95.372;95.603
2013.05.22 00:00;95.608;95.844;93.68;93.765
2013.05.23 00:00;93.76;94.13;91.892;94.015
2013.05.24 00:00;94.01;94.095;92.721;93.522
2013.05.27 00:00;93.574;93.594;92.947;93.373
2013.05.28 00:00;93.33;95.636;93.256;94.842
2013.05.29 00:00;94.847;94.959;92.599;92.645
2013.05.30 00:00;92.65;93.721;91.431;93.33
2013.05.31 00:00;93.325;93.581;91.366;91.446
2013.06.03 00:00;91.582;93.47;91.099;93.078
2013.06.04 00:00;93.073;94.205;92.193;93.654
2013.06.05 00:00;93.649;94.282;93.224;93.557
2013.06.06 00:00;93.542;95.092;93.485;94.581
2013.06.07 00:00;94.586;96.197;93.581;96.029
2013.06.10 00:00;96.021;96.101;95.06;95.601
2013.06.11 00:00;95.596;95.751;93.927;94.757
2013.06.12 00:00;94.752;96.288;94.317;95.662
2013.06.13 00:00;95.657;96.791;94.904;96.597
2013.06.14 00:00;96.602;98.123;96.296;97.752
2013.06.17 00:00;97.744;98.626;97.288;97.842
2013.06.18 00:00;97.847;98.549;97.343;98.519
2013.06.19 00:00;98.524;98.896;97.48;97.819
2013.06.20 00:00;97.824;97.894;94.347;94.677
2013.06.21 00:00;94.682;95.548;92.838;93.608
2013.06.24 00:00;93.534;95.327;92.42;94.63
2013.06.25 00:00;94.635;95.912;94.343;94.977
2013.06.26 00:00;94.982;95.454;93.442;95.205
2013.06.27 00:00;95.2;97.167;95.116;96.62
2013.06.28 00:00;96.615;97.582;96.104;96.229
2013.07.01 00:00;96.351;98.069;95.868;97.876
2013.07.02 00:00;97.871;99.663;97.574;99.392
2013.07.03 00:00;99.397;101.985;99.377;101.018
2013.07.04 00:00;101.023;101.296;100.519;100.946
2013.07.05 00:00;100.927;103.297;100.724;103.282
2013.07.08 00:00;103.585;103.815;101.983;102.795
2013.07.09 00:00;102.79;104.185;102.18;104
2013.07.10 00:00;103.995;105.74;103.645;105.3
2013.07.11 00:00;105.295;106.5;103.705;104.095
2013.07.12 00:00;104.1;105.725;103.83;105.655
2013.07.15 00:00;105.605;106.17;104.25;105.945
2013.07.16 00:00;105.95;106.76;105.365;105.485
2013.07.17 00:00;105.48;106.39;104.77;106.31
2013.07.18 00:00;106.305;108.17;105.905;107.91
2013.07.19 00:00;107.905;108.9;106.9;108.185
2013.07.22 00:00;108.08;108.57;106.47;106.97
2013.07.23 00:00;106.975;107.41;105.44;107.375
2013.07.24 00:00;107.38;107.515;104.77;105.28
2013.07.25 00:00;105.275;105.84;104.06;105.565
2013.07.26 00:00;105.57;105.62;103.88;104.595
2013.07.29 00:00;104.655;105.345;103.85;104.558
2013.07.30 00:00;104.563;104.614;102.738;103.171
2013.07.31 00:00;103.176;105.182;102.851;105.146
2013.08.01 00:00;105.137;107.67;104.884;107.478
2013.08.02 00:00;107.473;108.471;106.315;106.745
2013.08.05 00:00;106.622;107.532;105.533;106.408
2013.08.06 00:00;106.403;107.139;104.868;105.696
2013.08.07 00:00;105.691;105.807;104.16;104.305
2013.08.08 00:00;104.3;105.02;102.34;103.664
2013.08.09 00:00;103.659;105.854;103.565;105.848
2013.08.12 00:00;105.595;106.221;104.776;106.13
2013.08.13 00:00;106.125;107.073;105.633;106.634
2013.08.14 00:00;106.639;107.23;105.797;107.14
2013.08.15 00:00;107.145;107.992;106.721;107.486
2013.08.16 00:00;107.491;108.405;106.847;107.99
2013.08.19 00:00;107.877;107.973;106.699;107.187
2013.08.20 00:00;107.192;107.357;105.016;105.547
2013.08.21 00:00;105.552;105.737;103.869;104.224
2013.08.22 00:00;104.229;105.571;103.892;105.521
2013.08.23 00:00;105.516;107.281;104.648;106.714
2013.08.26 00:00;107.146;107.668;105.862;106.557
2013.08.27 00:00;106.552;109.621;106.184;109.261
2013.08.28 00:00;109.256;112.536;109.241;109.839
2013.08.29 00:00;109.826;110.33;108.001;108.447
2013.08.30 00:00;108.44;109.009;107.027;107.922
2013.09.02 00:00;107.278;107.522;104.467;107.062
2013.09.03 00:00;107.089;109.033;106.761;108.725
2013.09.04 00:00;108.72;108.81;106.965;107.559
2013.09.05 00:00;107.566;108.716;107.318;108.603
2013.09.06 00:00;108.598;110.865;108.298;110.413
2013.09.09 00:00;110.319;110.594;108.811;109.037
2013.09.10 00:00;109.032;109.052;106.643;107.46
2013.09.11 00:00;107.465;108.184;106.722;107.888
2013.09.12 00:00;107.893;109.285;107.443;108.973
2013.09.13 00:00;108.978;109.043;107.45;108.86
2013.09.16 00:00;107.943;108.229;106.484;106.627
2013.09.17 00:00;106.617;106.848;105.269;105.602
2013.09.18 00:00;105.609;108.568;105.402;108.279
2013.09.19 00:00;108.274;109.011;106.394;106.519
2013.09.20 00:00;106.525;106.934;105.301;105.656
2013.09.23 00:00;105.533;105.848;103.839;104.174
2013.09.24 00:00;104.169;104.344;102.987;103.988
2013.09.25 00:00;103.982;104.628;102.855;103.011
2013.09.26 00:00;103.016;103.926;102.851;103.524
2013.09.27 00:00;103.519;104.386;102.978;103.434
2013.09.30 00:00;102.985;103.29;101.581;102.76
2013.10.01 00:00;102.755;103.087;101.552;102.142
2013.10.02 00:00;102.137;104.713;101.92;104.345
2013.10.03 00:00;104.34;104.843;103.33;103.433
2013.10.04 00:00;103.438;104.625;103.327;104.076
2013.10.07 00:00;103.773;104.095;102.221;103.493
2013.10.08 00:00;103.498;104.413;103.205;103.914
2013.10.09 00:00;103.904;104.065;101.5;101.689
2013.10.10 00:00;101.694;103.829;101.465;103.224
2013.10.11 00:00;103.229;103.269;101.061;102.273
2013.10.14 00:00;101.751;103.088;101.553;102.729
2013.10.15 00:00;102.724;102.955;101.492;101.512
2013.10.16 00:00;101.517;103.543;101.348;102.806
2013.10.17 00:00;102.8;102.919;100.597;101.298
2013.10.18 00:00;101.303;102.349;101.121;101.522
2013.10.21 00:00;101.297;101.561;99.742;99.845
2013.10.22 00:00;99.85;100.615;98.444;98.459
2013.10.23 00:00;98.464;98.587;96.459;97.424
2013.10.24 00:00;97.429;97.976;96.237;97.463
2013.10.25 00:00;97.458;98.33;97.272;98.149
2013.10.28 00:00;97.99;99.059;97.612;98.791
2013.10.29 00:00;98.786;98.796;97.982;98.063
2013.10.30 00:00;98.058;98.073;96.809;96.878
2013.10.31 00:00;96.883;97.236;96.238;96.461
2013.11.01 00:00;96.456;96.842;94.551;94.806
2013.11.04 00:00;94.678;95.229;94.211;94.671
2013.11.05 00:00;94.666;95.051;93.247;93.767
2013.11.06 00:00;93.772;95.559;93.757;95.003
2013.11.07 00:00;95.008;95.464;93.977;94.447
2013.11.08 00:00;94.454;95.095;94.07;94.541
2013.11.11 00:00;94.628;95.539;94.281;95.186
2013.11.12 00:00;95.191;95.383;93.147;93.452
2013.11.13 00:00;93.447;94.908;93.282;93.974
2013.11.14 00:00;93.979;94.881;93.013;94.482
2013.11.15 00:00;94.487;94.994;94.086;94.236
2013.11.18 00:00;94.273;94.795;93.247;93.493
2013.11.19 00:00;93.488;93.99;93.09;93.746
2013.11.20 00:00;93.751;94.343;93.124;93.58
2013.11.21 00:00;93.575;95.47;93.336;95.121
2013.11.22 00:00;95.117;95.438;93.93;94.7
2013.11.25 00:00;93.749;94.381;92.962;94.062
2013.11.26 00:00;94.067;94.573;93.326;93.441
2013.11.27 00:00;93.436;93.496;91.66;92.29
2013.11.28 00:00;92.295;92.295;91.963;92.133
2013.11.29 00:00;92.189;93.805;92.015;92.681
2013.12.02 00:00;92.564;93.986;92.476;93.802
2013.12.03 00:00;93.807;96.655;93.579;96.62
2013.12.04 00:00;96.615;97.448;96.222;97.195
2013.12.05 00:00;97.2;97.858;96.896;97.237
2013.12.06 00:00;97.232;97.984;96.992;97.677
2013.12.09 00:00;97.641;97.878;96.964;97.009
2013.12.10 00:00;97.004;98.578;96.999;98.372
2013.12.11 00:00;98.377;98.607;97.136;97.391
2013.12.12 00:00;97.396;98.134;97.293;97.343
2013.12.13 00:00;97.338;97.594;96.271;96.472
2013.12.16 00:00;96.63;97.718;96.261;97.24
2013.12.17 00:00;97.245;97.883;97.009;97.282
2013.12.18 00:00;97.287;98.01;97.03;97.647
2013.12.19 00:00;97.642;99.234;97.513;98.472
2013.12.20 00:00;98.467;99.151;98.302;98.908
2013.12.23 00:00;98.949;99.087;98.419;98.489
2013.12.24 00:00;98.484;99.089;98.315;98.994
2013.12.26 00:00;98.962;99.492;98.841;99.478
2013.12.27 00:00;99.473;100.547;99.165;99.929
2013.12.30 00:00;99.958;100.244;98.96;99.096
2013.12.31 00:00;99.101;99.211;97.987;98.457
2014.01.02 00:00;98.42;98.807;95.195;95.341
2014.01.03 00:00;95.336;95.586;93.724;94.074
2014.01.06 00:00;94.057;94.46;93.084;93.539
2014.01.07 00:00;93.544;94.098;93.238;93.815
2014.01.08 00:00;93.81;94.062;92.184;92.429
2014.01.09 00:00;92.434;92.866;91.202;92.28
2014.01.10 00:00;92.285;93.276;91.946;92.775
2014.01.13 00:00;92.809;92.837;91.401;91.556
2014.01.14 00:00;91.561;92.84;91.486;92.544
2014.01.15 00:00;92.539;94.565;92.383;94.271
2014.01.16 00:00;94.266;94.541;93.497;93.958
2014.01.17 00:00;93.953;94.83;93.82;94.079
2014.01.20 00:00;94.064;94.156;93.444;93.792
2014.01.21 00:00;93.746;95.254;93.716;95.041
2014.01.22 00:00;95.036;96.678;94.917;96.5
2014.01.23 00:00;96.495;97.633;96.211;97.175
2014.01.24 00:00;97.18;97.597;96.062;96.692
2014.01.27 00:00;96.759;96.998;95.037;95.527
2014.01.28 00:00;95.532;97.484;95.452;97.046
2014.01.29 00:00;97.041;97.581;96.139;97.315
2014.01.30 00:00;97.31;98.445;97.195;97.935
2014.01.31 00:00;97.93;98.253;96.97;97.337
2014.02.03 00:00;97.325;97.821;96.151;96.517
2014.02.04 00:00;96.524;97.563;96.261;97.481
2014.02.05 00:00;97.476;98.075;96.778;97.29
2014.02.06 00:00;97.283;98.782;97.239;98.073
2014.02.07 00:00;98.063;100.254;97.304;100.103
2014.02.10 00:00;100.132;100.47;99.15;99.872
2014.02.11 00:00;99.867;100.533;99.6;100.44
2014.02.12 00:00;100.389;101.346;100.17;100.384
2014.02.13 00:00;100.379;100.794;99.482;100.581
2014.02.14 00:00;100.578;100.777;99.775;100.635
2014.02.17 00:00;100.609;101.34;100.529;101.064
2014.02.18 00:00;101.021;103.108;100.763;103.055
2014.02.19 00:00;103.05;103.734;102.408;103.313
2014.02.20 00:00;103.318;103.464;102.711;103.3
2014.02.21 00:00;103.29;103.345;102.108;102.757
2014.02.24 00:00;102.748;103.823;102.346;103.197
2014.02.25 00:00;103.18;103.215;101.375;102.399
2014.02.26 00:00;102.394;103.237;101.923;102.882
2014.02.27 00:00;102.89;103.406;102.081;102.388
2014.02.28 00:00;102.383;103.264;102.112;102.964
2014.03.03 00:00;103.511;105.495;103.433;105.08
2014.03.04 00:00;105.075;105.217;103.105;103.603
2014.03.05 00:00;103.608;103.768;101.14;101.238
2014.03.06 00:00;101.246;102.313;100.513;102.196
2014.03.07 00:00;102.206;103.149;101.829;102.887
2014.03.10 00:00;102.959;102.959;101.091;101.201
2014.03.11 00:00;101.193;101.723;99.601;99.667
2014.03.12 00:00;99.677;99.839;97.883;98.469
2014.03.13 00:00;98.479;98.952;98.095;98.628
2014.03.14 00:00;98.611;99.62;98.415;99.255
2014.03.17 00:00;99.529;99.531;97.615;98.108
2014.03.18 00:00;98.1;99.582;97.882;99.24
2014.03.19 00:00;99.23;99.843;98.922;99.726
2014.03.20 00:00;99.72;100.029;98.651;99.152
2014.03.21 00:00;99.15;100.819;98.812;100.068
2014.03.24 00:00;99.834;100.807;99.564;99.919
2014.03.25 00:00;99.914;100.738;99.288;99.696
2014.03.26 00:00;99.701;100.928;99.585;100.718
2014.03.27 00:00;100.713;102.158;100.493;101.84
2014.03.28 00:00;101.835;102.684;101.645;102.043
2014.03.31 00:00;101.979;102.36;101.276;101.864
2014.04.01 00:00;101.859;101.929;99.636;100.02
2014.04.02 00:00;100.01;100.183;99.208;99.691
2014.04.03 00:00;99.686;100.825;99.407;100.797
2014.04.04 00:00;100.797;101.945;100.613;101.429
2014.04.07 00:00;101.212;101.581;100.182;101.035
2014.04.08 00:00;101.027;102.879;100.941;102.514
2014.04.09 00:00;102.519;103.738;102.171;103.294
2014.04.10 00:00;103.284;103.744;103.003;103.206
2014.04.11 00:00;103.211;104.09;102.873;103.143
2014.04.14 00:00;103.282;104.288;103.157;103.615
2014.04.15 00:00;103.623;104.037;102.952;103.749
2014.04.16 00:00;103.744;104.868;103.188;103.78
2014.04.17 00:00;103.777;104.659;103.492;104.422
2014.04.18 00:00;104.415;104.442;104.373;104.394
2014.04.21 00:00;104.414;104.487;103.613;104.249
2014.04.22 00:00;104.249;104.3;102.118;102.44
2014.04.23 00:00;102.43;102.674;101.8;102.136
2014.04.24 00:00;102.127;102.932;101.976;102.456
2014.04.25 00:00;102.451;102.618;101.028;101.182
2014.04.28 00:00;101.15;102.005;100.809;101.368
2014.04.29 00:00;101.368;102.669;101.168;101.22
2014.04.30 00:00;101.225;101.256;99.781;100.084
2014.05.01 00:00;100.079;100.295;99.151;99.701
2014.05.02 00:00;99.696;100.522;99.584;100.299
2014.05.05 00:00;100.315;100.757;99.239;99.702
2014.05.06 00:00;99.695;100.719;99.638;100.165
2014.05.07 00:00;100.16;101.269;100.074;101.08
2014.05.08 00:00;101.091;101.2;100.133;100.55
2014.05.09 00:00;100.555;101.41;99.949;100.295
2014.05.12 00:00;100.243;101.089;100.123;100.799
2014.05.13 00:00;100.804;102.219;100.556;102.181
2014.05.14 00:00;102.174;102.792;102.006;102.259
2014.05.15 00:00;102.252;102.527;101.605;101.928
2014.05.16 00:00;101.923;102.541;101.743;102.455
2014.05.19 00:00;102.402;103.202;102.248;102.866
2014.05.20 00:00;102.856;103.636;102.381;103.606
2014.05.21 00:00;103.603;104.968;103.469;104.537
2014.05.22 00:00;104.542;104.876;104.198;104.464
2014.05.23 00:00;104.459;105.132;104.282;105.015
2014.05.26 00:00;104.89;104.913;104.498;104.754
2014.05.27 00:00;104.837;105.051;104.116;104.722
2014.05.28 00:00;104.717;104.924;103.154;103.519
2014.05.29 00:00;103.519;104.432;103.108;104.059
2014.05.30 00:00;104.054;104.076;102.865;103.333
2014.06.02 00:00;103.327;103.756;102.49;102.872
2014.06.03 00:00;102.869;103.221;102.616;103.218
2014.06.04 00:00;103.223;104.037;102.739;102.784
2014.06.05 00:00;102.779;103.007;101.936;102.805
2014.06.06 00:00;102.81;103.384;102.582;103.016
2014.06.09 00:00;102.909;104.646;102.83;104.621
2014.06.10 00:00;104.616;105.15;104.027;104.271
2014.06.11 00:00;104.276;104.885;104.225;104.602
2014.06.12 00:00;104.607;107.082;104.463;106.945
2014.06.13 00:00;106.95;107.739;106.511;106.862
2014.06.16 00:00;107.02;107.612;106.837;106.95
2014.06.17 00:00;106.95;107.464;106.239;106.888
2014.06.18 00:00;106.888;107.225;106.12;106.548
2014.06.19 00:00;106.553;107.127;105.847;106.858
2014.06.20 00:00;106.853;107.646;106.532;107.379
2014.06.23 00:00;107.858;108.03;106.561;106.677
2014.06.24 00:00;106.669;107.086;105.887;106.438
2014.06.25 00:00;106.433;108.094;106.075;107.401
2014.06.26 00:00;107.396;107.439;105.609;106.187
2014.06.27 00:00;106.192;106.748;105.889;106.296
2014.06.30 00:00;106.222;106.25;105.147;105.922
2014.07.01 00:00;105.929;106.556;105.064;105.799
2014.07.02 00:00;105.807;105.971;104.538;104.67
2014.07.03 00:00;104.667;104.742;104.089;104.419
2014.07.04 00:00;104.414;104.527;104.039;104.157
2014.07.07 00:00;104.049;104.426;103.511;103.8
2014.07.08 00:00;103.794;104.514;103.314;103.717
2014.07.09 00:00;103.712;103.888;102.169;102.302
2014.07.10 00:00;102.297;103.252;101.803;103.15
2014.07.11 00:00;103.142;103.165;100.667;100.893
2014.07.14 00:00;100.649;101.43;100.38;101.327
2014.07.15 00:00;101.322;101.327;99.313;100.323
2014.07.16 00:00;100.325;101.509;100.23;101.492
2014.07.17 00:00;101.487;103.522;101.223;103.371
2014.07.18 00:00;103.366;103.588;102.241;102.356
2014.07.21 00:00;102.367;103.506;102.025;103.388
2014.07.22 00:00;103.388;103.936;102.626;102.676
2014.07.23 00:00;102.681;103.843;102.303;103.632
2014.07.24 00:00;103.632;103.818;102.364;102.468
2014.07.25 00:00;102.468;102.994;101.466;102.429
2014.07.28 00:00;102.279;102.516;101.3;102.061
2014.07.29 00:00;102.058;102.222;100.758;101.423
2014.07.30 00:00;101.418;102.04;99.795;99.904
2014.07.31 00:00;99.907;100.204;97.98;98
2014.08.01 00:00;97.995;98.427;97.417;97.944
2014.08.04 00:00;97.921;98.939;97.705;98.699
2014.08.05 00:00;98.689;98.936;97.256;97.878
2014.08.06 00:00;97.881;98.366;96.928;97.106
2014.08.07 00:00;97.099;97.935;96.775;97.765
2014.08.08 00:00;97.76;98.651;97.362;97.739
2014.08.11 00:00;97.641;98.731;97.531;98.037
2014.08.12 00:00;98.027;98.082;96.939;97.313
2014.08.13 00:00;97.313;97.902;96.842;97.452
2014.08.14 00:00;97.457;97.667;94.805;95.002
2014.08.15 00:00;94.997;96.325;94.852;96.017
2014.08.18 00:00;95.978;95.978;94.281;94.776
2014.08.19 00:00;94.771;95.214;93.447;93.671
2014.08.20 00:00;93.671;94.387;93.542;94.312
2014.08.21 00:00;94.307;95.238;93.25;94.681
2014.08.22 00:00;94.688;94.82;93.676;94.127
2014.08.25 00:00;94.147;94.644;93.734;94.075
2014.08.26 00:00;94.075;95.012;94.01;94.494
2014.08.27 00:00;94.494;94.878;93.993;94.376
2014.08.28 00:00;94.371;95.334;94.069;95.184
2014.08.29 00:00;95.194;96.593;95.089;96.412
2014.09.01 00:00;96.367;96.448;96.042;96.28
2014.09.02 00:00;96.272;96.388;93.151;93.737
2014.09.03 00:00;93.744;96.293;93.542;95.561
2014.09.04 00:00;95.569;95.835;94.59;94.968
2014.09.05 00:00;94.979;95.41;93.258;93.834
2014.09.08 00:00;93.861;93.971;92.126;93.443
2014.09.09 00:00;93.443;94.264;92.832;93.073
2014.09.10 00:00;93.063;93.326;91.488;91.965
2014.09.11 00:00;91.96;93.695;90.692;93.423
2014.09.12 00:00;93.418;93.912;92.194;92.478
2014.09.15 00:00;92.095;93.171;90.818;92.987
2014.09.16 00:00;92.977;95.193;92.598;94.792
2014.09.17 00:00;94.787;95.083;93.765;93.934
2014.09.18 00:00;93.926;94.628;92.819;92.934
2014.09.19 00:00;92.929;93.231;92.127;92.678
2014.09.22 00:00;92.542;92.808;91.286;91.596
2014.09.23 00:00;91.593;92.933;91.467;92.587
2014.09.24 00:00;92.588;94.121;91.945;93.717
2014.09.25 00:00;93.717;94.348;92.847;93.262
2014.09.26 00:00;93.269;94.636;93.012;94.156
2014.09.29 00:00;94.061;95.325;93.432;95.112
2014.09.30 00:00;95.117;95.567;91.496;92.069
2014.10.01 00:00;92.064;93.584;91.068;91.339
2014.10.02 00:00;91.349;92.114;88.746;91.977
2014.10.03 00:00;91.972;92.348;89.894;90.234
2014.10.06 00:00;90.16;91.175;89.199;90.897
2014.10.07 00:00;90.892;90.992;88.865;88.913
2014.10.08 00:00;88.913;89.029;87.191;88.08
2014.10.09 00:00;88.085;88.296;84.388;84.787
2014.10.10 00:00;84.784;86.592;83.868;85.815
2014.10.13 00:00;85.561;86.094;84.297;85.11
2014.10.14 00:00;85.107;85.801;81.496;82.485
2014.10.15 00:00;82.475;82.614;80.17;81.047
2014.10.16 00:00;81.047;84.951;79.929;83.135
2014.10.17 00:00;83.14;84.586;82.577;83.103
2014.10.20 00:00;83.224;83.503;81.528;82.683
2014.10.21 00:00;82.678;84;82.299;83.334
2014.10.22 00:00;83.344;83.857;80.908;81.083
2014.10.23 00:00;81.088;83.048;80.729;82.647
2014.10.24 00:00;82.657;82.657;80.995;81.941
2014.10.27 00:00;81.826;81.836;80.005;81.234
2014.10.28 00:00;81.229;82.21;80.918;82.093
2014.10.29 00:00;82.09;83.413;81.982;82.489
2014.10.30 00:00;82.494;82.606;81.218;81.453
2014.10.31 00:00;81.448;81.747;80.016;81.104
2014.11.03 00:00;81.034;81.382;78.468;78.641
2014.11.04 00:00;78.646;78.785;76.196;77.808
2014.11.05 00:00;77.808;79.695;76.804;79.252
2014.11.06 00:00;79.247;79.357;77.43;78.184
2014.11.07 00:00;78.184;79.697;77.769;78.881
2014.11.10 00:00;78.667;80.08;77.352;77.421
2014.11.11 00:00;77.431;78.235;76.617;77.679
2014.11.12 00:00;77.674;78.194;76.868;77.174
2014.11.13 00:00;77.169;77.349;74.267;74.455
2014.11.14 00:00;74.452;76.521;73.458;76.171
2014.11.17 00:00;76.102;76.37;74.98;75.724
2014.11.18 00:00;75.714;76.681;74.378;74.474
2014.11.19 00:00;74.469;75.626;74.13;74.585
2014.11.20 00:00;74.587;76.514;74.402;76.466
2014.11.21 00:00;76.471;78.014;75.821;76.878
2014.11.24 00:00;76.896;77.199;75.649;75.874
2014.11.25 00:00;75.882;76.752;73.88;74.033
2014.11.26 00:00;74.038;74.613;73.465;73.678
2014.11.27 00:00;73.668;73.722;67.879;69.115
2014.11.28 00:00;68.969;69.756;65.823;66.194
2014.12.01 00:00;66.076;69.655;63.834;69.347
2014.12.02 00:00;69.342;69.487;66.755;67.685
2014.12.03 00:00;67.703;68.319;66.905;67.388
2014.12.04 00:00;67.391;68.328;66.2;66.881
2014.12.05 00:00;66.879;66.987;65.264;65.711
2014.12.08 00:00;65.591;65.601;62.84;63.09
2014.12.09 00:00;63.09;64.248;62.321;63.49
2014.12.10 00:00;63.495;63.515;60.489;61.176
2014.12.11 00:00;61.181;61.724;59.099;59.271
2014.12.12 00:00;59.267;59.601;57.39;57.523
2014.12.15 00:00;56.553;58.775;55.213;55.435
2014.12.16 00:00;55.438;57.213;53.742;55.568
2014.12.17 00:00;55.563;59.05;54.403;56.019
2014.12.18 00:00;56.014;58.818;54.078;55.06
2014.12.19 00:00;55.063;58.201;54.231;57.653
2014.12.22 00:00;57.534;58.332;54.959;55.145
2014.12.23 00:00;55.145;57.371;54.909;56.456
2014.12.24 00:00;56.466;56.968;54.907;55.701
2014.12.26 00:00;55.717;56.429;54.363;54.944
2014.12.29 00:00;54.923;55.577;52.777;53.611
2014.12.30 00:00;53.606;54.184;52.568;53.712
2014.12.31 00:00;53.716;53.789;52.392;52.762
2015.01.02 00:00;53.672;54.99;51.928;52.531
2015.01.05 00:00;52.525;52.575;49.589;49.809
2015.01.06 00:00;49.809;50.277;47.471;47.941
2015.01.07 00:00;47.941;49.223;46.748;48.737
2015.01.08 00:00;48.728;49.565;47.663;48.902
2015.01.09 00:00;48.912;49.534;47.095;48.125
2015.01.12 00:00;48.085;48.107;45.583;45.655
2015.01.13 00:00;45.651;46.684;44.109;46.135
2015.01.14 00:00;46.125;48.68;44.97;48.221
2015.01.15 00:00;48.215;51.004;45.868;46.055
2015.01.16 00:00;46.05;48.656;45.748;48.243
2015.01.19 00:00;48.375;48.566;47.203;47.293
2015.01.20 00:00;47.358;47.652;45.761;46.061
2015.01.21 00:00;46.062;47.624;46.003;46.821
2015.01.22 00:00;46.811;48.52;45.35;45.939
2015.01.23 00:00;45.936;47.213;44.786;44.791
2015.01.26 00:00;44.695;45.914;43.891;44.605
2015.01.27 00:00;44.6;46.114;44.37;45.331
2015.01.28 00:00;45.347;45.383;43.681;43.965
2015.01.29 00:00;43.97;44.569;43.2;44.047
2015.01.30 00:00;44.042;47.943;43.939;47.332
2015.02.02 00:00;47.337;50.136;46.316;49.619
2015.02.03 00:00;49.609;53.865;49.331;51.264
2015.02.04 00:00;51.26;52.217;47.639;48.223
2015.02.05 00:00;48.233;51.767;47.066;50.354
2015.02.06 00:00;50.355;52.854;50.322;51.856
2015.02.09 00:00;52.332;53.73;51.411;52.361
2015.02.10 00:00;52.354;52.412;49.651;50.71
2015.02.11 00:00;50.705;50.87;47.937;49.277
2015.02.12 00:00;49.28;51.485;49.055;51.039
2015.02.13 00:00;51.042;53.306;50.933;52.482
2015.02.16 00:00;52.813;53.452;51.968;52.598
2015.02.17 00:00;52.567;53.965;50.746;53.064
2015.02.18 00:00;53.074;53.292;50.159;50.354
2015.02.19 00:00;50.348;51.874;49.009;51.235
2015.02.20 00:00;51.227;51.647;49.92;49.985
2015.02.23 00:00;50.011;50.259;47.985;48.745
2015.02.24 00:00;48.74;49.649;48.027;48.416
2015.02.25 00:00;48.411;50.62;47.825;50.376
2015.02.26 00:00;50.369;50.533;47.21;48.39
2015.02.27 00:00;48.381;49.338;47.899;48.832
2015.03.02 00:00;48.938;50.517;48.208;49.336
2015.03.03 00:00;49.328;50.323;48.965;50.079
2015.03.04 00:00;50.069;51.519;49.149;51.206
2015.03.05 00:00;51.206;51.952;50.214;50.531
2015.03.06 00:00;50.527;50.875;48.725;49.458
2015.03.09 00:00;49.433;50.437;49.102;49.794
2015.03.10 00:00;49.796;50.055;48.117;48.646
2015.03.11 00:00;48.637;48.922;47.381;48.453
2015.03.12 00:00;48.448;48.888;47.146;47.329
2015.03.13 00:00;47.324;47.726;45.339;45.637
2015.03.16 00:00;45.563;45.674;43.631;44.644
2015.03.17 00:00;44.625;44.774;43.121;43.25
2015.03.18 00:00;43.252;46.041;42.693;45.338
2015.03.19 00:00;45.337;45.471;43.45;44.247
2015.03.20 00:00;44.247;46.058;43.532;45.134
2015.03.23 00:00;45.093;46.381;44.142;46.125
2015.03.24 00:00;46.13;47.329;45.479;46.437
2015.03.25 00:00;46.431;48.252;45.847;47.813
2015.03.26 00:00;47.823;51.234;47.562;50.04
2015.03.27 00:00;50.033;50.186;47.134;47.373
2015.03.30 00:00;47.577;48.17;46.665;47.792
2015.03.31 00:00;47.799;47.799;46.377;46.725
2015.04.01 00:00;46.73;49.543;46.186;48.705
2015.04.02 00:00;48.691;49.384;47.285;48.569
2015.04.03 00:00;48.578;48.66;48.495;48.66
2015.04.06 00:00;48.891;51.523;48.875;51.221
2015.04.07 00:00;51.226;53.435;50.509;52.292
2015.04.08 00:00;52.287;52.512;49.774;50.381
2015.04.09 00:00;50.386;51.49;49.96;50.179
2015.04.10 00:00;50.184;51.285;49.557;51.107
2015.04.13 00:00;51.353;52.529;51.054;51.621
2015.04.14 00:00;51.622;53.117;51.448;52.875
2015.04.15 00:00;52.87;55.653;52.671;55.011
2015.04.16 00:00;55.016;56.588;54.396;55.737
2015.04.17 00:00;55.742;56.177;54.753;55.468
2015.04.20 00:00;55.753;56.642;54.474;55.932
2015.04.21 00:00;55.936;56.141;54.288;54.457
2015.04.22 00:00;54.455;55.364;53.938;54.439
2015.04.23 00:00;54.434;56.624;54.043;55.764
2015.04.24 00:00;55.75;56.221;54.837;55.624
2015.04.27 00:00;55.823;56.359;55.053;55.143
2015.04.28 00:00;55.138;56.37;54.637;55.566
2015.04.29 00:00;55.566;57.91;55.169;57.16
2015.04.30 00:00;57.164;58.487;57.001;58.459
2015.05.01 00:00;58.449;58.552;57.044;57.904
2015.05.04 00:00;58.156;58.609;57.38;57.944
2015.05.05 00:00;57.941;60.033;57.597;59.697
2015.05.06 00:00;59.689;61.555;59.564;59.702
2015.05.07 00:00;59.692;60.37;57.618;58.143
2015.05.08 00:00;58.138;59.054;57.327;58.592
2015.05.11 00:00;58.654;59.212;58.164;58.694
2015.05.12 00:00;58.692;60.677;58.569;60.646
2015.05.13 00:00;60.651;61.185;59.51;59.6
2015.05.14 00:00;59.599;60.317;58.933;59.264
2015.05.15 00:00;59.256;59.392;57.938;59.376
2015.05.18 00:00;59.301;60.367;58.57;59.154
2015.05.19 00:00;59.147;59.15;56.72;57.035
2015.05.20 00:00;57.043;57.838;56.91;57.582
2015.05.21 00:00;57.583;59.731;57.517;59.482
2015.05.22 00:00;59.475;59.612;58.219;58.738
2015.05.25 00:00;58.917;59.194;58.069;58.761
2015.05.26 00:00;58.791;58.905;56.744;57.404
2015.05.27 00:00;57.399;57.982;56.445;56.657
2015.05.28 00:00;56.662;57.16;55.63;57.096
2015.05.29 00:00;57.101;59.794;56.857;59.416
2015.06.01 00:00;59.471;59.839;58.555;59.487
2015.06.02 00:00;59.487;60.808;59.321;60.27
2015.06.03 00:00;60.273;60.648;58.639;58.877
2015.06.04 00:00;58.872;59.257;57.182;57.325
2015.06.05 00:00;57.33;58.606;56.231;58.33
2015.06.08 00:00;58.279;58.586;57.35;57.792
2015.06.09 00:00;57.795;60.162;57.723;60.046
2015.06.10 00:00;60.044;61.345;59.956;60.667
2015.06.11 00:00;60.658;61.09;59.803;60.144
2015.06.12 00:00;60.139;60.22;59.371;59.643
2015.06.15 00:00;59.519;59.648;58.455;59.341
2015.06.16 00:00;59.338;60.069;59.148;59.817
2015.06.17 00:00;59.822;61.079;58.639;59.507
2015.06.18 00:00;59.517;60.597;58.982;60.179
2015.06.19 00:00;60.184;60.232;58.582;59.102
2015.06.22 00:00;59.127;60.013;58.671;59.632
2015.06.23 00:00;59.627;60.868;58.958;60.492
2015.06.24 00:00;60.482;60.982;59.24;59.681
2015.06.25 00:00;59.674;59.9;58.881;59.114
2015.06.26 00:00;59.124;59.44;58.244;59.119
2015.06.29 00:00;58.502;58.813;57.584;57.768
2015.06.30 00:00;57.765;59.245;57.5;58.575
2015.07.01 00:00;58.565;58.632;56.282;56.448
2015.07.02 00:00;56.443;57.553;56.134;56.164
2015.07.03 00:00;56.159;56.419;55.057;55.14
2015.07.06 00:00;54.286;55.025;52.13;52.413
2015.07.07 00:00;52.41;53.166;50.314;52.667
2015.07.08 00:00;52.662;52.68;50.668;51.57
2015.07.09 00:00;51.575;53.308;51.247;52.418
2015.07.10 00:00;52.403;53.616;51.74;52.624
2015.07.13 00:00;52.012;53.002;51.101;51.898
2015.07.14 00:00;51.893;53.201;50.744;53.149
2015.07.15 00:00;53.154;53.341;51.027;51.407
2015.07.16 00:00;51.41;51.975;50.625;50.76
2015.07.17 00:00;50.75;51.015;49.981;50.602
2015.07.20 00:00;50.612;51.088;49.685;49.755
2015.07.21 00:00;49.765;50.937;49.623;50.208
2015.07.22 00:00;50.201;50.236;48.613;48.783
2015.07.23 00:00;48.782;49.203;47.794;48.443
2015.07.24 00:00;48.437;48.622;47.33;47.682
2015.07.27 00:00;47.592;47.835;46.572;46.634
2015.07.28 00:00;46.629;48.103;46.353;47.431
2015.07.29 00:00;47.428;49.179;47.059;48.549
2015.07.30 00:00;48.554;49.038;48.02;48.131
2015.07.31 00:00;48.136;48.312;46.415;46.507
2015.08.03 00:00;46.523;46.678;44.847;45.097
2015.08.04 00:00;45.104;45.992;45.065;45.736
2015.08.05 00:00;45.734;46.472;44.622;44.925
2015.08.06 00:00;44.925;45.059;44;44.63
2015.08.07 00:00;44.625;44.958;43.523;43.596
2015.08.10 00:00;43.31;44.858;43.198;44.653
2015.08.11 00:00;44.648;45.192;42.564;43.007
2015.08.12 00:00;43.011;43.753;42.68;43.299
2015.08.13 00:00;43.285;43.604;41.877;42.194
2015.08.14 00:00;42.194;42.761;41.333;41.974
2015.08.17 00:00;42.057;42.494;41.553;41.711
2015.08.18 00:00;41.706;42.674;41.259;42.103
2015.08.19 00:00;42.108;42.5;40.159;40.251
2015.08.20 00:00;40.246;41.166;39.877;40.314
2015.08.21 00:00;40.314;40.778;39.27;39.633
2015.08.24 00:00;39.719;39.911;37.239;37.578
2015.08.25 00:00;37.571;39.36;37.568;38.961
2015.08.26 00:00;38.958;39.347;38.035;38.435
2015.08.27 00:00;38.432;42.334;38.398;42.12
2015.08.28 00:00;42.117;45.358;41.286;44.719
2015.08.31 00:00;44.652;48.817;43.15;47.552
2015.09.01 00:00;47.547;48.376;43.809;43.834
2015.09.02 00:00;43.839;46.327;42.805;45.554
2015.09.03 00:00;45.549;47.979;45.234;46.22
2015.09.04 00:00;46.213;46.81;45.274;45.29
2015.09.07 00:00;45.295;45.585;43.914;43.934
2015.09.08 00:00;43.834;46.093;43.829;45.43
2015.09.09 00:00;45.425;45.954;43.778;43.841
2015.09.10 00:00;43.834;45.778;43.098;45.385
2015.09.11 00:00;45.375;45.609;43.924;44.527
2015.09.14 00:00;44.563;44.77;43.409;43.869
2015.09.15 00:00;43.865;44.947;43.686;44.787
2015.09.16 00:00;44.792;47.038;44.531;46.937
2015.09.17 00:00;46.937;47.379;46.04;46.487
2015.09.18 00:00;46.492;46.676;43.985;44.633
2015.09.21 00:00;44.704;46.428;44.454;46.131
2015.09.22 00:00;46.104;46.154;44.82;45.978
2015.09.23 00:00;45.946;46.601;43.885;44.09
2015.09.24 00:00;44.078;44.665;43.217;44.567
2015.09.25 00:00;44.521;45.842;44.354;44.876
2015.09.28 00:00;44.912;45.042;43.879;44.049
2015.09.29 00:00;43.983;45.284;43.921;44.43
2015.09.30 00:00;44.457;45.441;44.278;44.943
2015.10.01 00:00;44.931;46.689;44.261;44.689
2015.10.02 00:00;44.643;45.444;43.625;45.29
2015.10.05 00:00;45.272;46.592;44.897;45.938
2015.10.06 00:00;45.902;48.765;45.44;48.735
2015.10.07 00:00;48.703;49.409;47.423;47.871
2015.10.08 00:00;47.789;49.776;47.491;49.463
2015.10.09 00:00;49.322;50.667;48.928;49.269
2015.10.12 00:00;49.304;49.94;46.858;47.249
2015.10.13 00:00;47.222;48.273;46.3;46.46
2015.10.14 00:00;46.478;46.81;45.831;46.102
2015.10.15 00:00;46.135;46.891;45.173;46.766
2015.10.16 00:00;46.774;47.335;46.035;47.089
2015.10.19 00:00;47.069;47.32;45.673;46.014
2015.10.20 00:00;46.042;46.38;45.194;45.366
2015.10.21 00:00;45.328;45.55;44.357;44.727
2015.10.22 00:00;44.743;45.593;44.405;44.927
2015.10.23 00:00;44.896;45.258;43.735;44.269
2015.10.26 00:00;44.3;44.507;43.233;43.318
2015.10.27 00:00;43.385;43.505;42.194;43.011
2015.10.28 00:00;42.995;45.813;42.686;45.779
2015.10.29 00:00;45.668;46.374;44.782;45.374
2015.10.30 00:00;45.352;46.657;45.119;46.026
2015.11.02 00:00;46.068;46.406;45.25;45.763
2015.11.03 00:00;45.781;48.041;45.657;47.347
2015.11.04 00:00;47.45;47.976;45.888;46.268
2015.11.05 00:00;46.317;46.367;44.854;45.104
2015.11.06 00:00;45.162;45.385;43.868;44.307
2015.11.09 00:00;44.277;44.909;43.45;43.887
2015.11.10 00:00;43.878;44.574;43.398;43.49
2015.11.11 00:00;43.424;43.942;42.512;42.822
2015.11.12 00:00;42.837;43.131;41.52;41.595
2015.11.13 00:00;41.593;42.193;40.28;40.714
2015.11.16 00:00;40.893;42.02;40.045;41.89
2015.11.17 00:00;41.756;41.93;40.484;40.984
2015.11.18 00:00;40.978;41.5;40.182;40.882
2015.11.19 00:00;40.959;41.248;40.178;40.795
2015.11.20 00:00;40.798;41.681;40.315;40.431
2015.11.23 00:00;40.549;41.763;39.482;41.04
2015.11.24 00:00;41.054;42.492;40.919;41.71
2015.11.25 00:00;41.738;42.316;40.825;42.312
2015.11.26 00:00;42.292;42.386;41.421;41.612
2015.11.27 00:00;41.717;41.873;40.849;40.943
2015.11.30 00:00;41.076;41.857;40.765;40.954
2015.12.01 00:00;40.944;41.521;40.479;40.937
2015.12.02 00:00;40.974;41.302;39.208;39.492
2015.12.03 00:00;39.506;41.141;39.445;40.673
2015.12.04 00:00;40.682;41.385;39.026;39.561
2015.12.07 00:00;39.572;39.623;37.049;37.194
2015.12.08 00:00;37.207;38.146;36.212;37.418
2015.12.09 00:00;37.42;38.571;36.472;36.807
2015.12.10 00:00;36.872;37.156;36.031;36.193
2015.12.11 00:00;36.281;36.492;34.853;35.026
2015.12.14 00:00;35.158;36.298;34.295;35.888
2015.12.15 00:00;35.867;37.442;35.709;36.366
2015.12.16 00:00;36.39;36.905;35.015;35.432
2015.12.17 00:00;35.507;35.542;34.505;34.655
2015.12.18 00:00;34.667;35.473;34.272;34.435
2015.12.21 00:00;34.556;34.796;34.072;34.473
2015.12.22 00:00;34.52;35.26;34.405;35.164
2015.12.23 00:00;35.201;36.664;35.027;36.599
2015.12.24 00:00;36.587;37.03;36.155;36.864
2015.12.28 00:00;36.935;36.979;35.589;35.618
2015.12.29 00:00;35.681;36.925;35.645;36.378
2015.12.30 00:00;36.387;36.403;35.459;35.87
2015.12.31 00:00;35.867;36.856;35.331;36.623
2016.01.01 00:00;36.133;36.133;36.133;36.133
2016.01.04 00:00;36.832;37.626;35.618;36.165
2016.01.05 00:00;36.19;36.383;35.086;35.496
2016.01.06 00:00;35.501;35.696;33.189;33.472
2016.01.07 00:00;33.517;33.7;31.567;32.732
2016.01.08 00:00;32.747;33.785;32.152;32.383
2016.01.11 00:00;32.507;32.819;30.53;30.775
2016.01.12 00:00;30.775;31.869;29.627;30.25
2016.01.13 00:00;30.21;31.422;29.82;30.293
2016.01.14 00:00;30.326;31.514;30.02;30.935
2016.01.15 00:00;30.899;30.939;28.937;29.471
2016.01.18 00:00;29.077;29.741;28.25;28.878
2016.01.19 00:00;28.972;30.224;28.329;28.416
2016.01.20 00:00;28.434;28.695;26.6;27.349
2016.01.21 00:00;27.392;29.231;26.918;28.821
2016.01.22 00:00;28.842;31.297;28.555;31.194
2016.01.25 00:00;31.171;31.755;28.803;28.949
2016.01.26 00:00;28.944;31.484;28.408;29.61
2016.01.27 00:00;29.658;31.935;29.306;31.272
2016.01.28 00:00;31.296;33.891;30.884;32.823
2016.01.29 00:00;32.8;33.526;31.823;32.886
2016.02.01 00:00;32.881;33.379;30.585;30.634
2016.02.02 00:00;30.66;30.819;28.925;29.07
2016.02.03 00:00;29.098;32.088;28.785;32.081
2016.02.04 00:00;32.039;32.945;30.927;31.094
2016.02.05 00:00;31.039;31.829;30.072;30.436
2016.02.08 00:00;30.432;30.888;29.118;29.677
2016.02.09 00:00;29.685;30.162;27.344;27.902
2016.02.10 00:00;27.97;28.82;26.892;26.974
2016.02.11 00:00;26.937;27.14;25.739;26.879
2016.02.12 00:00;26.88;29.335;26.643;28.741
2016.02.15 00:00;28.824;29.897;28.692;29.526
2016.02.16 00:00;29.827;31.278;28.502;28.918
2016.02.17 00:00;28.943;31.299;28.551;31.264
2016.02.18 00:00;31.187;31.857;30.241;30.501
2016.02.19 00:00;30.483;30.771;29.257;29.875
2016.02.22 00:00;29.966;31.785;29.652;31.339
2016.02.23 00:00;31.32;31.552;29.405;29.572
2016.02.24 00:00;29.477;30.585;28.82;30.402
2016.02.25 00:00;30.386;31.667;29.375;31.27
2016.02.26 00:00;31.244;32.858;30.957;31.156
2016.02.29 00:00;31.175;32.411;30.802;32.345
2016.03.01 00:00;32.344;33.225;31.885;32.379
2016.03.02 00:00;32.398;33.654;32.116;33.272
2016.03.03 00:00;33.253;33.888;32.807;33.309
2016.03.04 00:00;33.262;34.96;33.067;34.922
2016.03.07 00:00;35.019;36.886;34.924;36.765
2016.03.08 00:00;36.762;37.233;35.055;35.233
2016.03.09 00:00;35.282;37.42;35.175;37.157
2016.03.10 00:00;37.115;37.467;36.247;37.035
2016.03.11 00:00;37.025;38.079;36.96;37.573
2016.03.14 00:00;37.581;37.917;36.026;36.774
2016.03.15 00:00;36.718;36.773;35.402;36.192
2016.03.16 00:00;36.197;38.107;36.09;38.059
2016.03.17 00:00;38.08;39.913;37.978;39.887
2016.03.18 00:00;39.817;40.813;38.802;38.968
2016.03.21 00:00;38.945;39.911;38.464;39.775
2016.03.22 00:00;39.766;40.059;38.991;39.441
2016.03.23 00:00;39.396;39.532;38.013;38.112
2016.03.24 00:00;38.059;38.12;36.77;37.977
2016.03.28 00:00;38.125;38.719;37.506;37.936
2016.03.29 00:00;37.951;38.11;36.646;37.24
2016.03.30 00:00;37.249;38.57;36.929;37.092
2016.03.31 00:00;37.074;37.844;36.416;36.989
2016.04.01 00:00;36.994;37.331;35.576;35.616
2016.04.04 00:00;35.658;36.292;34.592;34.622
2016.04.05 00:00;34.629;35.713;34.41;35.681
2016.04.06 00:00;35.696;37.092;35.603;36.964
2016.04.07 00:00;36.935;37.481;35.955;36.779
2016.04.08 00:00;36.806;39.102;36.717;38.902
2016.04.11 00:00;39.106;40.163;38.674;39.796
2016.04.12 00:00;39.788;41.718;39.559;41.161
2016.04.13 00:00;41.09;41.939;40.75;41.111
2016.04.14 00:00;41.104;41.74;40.418;41.063
2016.04.15 00:00;41.038;41.356;39.652;40.099
2016.04.18 00:00;38.118;40.073;37.417;39.888
2016.04.19 00:00;39.872;41.295;39.353;40.876
2016.04.20 00:00;40.695;42.683;39.799;42.39
2016.04.21 00:00;42.39;42.945;41.556;41.937
2016.04.22 00:00;41.937;42.959;41.652;42.275
2016.04.25 00:00;42.379;42.712;41.317;41.693
2016.04.26 00:00;41.709;43.548;41.262;43.364
2016.04.27 00:00;43.352;44.356;42.554;44.057
2016.04.28 00:00;44.057;44.922;43.734;44.685
2016.04.29 00:00;44.7;45.59;44.105;44.875
2016.05.02 00:00;44.874;45.135;43.575;43.922
2016.05.03 00:00;43.956;44.403;42.435;43.002
2016.05.04 00:00;42.946;43.998;42.384;43.229
2016.05.05 00:00;43.198;45.217;43.163;43.671
2016.05.06 00:00;43.728;44.562;42.781;43.836
2016.05.09 00:00;44.507;45.273;42.655;42.675
2016.05.10 00:00;42.636;44.244;42.466;43.986
2016.05.11 00:00;44.065;45.842;43.452;45.499
2016.05.12 00:00;45.491;46.546;45.145;45.984
2016.05.13 00:00;45.981;46.055;45.339;45.983
2016.05.16 00:00;45.986;47.731;45.857;47.704
2016.05.17 00:00;47.657;48.566;47.317;48.41
2016.05.18 00:00;48.33;48.782;47.556;47.677
2016.05.19 00:00;47.672;48.03;46.543;48.017
2016.05.20 00:00;48.001;48.547;47.245;47.739
2016.05.23 00:00;47.825;47.827;46.765;47.465
2016.05.24 00:00;47.446;48.63;47.02;48.482
2016.05.25 00:00;48.455;49.136;48.043;49.096
2016.05.26 00:00;49.072;49.598;48.619;48.793
2016.05.27 00:00;48.752;49.016;48.127;49.014
2016.05.30 00:00;49.131;49.19;48.564;49.106
2016.05.31 00:00;49.163;49.614;48.338;48.385
2016.06.01 00:00;48.301;48.798;47.304;48.492
2016.06.02 00:00;48.433;49.028;47.543;48.606
2016.06.03 00:00;48.58;48.981;47.917;48.438
2016.06.06 00:00;48.582;49.54;48.352;49.38
2016.06.07 00:00;49.368;50.193;49.102;50.095
2016.06.08 00:00;50.099;51.3;50.003;51.202
2016.06.09 00:00;51.136;51.353;49.942;50.133
2016.06.10 00:00;50.189;50.44;48.547;48.637
2016.06.12 00:00;48.637;48.637;48.637;48.637
2016.06.13 00:00;48.662;49.079;47.959;48.367
2016.06.14 00:00;48.338;48.521;47.723;47.762
2016.06.15 00:00;47.725;48.565;47.133;47.344
2016.06.16 00:00;47.307;47.605;45.794;45.898
2016.06.17 00:00;45.872;48.185;45.717;48.131
2016.06.19 00:00;48.131;48.131;48.131;48.131
2016.06.20 00:00;48.206;49.327;48.051;49.139
2016.06.21 00:00;49.131;49.753;48.217;49.536
2016.06.22 00:00;49.557;49.895;47.796;48.384
2016.06.23 00:00;48.545;49.62;48.501;49.574
2016.06.24 00:00;49.695;49.832;46.148;47.006
2016.06.26 00:00;47.006;47.006;47.006;47.006
2016.06.27 00:00;47.261;47.45;45.357;46.127
2016.06.28 00:00;46.101;47.68;46.058;47.624
2016.06.29 00:00;47.598;49.522;47.489;49.059
2016.06.30 00:00;49.062;49.139;47.736;47.922
2016.07.01 00:00;47.918;48.853;47.477;48.833
2016.07.03 00:00;48.833;48.833;48.833;48.833
2016.07.04 00:00;48.79;48.978;48.309;48.401
2016.07.05 00:00;48.356;48.383;46.002;46.534
2016.07.06 00:00;46.459;47.629;45.626;47.602
2016.07.07 00:00;47.602;47.962;44.607;44.933
2016.07.08 00:00;44.914;45.705;44.515;44.906
2016.07.11 00:00;44.816;45.566;44.234;44.344
2016.07.12 00:00;44.392;46.745;44.325;46.448
2016.07.13 00:00;46.448;46.524;44.411;44.951
2016.07.14 00:00;44.951;45.667;44.811;45.362
2016.07.15 00:00;45.335;46.176;44.924;46.091
2016.07.18 00:00;45.999;46.009;44.756;45.145
2016.07.19 00:00;45.158;45.607;44.535;44.675
2016.07.20 00:00;44.666;45.363;43.833;44.964
2016.07.21 00:00;44.904;45.357;43.831;43.845
2016.07.22 00:00;43.922;44.281;43.081;43.572
2016.07.25 00:00;43.586;43.743;42.373;42.459
2016.07.26 00:00;42.477;42.786;41.801;42.111
2016.07.27 00:00;42.078;42.642;41.141;41.366
2016.07.28 00:00;41.355;41.692;40.53;40.603
2016.07.29 00:00;40.601;41.174;40.086;40.946
2016.08.01 00:00;40.818;41.431;39.409;39.651
2016.08.02 00:00;39.662;40.496;38.865;39.306
2016.08.03 00:00;39.351;40.809;38.81;40.772
2016.08.04 00:00;40.75;41.698;40.064;41.45
2016.08.05 00:00;41.444;41.734;40.701;41.634
2016.08.08 00:00;41.643;43.08;41.505;42.539
2016.08.09 00:00;42.53;43.226;42.195;42.479
2016.08.10 00:00;42.445;43.118;41.161;41.264
2016.08.11 00:00;41.265;43.607;40.862;43.196
2016.08.12 00:00;43.194;44.548;43.077;44.489
2016.08.15 00:00;44.519;45.757;44.212;45.501
2016.08.16 00:00;45.375;46.561;45.187;46.241
2016.08.17 00:00;46.21;46.849;45.679;46.784
2016.08.18 00:00;46.807;48.249;46.498;48.195
2016.08.19 00:00;48.149;48.575;47.768;48.285
2016.08.22 00:00;48.178;48.226;46.657;46.687
2016.08.23 00:00;46.737;47.643;45.942;46.958
2016.08.24 00:00;46.914;47.079;45.819;46.165
2016.08.25 00:00;46.171;46.843;45.814;46.759
2016.08.26 00:00;46.758;47.85;46.345;46.732
2016.08.29 00:00;46.66;46.739;46.107;46.439
2016.08.30 00:00;46.453;46.982;45.725;45.805
2016.08.31 00:00;45.279;45.928;44.055;44.38
2016.09.01 00:00;44.389;44.635;42.592;43.102
2016.09.02 00:00;43.114;44.27;42.755;43.819
2016.09.05 00:00;43.741;46.173;43.706;44.838
2016.09.06 00:00;44.676;45.275;43.525;44.569
2016.09.07 00:00;44.511;45.861;44.241;45.834
2016.09.08 00:00;45.813;47.452;45.49;47.007
2016.09.09 00:00;47.008;47.068;45.306;45.449
2016.09.12 00:00;45.399;46.317;44.528;45.864
2016.09.13 00:00;45.874;45.936;44.601;44.786
2016.09.14 00:00;44.865;45.175;43.281;43.528
2016.09.15 00:00;43.556;44.211;43.138;43.583
2016.09.16 00:00;43.587;43.627;42.652;43.081
2016.09.19 00:00;43.127;44.037;43.063;43.096
2016.09.20 00:00;42.946;43.954;42.446;43.803
2016.09.21 00:00;43.929;45.02;43.921;45.01
2016.09.22 00:00;44.982;45.897;44.901;45.488
2016.09.23 00:00;45.447;45.942;43.646;44.052
2016.09.26 00:00;44.186;45.673;43.914;45.082
2016.09.27 00:00;45.098;45.436;43.693;44.433
2016.09.28 00:00;44.489;46.939;43.883;46.642
2016.09.29 00:00;46.735;47.828;46.125;47.265
2016.09.30 00:00;47.291;47.832;46.582;47.577
2016.10.03 00:00;47.605;48.613;47.374;48.275
2016.10.04 00:00;48.243;48.876;47.879;48.827
2016.10.05 00:00;48.917;49.601;48.729;49.338
2016.10.06 00:00;49.294;50.283;48.977;50.254
2016.10.07 00:00;50.259;50.413;49.089;49.247
2016.10.10 00:00;49.342;51.335;48.885;50.914
2016.10.11 00:00;50.899;51.293;50.163;50.641
2016.10.12 00:00;50.627;50.958;49.687;49.849
2016.10.13 00:00;49.768;50.412;49.182;50.369
2016.10.14 00:00;50.537;50.977;49.734;50.161
2016.10.17 00:00;50.121;50.483;49.383;49.946
2016.10.18 00:00;49.969;50.587;49.632;50.56
2016.10.19 00:00;50.622;51.718;50.511;51.195
2016.10.20 00:00;51.087;51.326;49.97;50.142
2016.10.21 00:00;50.17;50.557;49.752;50.523
2016.10.24 00:00;50.453;50.557;49.21;50.059
2016.10.25 00:00;50.025;50.512;48.879;48.921
2016.10.26 00:00;48.929;49.715;48.492;48.856
2016.10.27 00:00;48.844;49.68;48.63;49.255
2016.10.28 00:00;49.234;49.447;48.067;48.317
2016.10.31 00:00;48.011;48.419;46.335;46.457
2016.11.01 00:00;46.453;47.053;45.915;46.102
2016.11.02 00:00;46.043;46.184;44.7;45.222
2016.11.03 00:00;45.208;45.64;44.115;44.395
2016.11.04 00:00;44.406;44.619;43.338;43.875
2016.11.07 00:00;44.273;44.805;43.903;44.755
2016.11.08 00:00;44.776;45.194;44.223;44.631
2016.11.09 00:00;44.639;45.764;42.898;45.171
2016.11.10 00:00;45.166;45.46;44.105;44.107
2016.11.11 00:00;44.197;44.468;42.894;42.978
2016.11.14 00:00;43.109;43.694;42.093;43.615
2016.11.15 00:00;43.62;45.982;43.446;45.676
2016.11.16 00:00;45.661;46.311;44.942;45.226
2016.11.17 00:00;45.239;46.441;44.826;44.869
2016.11.18 00:00;44.869;45.81;44.54;45.637
2016.11.21 00:00;45.951;47.895;45.862;47.71
2016.11.22 00:00;47.807;48.59;46.597;47.333
2016.11.23 00:00;47.373;47.855;46.843;47.396
2016.11.24 00:00;47.404;47.705;47.254;47.454
2016.11.25 00:00;47.453;47.492;45.382;45.481
2016.11.28 00:00;45.065;47.184;44.669;46.43
2016.11.29 00:00;46.47;46.529;44.407;44.837
2016.11.30 00:00;44.845;49.456;44.828;48.567
2016.12.01 00:00;48.601;51.361;48.565;50.485
2016.12.02 00:00;50.647;51.315;49.778;51.244
2016.12.05 00:00;51.23;52.055;50.596;50.659
2016.12.06 00:00;50.637;51.266;49.964;50.6
2016.12.07 00:00;50.638;50.889;49.428;49.537
2016.12.08 00:00;49.572;50.702;49.329;50.7
2016.12.09 00:00;50.656;51.396;50.59;51.235
2016.12.12 00:00;52.517;54.278;51.989;52.195
2016.12.13 00:00;52.294;53.223;52.168;52.305
2016.12.14 00:00;52.203;52.62;50.526;50.631
2016.12.15 00:00;50.635;51.278;49.818;50.864
2016.12.16 00:00;50.951;51.92;50.35;51.852
2016.12.19 00:00;52.069;52.418;51.439;51.967
2016.12.20 00:00;52.059;52.66;51.73;52.406
2016.12.21 00:00;52.458;52.694;51.273;51.487
2016.12.22 00:00;51.498;52.151;51.065;51.647
2016.12.23 00:00;51.649;52.276;51.277;52.224
2016.12.27 00:00;52.413;53.225;52.153;53.005
2016.12.28 00:00;53.046;53.525;52.727;52.804
2016.12.29 00:00;52.815;53.399;52.642;53.045
2016.12.30 00:00;53.064;53.306;52.65;53.137
2017.01.03 00:00;53.514;54.584;51.509;51.871
2017.01.04 00:00;51.909;52.848;51.579;52.782
2017.01.05 00:00;52.777;53.556;52.251;53.222
2017.01.06 00:00;53.169;53.789;52.809;53.189
2017.01.09 00:00;53.32;53.391;51.372;51.385
2017.01.10 00:00;51.424;51.991;50.363;50.418
2017.01.11 00:00;50.472;52.442;50.42;52.042
2017.01.12 00:00;52.019;53.187;51.803;52.743
2017.01.13 00:00;52.752;52.883;52.008;52.276
2017.01.16 00:00;52.329;52.544;51.946;52.488
2017.01.17 00:00;52.378;53.384;52.092;52.417
2017.01.18 00:00;52.418;52.697;50.856;51.336
2017.01.19 00:00;51.358;51.804;50.957;51.321
2017.01.20 00:00;51.369;52.814;51.296;52.351
2017.01.23 00:00;52.505;52.674;51.458;52.077
2017.01.24 00:00;52.093;52.811;51.934;52.191
2017.01.25 00:00;52.192;52.753;51.851;52.266
2017.01.26 00:00;52.25;53.354;52.092;53.043
2017.01.27 00:00;53.033;53.392;51.926;52.51
2017.01.30 00:00;52.52;52.869;51.833;52.018
2017.01.31 00:00;52.019;52.999;51.683;52.234
2017.02.01 00:00;52.202;53.377;52.098;53.02
2017.02.02 00:00;53.021;53.808;52.84;53.154
2017.02.03 00:00;53.185;53.72;52.914;53.371
2017.02.06 00:00;53.418;53.701;52.51;52.682
2017.02.07 00:00;52.735;52.837;51.265;51.318
2017.02.08 00:00;51.061;52.312;50.863;52.048
2017.02.09 00:00;52.034;52.884;52.029;52.815
2017.02.10 00:00;52.806;53.816;52.593;53.516
2017.02.13 00:00;53.594;53.696;52.539;52.646
2017.02.14 00:00;52.659;53.51;52.653;52.831
2017.02.15 00:00;52.802;53.338;52.547;52.824
2017.02.16 00:00;52.83;53.432;52.508;53.217
2017.02.17 00:00;53.221;53.306;52.687;53.132
2017.02.20 00:00;53.394;53.679;53.166;53.438
2017.02.21 00:00;53.429;54.483;53.38;53.709
2017.02.22 00:00;53.715;54.075;52.849;53.388
2017.02.23 00:00;53.387;54.434;53.386;53.866
2017.02.24 00:00;53.857;54.018;53.277;53.531
2017.02.27 00:00;53.584;54.183;53.506;53.618
2017.02.28 00:00;53.599;53.813;52.786;53.587
2017.03.01 00:00;53.571;54.047;53.255;53.275
2017.03.02 00:00;53.315;53.425;52.2;52.213
2017.03.03 00:00;52.216;53.051;52.211;52.889
2017.03.06 00:00;52.978;53.266;52.47;52.898
2017.03.07 00:00;52.892;53.52;52.451;52.521
2017.03.08 00:00;52.504;52.652;49.816;49.96
2017.03.09 00:00;49.963;50.606;48.382;49.39
2017.03.10 00:00;49.388;49.909;48.116;48.198
2017.03.13 00:00;48.284;48.524;47.74;48.312
2017.03.14 00:00;48.28;48.649;46.963;48.373
2017.03.15 00:00;48.648;48.86;48.043;48.809
2017.03.16 00:00;48.938;49.436;48.323;48.581
2017.03.17 00:00;48.611;49.025;48.428;48.585
2017.03.20 00:00;48.629;48.739;47.856;48.299
2017.03.21 00:00;48.291;48.873;47.406;47.551
2017.03.22 00:00;47.554;47.752;46.464;47.586
2017.03.23 00:00;47.577;47.923;47.044;47.131
2017.03.24 00:00;47.134;47.672;47.023;47.602
2017.03.27 00:00;47.673;47.79;46.62;47.371
2017.03.28 00:00;47.412;48.286;47.34;47.984
2017.03.29 00:00;47.947;49.182;47.939;49.162
2017.03.30 00:00;49.168;50.034;48.843;49.905
2017.03.31 00:00;49.906;50.411;49.487;50.382
2017.04.03 00:00;50.323;50.475;49.769;49.905
2017.04.04 00:00;49.893;50.96;49.545;50.752
2017.04.05 00:00;50.838;51.55;50.428;50.502
2017.04.06 00:00;50.52;51.513;50.46;51.417
2017.04.07 00:00;51.413;52.635;51.21;52.005
2017.04.10 00:00;52.104;52.953;52.064;52.913
2017.04.11 00:00;52.966;53.242;52.497;53.203
2017.04.12 00:00;53.211;53.563;52.533;52.626
2017.04.13 00:00;52.684;53.219;52.665;52.746
2017.04.17 00:00;52.799;53.122;52.468;52.659
2017.04.18 00:00;52.663;52.783;52.029;52.272
2017.04.19 00:00;52.236;52.545;50.033;50.523
2017.04.20 00:00;50.496;50.918;50.047;50.246
2017.04.21 00:00;50.26;50.476;48.767;49.163
2017.04.24 00:00;49.29;49.812;48.639;48.793
2017.04.25 00:00;48.822;49.443;48.495;48.984
2017.04.26 00:00;48.965;49.821;48.576;48.893
2017.04.27 00:00;48.835;49.063;47.866;48.862
2017.04.28 00:00;48.898;49.41;48.467;48.886
2017.05.01 00:00;48.859;49.008;48.288;48.44
2017.05.02 00:00;48.458;48.998;47.08;47.768
2017.05.03 00:00;47.855;47.955;47.04;47.312
2017.05.04 00:00;47.328;47.497;45.056;45.236
2017.05.05 00:00;45.262;46.442;43.538;46.263
2017.05.08 00:00;46.135;46.771;45.532;46.285
2017.05.09 00:00;46.278;46.589;45.346;45.978
2017.05.10 00:00;46.023;47.604;45.841;47.187
2017.05.11 00:00;47.188;48.054;47.186;47.656
2017.05.12 00:00;47.644;47.923;47.207;47.689
2017.05.15 00:00;47.728;49.543;47.626;48.702
2017.05.16 00:00;48.727;49.277;48.083;48.141
2017.05.17 00:00;48.144;49.411;47.943;48.865
2017.05.18 00:00;48.873;49.506;47.973;49.223
2017.05.19 00:00;49.265;50.453;49.198;50.413
2017.05.22 00:00;50.577;51.044;50.364;50.639
2017.05.23 00:00;50.694;51.413;50.206;51.108
2017.05.24 00:00;51.123;51.512;50.679;50.932
2017.05.25 00:00;50.923;51.644;48.129;48.339
2017.05.26 00:00;48.429;49.616;47.86;49.536
2017.05.29 00:00;49.623;49.998;49.217;49.708
2017.05.30 00:00;49.74;49.771;48.763;49.376
2017.05.31 00:00;49.359;49.437;47.482;48.391
2017.06.01 00:00;48.356;48.92;47.666;47.798
2017.06.02 00:00;47.803;47.96;46.518;47.501
2017.06.05 00:00;47.468;48.215;46.674;47.208
2017.06.06 00:00;47.185;48.215;46.749;47.78
2017.06.07 00:00;47.798;48.05;45.483;45.636
2017.06.08 00:00;45.666;46.021;45.053;45.535
2017.06.09 00:00;45.558;46.035;45.121;45.775
2017.06.12 00:00;45.644;46.597;45.553;45.894
2017.06.13 00:00;45.925;46.471;45.468;45.856
2017.06.14 00:00;45.815;46.401;44.461;44.591
2017.06.15 00:00;44.607;44.732;44.166;44.196
2017.06.16 00:00;44.194;44.897;44.194;44.624
2017.06.19 00:00;44.605;45.01;44.006;44.059
2017.06.20 00:00;44.082;44.43;42.689;43.104
2017.06.21 00:00;43.136;43.953;41.822;42.274
2017.06.22 00:00;42.326;43.085;42.035;42.547
2017.06.23 00:00;42.568;42.984;42.313;42.903
2017.06.26 00:00;42.939;43.452;42.426;43.274
2017.06.27 00:00;43.3;44.249;43.126;43.541
2017.06.28 00:00;43.494;44.707;43.482;44.694
2017.06.29 00:00;44.687;45.261;44.473;44.655
2017.06.30 00:00;44.735;46.178;44.703;46.145
2017.07.03 00:00;46.15;46.94;45.757;46.89
2017.07.04 00:00;46.901;47.166;46.588;46.915
2017.07.05 00:00;46.909;47.092;44.378;45.488
2017.07.06 00:00;45.524;46.395;45.056;45.2
2017.07.07 00:00;45.242;45.294;43.656;44.232
2017.07.10 00:00;44.451;44.741;43.549;44.463
2017.07.11 00:00;44.468;45.719;43.747;45.692
2017.07.12 00:00;45.637;46.389;45.034;45.358
2017.07.13 00:00;45.365;46.193;44.91;46.048
2017.07.14 00:00;46.015;46.676;45.732;46.645
2017.07.17 00:00;46.639;46.861;45.884;45.975
2017.07.18 00:00;45.988;46.917;45.808;46.213
2017.07.19 00:00;46.23;47.253;46.113;47.075
2017.07.20 00:00;47.035;47.527;46.609;46.712
2017.07.21 00:00;46.682;47.014;45.35;45.406
2017.07.24 00:00;45.432;46.346;45.218;46.307
2017.07.25 00:00;46.3;48.485;46.205;48.408
2017.07.26 00:00;48.313;48.689;47.689;48.541
2017.07.27 00:00;48.504;49.057;48.083;48.95
2017.07.28 00:00;48.971;49.631;48.693;49.599
2017.07.31 00:00;49.692;50.248;49.028;50.024
2017.08.01 00:00;50.014;50.271;48.216;48.611
2017.08.02 00:00;48.652;49.502;48.409;49.448
2017.08.03 00:00;49.424;49.817;48.648;48.778
2017.08.04 00:00;48.793;49.504;48.372;49.383
2017.08.07 00:00;49.445;49.582;48.421;49.211
2017.08.08 00:00;49.183;49.676;48.756;48.866
2017.08.09 00:00;48.878;49.6;48.799;49.59
2017.08.10 00:00;49.566;50.119;48.251;48.368
2017.08.11 00:00;48.41;48.884;47.898;48.661
2017.08.14 00:00;48.664;49.079;47.357;47.41
2017.08.15 00:00;47.41;47.806;46.961;47.587
2017.08.16 00:00;47.617;47.915;46.638;46.718
2017.08.17 00:00;46.753;47.134;46.423;46.881
2017.08.18 00:00;46.851;48.694;46.728;48.649
2017.08.21 00:00;48.648;48.691;47.038;47.363
2017.08.22 00:00;47.403;48.032;47.184;47.43
2017.08.23 00:00;47.448;48.337;47.365;48.206
2017.08.24 00:00;48.176;48.26;46.904;47.418
2017.08.25 00:00;47.445;47.75;47.237;47.688
2017.08.28 00:00;47.796;48.003;46.017;46.657
2017.08.29 00:00;46.714;46.831;45.633;46.201
2017.08.30 00:00;46.188;46.589;45.711;45.827
2017.08.31 00:00;45.799;47.343;45.446;46.947
2017.09.01 00:00;46.937;47.229;46.447;47.197
2017.09.04 00:00;47.251;47.553;47.05;47.314
2017.09.05 00:00;47.295;48.884;47.243;48.523
2017.09.06 00:00;48.496;49.321;48.427;49.048
2017.09.07 00:00;49.055;49.235;48.544;49.033
2017.09.08 00:00;48.996;49.17;47.193;47.461
2017.09.11 00:00;47.509;48.2;46.938;48.006
2017.09.12 00:00;48.034;48.375;47.672;48.272
2017.09.13 00:00;48.272;49.341;48.066;49.256
2017.09.14 00:00;49.246;50.444;49.101;49.631
2017.09.15 00:00;49.629;50.09;49.367;49.767
2017.09.18 00:00;49.803;50.303;49.167;49.819
2017.09.19 00:00;49.847;50.309;49.238;49.745
2017.09.20 00:00;49.771;50.617;49.651;50.204
2017.09.21 00:00;50.198;50.33;49.602;50.25
2017.09.22 00:00;50.248;50.311;49.831;50.179
2017.09.25 00:00;50.235;51.854;49.979;51.682
2017.09.26 00:00;51.702;52.009;51.02;51.675
2017.09.27 00:00;51.661;51.937;51.245;51.634
2017.09.28 00:00;51.638;52.472;50.855;51.223
2017.09.29 00:00;51.249;51.41;50.899;51.261
2017.10.02 00:00;51.299;51.371;49.767;50.253
2017.10.03 00:00;50.244;50.438;49.848;49.871
2017.10.04 00:00;49.871;50.394;49.5;49.617
2017.10.05 00:00;49.586;50.968;49.578;50.491
2017.10.06 00:00;50.47;50.571;48.86;48.971
2017.10.09 00:00;49.049;49.598;48.933;49.376
2017.10.10 00:00;49.346;50.878;49.335;50.757
2017.10.11 00:00;50.757;51.249;50.447;50.852
2017.10.12 00:00;50.84;50.969;50.01;50.569
2017.10.13 00:00;50.617;51.582;50.548;51.243
2017.10.16 00:00;51.268;52.279;51.263;51.808
2017.10.17 00:00;51.801;52.139;51.115;51.808
2017.10.18 00:00;51.813;52.2;51.572;51.9
2017.10.19 00:00;51.9;52.046;50.935;51.236
2017.10.20 00:00;51.234;51.721;50.546;51.711
2017.10.23 00:00;51.77;51.988;51.382;51.541
2017.10.24 00:00;51.581;52.307;51.26;52.23
2017.10.25 00:00;52.243;52.243;51.611;51.879
2017.10.26 00:00;51.889;52.565;51.637;52.546
2017.10.27 00:00;52.499;53.902;51.977;53.889
2017.10.30 00:00;53.897;54.211;53.509;53.86
2017.10.31 00:00;53.848;54.597;53.698;54.388
2017.11.01 00:00;54.384;54.986;53.668;54.05
2017.11.02 00:00;54.043;54.622;53.768;54.508
2017.11.03 00:00;54.489;55.549;54.2;55.505
2017.11.06 00:00;55.761;57.426;55.477;57.063
2017.11.07 00:00;57.083;57.511;56.652;56.754
2017.11.08 00:00;56.789;57.756;56.256;56.675
2017.11.09 00:00;56.686;57.377;56.533;56.856
2017.11.10 00:00;56.849;57.208;56.408;56.739
2017.11.13 00:00;56.806;57.05;56.2;56.619
2017.11.14 00:00;56.615;56.65;54.71;54.88
2017.11.15 00:00;54.953;55.473;54.833;55.221
2017.11.16 00:00;55.223;55.57;54.892;55.188
2017.11.17 00:00;55.194;56.564;55.116;56.517
2017.11.20 00:00;56.501;56.691;55.515;56.132
2017.11.21 00:00;56.125;56.989;56.08;56.844
2017.11.22 00:00;56.907;57.908;56.795;57.818
2017.11.23 00:00;57.786;58.36;57.538;58.32
2017.11.24 00:00;58.267;58.833;58.125;58.754
2017.11.27 00:00;58.757;58.77;57.362;57.618
2017.11.28 00:00;57.648;57.927;57.245;57.543
2017.11.29 00:00;57.516;58.134;56.589;57.203
2017.11.30 00:00;57.224;57.811;56.675;57.25
2017.12.01 00:00;57.161;58.727;57.119;58.126
2017.12.04 00:00;58.128;58.151;57.211;57.297
2017.12.05 00:00;57.29;57.789;56.957;57.344
2017.12.06 00:00;57.319;57.454;55.758;55.846
2017.12.07 00:00;55.887;56.666;55.702;56.512
2017.12.08 00:00;56.503;57.68;56.437;57.221
2017.12.11 00:00;57.149;57.979;56.829;57.909
2017.12.12 00:00;57.927;58.477;56.779;57.367
2017.12.13 00:00;57.357;57.756;56.443;56.573
2017.12.14 00:00;56.583;57.172;56.025;57.112
2017.12.15 00:00;57.065;57.428;56.906;57.273
2017.12.18 00:00;57.325;57.723;56.792;57.249
2017.12.19 00:00;57.235;57.7;57.122;57.601
2017.12.20 00:00;57.591;58.037;57.384;57.962
2017.12.21 00:00;57.932;58.308;57.556;58.154
2017.12.22 00:00;58.078;58.43;57.798;58.306
2017.12.26 00:00;58.343;59.937;58.255;59.732
2017.12.27 00:00;59.7;59.858;59.266;59.514
2017.12.28 00:00;59.442;59.871;59.378;59.816
2017.12.29 00:00;59.793;60.442;59.736;60.038
2018.01.02 00:00;60.106;60.679;60.053;60.278
2018.01.03 00:00;60.315;61.886;60.229;61.829
2018.01.04 00:00;61.876;62.152;61.54;61.861
2018.01.05 00:00;61.823;61.994;61.043;61.501
2018.01.08 00:00;61.647;61.906;61.289;61.859
2018.01.09 00:00;61.865;63.408;61.75;63.398
2018.01.10 00:00;63.383;63.634;63.042;63.43
2018.01.11 00:00;63.433;64.726;63.387;63.492
2018.01.12 00:00;63.507;64.444;63.025;64.346
2018.01.15 00:00;64.366;64.867;64.071;64.804
2018.01.16 00:00;64.751;64.751;63.388;63.859
2018.01.17 00:00;63.856;64.18;63.297;64.055
2018.01.18 00:00;64.052;64.305;63.475;63.71
2018.01.19 00:00;63.705;63.747;62.826;63.498
2018.01.22 00:00;63.5;64.161;63.088;63.938
2018.01.23 00:00;63.946;64.91;63.737;64.484
2018.01.24 00:00;64.432;66.079;64.357;65.896
2018.01.25 00:00;65.886;66.688;65.114;65.251
2018.01.26 00:00;65.241;66.376;64.928;66.253
2018.01.29 00:00;66.267;66.477;64.997;65.532
2018.01.30 00:00;65.514;65.564;63.899;63.989
2018.01.31 00:00;64.012;64.966;63.679;64.783
2018.02.01 00:00;64.72;66.262;64.638;65.977
2018.02.02 00:00;66.019;66.299;64.49;65.07
2018.02.05 00:00;65.053;65.418;63.418;63.448
2018.02.06 00:00;63.381;64.305;63.132;63.877
2018.02.07 00:00;63.879;64.184;61.25;61.745
2018.02.08 00:00;61.677;62.091;60.273;60.412
2018.02.09 00:00;60.465;60.769;58.073;59.043
2018.02.12 00:00;59.1;60.827;59.08;59.351
2018.02.13 00:00;59.348;59.733;58.389;58.959
2018.02.14 00:00;58.946;60.89;58.197;60.728
2018.02.15 00:00;60.625;61.629;59.709;61.406
2018.02.16 00:00;61.373;61.983;60.865;61.611
2018.02.19 00:00;61.591;62.595;61.584;62.502
2018.02.20 00:00;62.419;62.729;61.527;61.646
2018.02.21 00:00;61.693;61.956;61.003;61.389
2018.02.22 00:00;61.379;63.174;60.838;62.705
2018.02.23 00:00;62.707;63.811;62.417;63.648
2018.02.26 00:00;63.647;64.31;63.126;64.036
2018.02.27 00:00;64.053;64.148;62.685;62.871
2018.02.28 00:00;62.838;63.491;61.425;61.582
2018.03.01 00:00;61.602;61.896;60.24;61.386
2018.03.02 00:00;61.398;61.635;60.192;61.507
2018.03.05 00:00;61.597;62.83;61.146;62.644
2018.03.06 00:00;62.614;63.317;62.213;62.382
2018.03.07 00:00;62.287;62.612;60.618;61.362
2018.03.08 00:00;61.355;61.427;59.983;60.32
2018.03.09 00:00;60.32;62.185;60.167;62.16
2018.03.12 00:00;62.06;62.355;60.679;61.389
2018.03.13 00:00;61.386;61.981;60.278;60.889
2018.03.14 00:00;60.832;61.335;60.121;60.941
2018.03.15 00:00;60.958;61.551;60.819;61.172
2018.03.16 00:00;61.154;62.544;61.074;62.233
2018.03.19 00:00;62.183;62.34;61.361;62.121
2018.03.20 00:00;62.059;63.884;62.026;63.637
2018.03.21 00:00;63.579;65.442;63.493;65.38
2018.03.22 00:00;65.38;65.63;64.046;64.086
2018.03.23 00:00;64.154;65.899;64.006;65.727
2018.03.26 00:00;65.789;66.449;64.994;65.39
2018.03.27 00:00;65.422;66.338;64.406;64.588
2018.03.28 00:00;64.626;65.052;63.651;64.565
2018.03.29 00:00;64.588;65.195;64.093;64.823
2018.04.02 00:00;64.848;65.354;62.726;62.774
2018.04.03 00:00;62.812;63.783;62.812;63.476
2018.04.04 00:00;63.514;63.564;62.009;63.496
2018.04.05 00:00;63.606;64.07;63.02;63.666
2018.04.06 00:00;63.658;63.718;61.764;61.844
2018.04.09 00:00;61.897;63.573;61.897;63.231
2018.04.10 00:00;63.268;65.819;63.161;65.507
2018.04.11 00:00;65.53;67.406;65.113;66.694
2018.04.12 00:00;66.742;67.287;65.966;67.094
2018.04.13 00:00;67.134;67.72;66.659;67.275
2018.04.16 00:00;67.246;67.666;66.107;66.322
2018.04.17 00:00;66.374;66.729;65.606;66.651
2018.04.18 00:00;66.674;68.909;66.541;68.771
2018.04.19 00:00;68.754;69.569;68.013;68.145
2018.04.20 00:00;68.253;68.677;67.494;68.094
2018.04.23 00:00;68.17;69.035;67.142;68.887
2018.04.24 00:00;68.98;69.384;67.551;67.726
2018.04.25 00:00;67.748;68.183;67.12;67.995
2018.04.26 00:00;67.998;68.782;67.719;68.164
2018.04.27 00:00;68.187;68.361;67.649;67.973
2018.04.30 00:00;68.044;69.339;67.171;68.564
2018.05.01 00:00;68.564;68.898;66.855;67.482
2018.05.02 00:00;67.452;68.137;66.924;67.669
2018.05.03 00:00;67.672;68.596;67.213;68.474
2018.05.04 00:00;68.471;69.963;68.123;69.748
2018.05.07 00:00;69.859;70.833;69.51;69.955
2018.05.08 00:00;70.018;70.392;67.619;70.04
2018.05.09 00:00;70.047;71.362;69.834;71.276
2018.05.10 00:00;71.226;71.879;70.558;71.393
2018.05.11 00:00;71.426;71.606;70.447;70.502
2018.05.14 00:00;70.473;71.247;70.255;71.14
2018.05.15 00:00;71.142;71.907;70.414;70.954
2018.05.16 00:00;71.011;71.588;70.693;71.543
2018.05.17 00:00;71.53;72.296;71.164;71.634
2018.05.18 00:00;71.632;71.807;71.025;71.406
2018.05.21 00:00;71.396;72.606;71.269;72.599
2018.05.22 00:00;72.566;72.852;71.762;72.045
2018.05.23 00:00;72.058;72.203;71.132;71.769
2018.05.24 00:00;71.759;71.929;70.473;70.598
2018.05.25 00:00;70.601;70.731;67.358;67.444
2018.05.28 00:00;67.366;67.466;65.759;66.445
2018.05.29 00:00;66.388;67.303;65.871;66.821
2018.05.30 00:00;66.799;68.609;66.312;68.179
2018.05.31 00:00;68.2;68.2;66.518;67.048
2018.06.01 00:00;67.031;67.297;65.465;65.705
2018.06.04 00:00;65.585;66.001;64.539;64.837
2018.06.05 00:00;64.857;65.522;64.19;65.465
2018.06.06 00:00;65.428;65.933;64.246;64.956
2018.06.07 00:00;65.019;66.034;64.782;65.89
2018.06.08 00:00;65.94;66.2;65.121;65.533
2018.06.11 00:00;65.493;66.319;64.822;66.027
2018.06.12 00:00;66.024;66.67;65.847;66.003
2018.06.13 00:00;65.996;66.861;65.48;66.577
2018.06.14 00:00;66.587;67.132;66.33;66.98
2018.06.15 00:00;66.968;67.063;64.257;64.327
2018.06.18 00:00;64.332;65.968;63.574;65.805
2018.06.19 00:00;65.833;65.845;64.374;65.009
2018.06.20 00:00;65.049;66.494;64.931;65.476
2018.06.21 00:00;65.485;66.348;64.476;65.932
2018.06.22 00:00;66.001;69.494;65.831;69.334
2018.06.25 00:00;68.852;69.545;67.898;68.306
2018.06.26 00:00;68.306;70.998;67.837;70.795
2018.06.27 00:00;70.835;73.17;70.672;72.373
2018.06.28 00:00;72.382;74.136;72.311;73.366
2018.06.29 00:00;73.439;74.568;73.04;74.367
2018.07.02 00:00;73.661;74.433;72.585;74.12
2018.07.03 00:00;74.147;75.35;72.814;74.355
2018.07.04 00:00;74.322;74.988;73.58;74.412
2018.07.05 00:00;74.466;74.878;72.601;73.217
2018.07.06 00:00;73.229;74.052;72.207;73.977
2018.07.09 00:00;73.993;74.296;73.031;74.045
2018.07.10 00:00;74.067;74.739;73.695;74.272
2018.07.11 00:00;74.262;74.292;70.046;70.604
2018.07.12 00:00;70.634;71.266;69.261;70.388
2018.07.13 00:00;70.388;71.679;69.863;70.556
2018.07.16 00:00;70.482;70.886;67.719;68.098
2018.07.17 00:00;68.107;68.605;67.341;67.656
2018.07.18 00:00;67.642;68.966;67.249;68.885
2018.07.19 00:00;68.891;69.749;67.56;68.955
2018.07.20 00:00;68.933;69.846;68.612;69.019
2018.07.23 00:00;68.977;70.157;68.419;68.628
2018.07.24 00:00;68.614;69.862;68.358;69.547
2018.07.25 00:00;69.536;70.49;68.981;70.074
2018.07.26 00:00;70.154;70.683;69.682;70.279
2018.07.27 00:00;70.326;70.503;68.97;69.709
2018.07.30 00:00;69.671;71.09;69.445;70.713
2018.07.31 00:00;70.661;70.853;68.555;68.975
2018.08.01 00:00;69.037;69.095;67.872;68.447
2018.08.02 00:00;68.402;69.907;67.462;69.511
2018.08.03 00:00;69.503;69.763;68.384;69.159
2018.08.06 00:00;69.082;70.354;68.927;69.313
2018.08.07 00:00;69.304;70.236;69.223;69.467
2018.08.08 00:00;69.486;69.755;66.675;67.115
2018.08.09 00:00;67.124;67.753;66.833;67.003
2018.08.10 00:00;67.035;68.175;66.453;68.063
2018.08.13 00:00;68.024;68.173;65.926;67.605
2018.08.14 00:00;67.603;68.563;66.751;66.804
2018.08.15 00:00;66.732;67.068;64.659;65.033
2018.08.16 00:00;65.05;65.642;64.568;65.567
2018.08.17 00:00;65.573;66.492;65.448;65.908
2018.08.20 00:00;65.853;66.278;65.502;66.085
2018.08.21 00:00;66.044;67.136;65.955;66.7
2018.08.22 00:00;66.709;68.765;66.618;68.737
2018.08.23 00:00;68.706;68.746;67.939;68.493
2018.08.24 00:00;68.472;69.925;68.391;69.116
2018.08.27 00:00;69.13;69.502;68.88;69.428
2018.08.28 00:00;69.45;69.715;68.719;69.008
2018.08.29 00:00;69.044;70.24;68.859;70.178
2018.08.30 00:00;70.2;70.971;70.031;70.51
2018.08.31 00:00;70.519;70.828;70.097;70.329
2018.09.03 00:00;70.289;70.59;69.923;70.477
2018.09.04 00:00;70.487;71.767;69.426;69.701
2018.09.05 00:00;69.77;69.923;68.872;68.957
2018.09.06 00:00;68.953;69.326;67.301;68.166
2018.09.07 00:00;68.177;68.374;67.141;68.065
2018.09.10 00:00;68.05;68.737;67.543;67.717
2018.09.11 00:00;67.706;70.19;67.675;70.032
2018.09.12 00:00;70.071;71.443;69.671;70.463
2018.09.13 00:00;70.389;70.429;68.497;68.934
2018.09.14 00:00;68.933;70.033;68.068;69.104
2018.09.17 00:00;69.055;69.777;68.589;68.823
2018.09.18 00:00;68.852;70.434;68.567;69.714
2018.09.19 00:00;69.693;71.322;69.614;71.251
2018.09.20 00:00;71.211;71.606;70.283;70.44
2018.09.21 00:00;70.44;72.045;70.225;70.966
2018.09.24 00:00;71.438;72.962;71.438;72.461
2018.09.25 00:00;72.463;72.974;72.111;72.242
2018.09.26 00:00;72.284;72.587;71.678;72.203
2018.09.27 00:00;72.206;72.806;71.911;72.388
2018.09.28 00:00;72.378;73.92;72.074;73.666
2018.10.01 00:00;73.517;75.941;73.111;75.659
2018.10.02 00:00;75.581;76.074;75.096;75.212
2018.10.03 00:00;75.237;77.054;74.45;76.346
2018.10.04 00:00;76.363;76.617;74.025;74.804
2018.10.05 00:00;74.77;75.352;73.967;74.421
2018.10.08 00:00;74.518;74.677;73.181;74.298
2018.10.09 00:00;74.337;75.369;74.103;74.762
2018.10.10 00:00;74.794;75.18;72.46;72.645
2018.10.11 00:00;72.753;72.827;70.564;71.01
2018.10.12 00:00;71.044;72.091;70.66;71.461
2018.10.15 00:00;71.919;72.694;70.885;71.673
2018.10.16 00:00;71.703;72.307;71.051;72.189
2018.10.17 00:00;72.219;72.449;69.54;70.135
2018.10.18 00:00;70.105;70.108;68.692;68.837
2018.10.19 00:00;68.879;70.054;68.779;69.669
2018.10.22 00:00;69.675;69.979;68.602;69.663
2018.10.23 00:00;69.62;69.77;65.88;66.177
2018.10.24 00:00;66.297;67.842;66.167;66.495
2018.10.25 00:00;66.473;67.766;66.113;67.066
2018.10.26 00:00;67.049;67.991;66.307;67.697
2018.10.29 00:00;67.574;68.049;66.39;66.758
2018.10.30 00:00;66.741;67.349;65.425;66.43
2018.10.31 00:00;66.392;67.086;64.882;64.945
2018.11.01 00:00;64.957;65.467;63.191;63.578
2018.11.02 00:00;63.578;64.032;62.705;62.89
2018.11.05 00:00;63.002;64.195;62.583;62.7
2018.11.06 00:00;62.759;63.37;61.364;61.784
2018.11.07 00:00;61.756;63.235;61.25;61.626
2018.11.08 00:00;61.686;62.46;60.439;60.791
2018.11.09 00:00;60.776;60.801;59.299;59.858
2018.11.12 00:00;60.617;61.31;58.694;58.844
2018.11.13 00:00;58.871;59.365;54.767;55.247
2018.11.14 00:00;55.235;57.359;55.138;56.026
2018.11.15 00:00;56.019;57.294;55.625;56.585
2018.11.16 00:00;56.582;57.986;55.94;56.833
2018.11.19 00:00;56.875;57.413;55.115;57.199
2018.11.20 00:00;57.189;57.269;52.627;53.194
2018.11.21 00:00;53.246;55.706;53.241;54.433
2018.11.22 00:00;54.473;54.68;53.377;53.723
2018.11.23 00:00;53.721;53.958;50.026;50.26
2018.11.26 00:00;50.611;52.126;49.957;51.446
2018.11.27 00:00;51.418;52.26;50.19;51.999
2018.11.28 00:00;51.94;52.442;49.956;50.187
2018.11.29 00:00;50.186;52.079;49.31;51.157
2018.11.30 00:00;51.187;51.682;49.555;50.602
2018.12.03 00:00;50.602;53.751;50.602;52.991
2018.12.04 00:00;52.991;54.466;52.336;52.506
2018.12.05 00:00;52.476;54.352;52.072;52.85
2018.12.06 00:00;52.8;53.216;50.011;51.626
2018.12.07 00:00;51.666;54.141;50.534;52.039
2018.12.10 00:00;52.105;52.74;50.478;50.823
2018.12.11 00:00;50.878;52.37;50.647;51.887
2018.12.12 00:00;51.937;52.804;50.896;51.139
2018.12.13 00:00;51.174;53.202;50.307;52.762
2018.12.14 00:00;52.749;52.885;50.831;51.174
2018.12.17 00:00;51.287;51.891;49.072;49.199
2018.12.18 00:00;49.224;49.645;45.885;45.975
2018.12.19 00:00;46.085;48.123;46.085;47.154
2018.12.20 00:00;47.124;47.279;45.455;45.975
2018.12.21 00:00;46.066;46.549;44.926;45.135
2018.12.24 00:00;45.271;46.032;42.19;42.517
2018.12.26 00:00;42.887;46.813;42.351;46.42
2018.12.27 00:00;46.397;46.5;44.195;45.213
2018.12.28 00:00;45.267;46.048;44.26;44.924
2018.12.31 00:00;45.173;46.373;44.587;45.663
2019.01.02 00:00;45.612;47.633;44.198;46.161
2019.01.03 00:00;46.047;47.354;45.223;46.678
2019.01.04 00:00;46.688;49.092;46.499;48.163
2019.01.07 00:00;48.029;49.67;47.982;48.606
2019.01.08 00:00;48.636;49.837;48.198;49.646
2019.01.09 00:00;49.611;52.469;49.601;52.053
2019.01.10 00:00;52.036;52.676;51.274;52.16
2019.01.11 00:00;52.193;53.209;51.084;51.598
2019.01.14 00:00;51.734;52.011;50.314;50.704
2019.01.15 00:00;50.712;52.231;50.55;51.93
2019.01.16 00:00;51.9;52.455;51.205;52.261
2019.01.17 00:00;52.241;52.535;50.932;52.141
2019.01.18 00:00;52.154;53.836;52.025;53.646
2019.01.21 00:00;53.723;54.219;53.243;53.862
2019.01.22 00:00;53.896;54.016;51.777;52.72
2019.01.23 00:00;52.691;53.38;51.598;52.072
2019.01.24 00:00;52.175;53.212;51.824;52.897
2019.01.25 00:00;52.917;53.683;52.659;53.279
2019.01.28 00:00;53.374;53.394;51.122;51.866
2019.01.29 00:00;51.906;53.713;51.618;53.033
2019.01.30 00:00;53.053;54.719;52.889;54.018
2019.01.31 00:00;54.009;55.166;53.42;53.795
2019.02.01 00:00;53.821;55.459;53.189;55.142
2019.02.04 00:00;55.094;55.579;53.135;54.671
2019.02.05 00:00;54.681;55.05;53.324;53.543
2019.02.06 00:00;53.573;54.153;52.721;53.741
2019.02.07 00:00;53.759;54.08;51.665;52.455
2019.02.08 00:00;52.478;52.873;51.96;52.571
2019.02.11 00:00;52.593;52.651;51.14;52.34
2019.02.12 00:00;52.33;53.956;52.186;53.227
2019.02.13 00:00;53.253;54.515;53.193;53.856
2019.02.14 00:00;53.895;54.611;53.015;54.394
2019.02.15 00:00;54.392;55.749;54.178;55.722
2019.02.18 00:00;55.735;56.298;55.665;56.023
2019.02.19 00:00;55.99;56.217;55.265;56.013
2019.02.20 00:00;55.974;57.203;55.391;56.846
2019.02.21 00:00;56.849;57.204;56.27;56.467
2019.02.22 00:00;56.485;57.437;56.331;56.721
2019.02.25 00:00;56.785;57.192;54.771;55.1
2019.02.26 00:00;55.117;55.766;54.716;55.689
2019.02.27 00:00;55.673;57.097;55.427;56.697
2019.02.28 00:00;56.681;57.14;56.14;56.957
2019.03.01 00:00;56.9;57.594;55.31;55.477
2019.03.04 00:00;55.621;56.775;55.583;56.216
2019.03.05 00:00;56.194;56.967;55.866;56.029
2019.03.06 00:00;56.05;56.194;55.239;55.955
2019.03.07 00:00;55.978;56.794;55.887;56.217
2019.03.08 00:00;56.198;56.306;54.352;55.842
2019.03.11 00:00;55.833;56.858;55.798;56.623
2019.03.12 00:00;56.611;57.419;56.594;56.939
2019.03.13 00:00;56.942;58.374;56.894;58.213
2019.03.14 00:00;58.22;58.644;57.901;58.413
2019.03.15 00:00;58.406;58.854;57.656;58.32
2019.03.18 00:00;58.357;59.188;58.001;58.924
2019.03.19 00:00;58.931;59.518;58.559;58.956
2019.03.20 00:00;58.952;59.944;58.235;59.651
2019.03.21 00:00;59.684;60.072;59.343;59.544
2019.03.22 00:00;59.519;59.75;57.969;58.638
2019.03.25 00:00;58.687;59.065;57.897;58.785
2019.03.26 00:00;58.819;60.099;58.751;59.721
2019.03.27 00:00;59.707;59.954;58.548;59.13
2019.03.28 00:00;59.133;59.279;57.953;59.237
2019.03.29 00:00;59.257;60.476;59.15;59.939
2019.04.01 00:00;59.941;61.559;59.933;61.517
2019.04.02 00:00;61.535;62.53;61.379;62.339
2019.04.03 00:00;62.392;62.775;61.848;62.279
2019.04.04 00:00;62.27;62.577;61.695;61.967
2019.04.05 00:00;61.973;63.149;61.626;63.077
2019.04.08 00:00;63.17;64.319;62.969;64.272
2019.04.09 00:00;64.228;64.631;63.524;64.092
2019.04.10 00:00;64.053;64.555;63.907;64.312
2019.04.11 00:00;64.33;64.333;63.185;63.586
2019.04.12 00:00;63.592;64.524;63.512;63.646
2019.04.15 00:00;63.657;63.724;62.935;63.467
2019.04.16 00:00;63.445;64.274;62.914;64.234
2019.04.17 00:00;64.197;64.533;63.599;63.654
2019.04.18 00:00;63.672;64.084;63.392;63.898
2019.04.22 00:00;64.095;65.836;64.041;65.517
2019.04.23 00:00;65.619;66.451;65.43;66.021
2019.04.24 00:00;66.008;66.286;65.515;65.636
2019.04.25 00:00;65.628;66.14;64.771;64.962
2019.04.26 00:00;64.977;65.027;62.15;62.71
2019.04.29 00:00;62.732;63.573;62.344;63.477
2019.04.30 00:00;63.457;64.645;63.193;63.341
2019.05.01 00:00;63.31;63.831;62.671;63.498
2019.05.02 00:00;63.486;63.574;60.847;61.458
2019.05.03 00:00;61.452;62.422;61.21;61.759
2019.05.06 00:00;61.086;62.865;59.96;62.508
2019.05.07 00:00;61.909;62.412;60.588;61.314
2019.05.08 00:00;61.364;62.293;60.991;61.912
2019.05.09 00:00;61.915;62.137;60.856;61.517
2019.05.10 00:00;61.584;62.419;61.36;61.676
2019.05.13 00:00;61.6;63.274;60.593;60.784
2019.05.14 00:00;60.812;62.069;60.646;61.303
2019.05.15 00:00;61.291;62.293;60.801;62.057
2019.05.16 00:00;62.06;63.437;62.025;63.076
2019.05.17 00:00;63.084;63.601;62.511;62.7
2019.05.20 00:00;63.328;63.783;62.426;63.097
2019.05.21 00:00;63.124;63.611;62.612;62.787
2019.05.22 00:00;62.758;62.815;60.861;61.146
2019.05.23 00:00;61.142;61.255;57.18;58.014
2019.05.24 00:00;58.051;58.941;57.359;58.847
2019.05.27 00:00;58.787;59.132;58;59.125
2019.05.28 00:00;59.064;59.436;58.496;58.931
2019.05.29 00:00;58.919;58.993;56.764;58.928
2019.05.30 00:00;58.946;59.574;56.22;56.29
2019.05.31 00:00;56.36;56.478;52.955;53.217
2019.06.03 00:00;53.252;54.522;52.008;52.749
2019.06.04 00:00;52.767;53.688;52.336;52.825
2019.06.05 00:00;52.836;53.321;50.524;51.611
2019.06.06 00:00;51.589;53.218;51.098;53.007
2019.06.07 00:00;53.024;54.241;52.55;53.947
2019.06.10 00:00;54.246;54.736;52.993;53.354
2019.06.11 00:00;53.294;53.988;52.843;52.968
2019.06.12 00:00;52.951;52.976;50.674;51.019
2019.06.13 00:00;50.999;53.398;50.875;52.158
2019.06.14 00:00;52.122;52.933;51.65;52.436
2019.06.17 00:00;52.248;52.704;51.554;51.875
2019.06.18 00:00;51.892;54.291;51.467;54.038
2019.06.19 00:00;54.031;54.418;53.278;54.144
2019.06.20 00:00;54.129;57.133;54.112;56.9
2019.06.21 00:00;57.169;57.746;56.427;57.342
2019.06.24 00:00;57.712;58.014;56.539;57.542
2019.06.25 00:00;57.555;58.618;57.001;58.536
2019.06.26 00:00;58.591;59.725;58.455;58.971
2019.06.27 00:00;58.98;59.533;58.412;59.081
2019.06.28 00:00;59.038;59.609;57.574;58.003
2019.07.01 00:00;59.441;60.107;58.172;59.016
2019.07.02 00:00;58.992;59.276;55.94;56.145
2019.07.03 00:00;56.378;57.306;55.896;57.264
2019.07.04 00:00;57.217;57.422;56.329;56.646
2019.07.05 00:00;56.612;57.659;56.161;57.57
2019.07.08 00:00;57.708;58.342;57.18;57.4
2019.07.09 00:00;57.443;58.819;57.188;58.233
2019.07.10 00:00;58.256;60.434;58.243;60.16
2019.07.11 00:00;60.337;60.832;60.049;60.309
2019.07.12 00:00;60.274;60.645;59.835;60.264
2019.07.15 00:00;60.201;60.847;59.139;59.246
2019.07.16 00:00;59.198;60.005;57.03;57.437
2019.07.17 00:00;57.48;58.333;56.196;56.561
2019.07.18 00:00;56.511;57.309;54.713;55.609
2019.07.19 00:00;55.689;56.343;54.986;55.755
2019.07.22 00:00;56.172;56.905;55.706;56.126
2019.07.23 00:00;56.034;57.332;55.619;56.998
2019.07.24 00:00;57.093;57.513;55.215;55.774
2019.07.25 00:00;55.762;56.867;55.683;55.778
2019.07.26 00:00;55.798;56.452;55.571;56.061
2019.07.29 00:00;56.102;56.979;55.712;56.929
2019.07.30 00:00;56.917;58.344;56.864;58.241
2019.07.31 00:00;58.231;58.718;57.693;57.806
2019.08.01 00:00;57.783;57.902;53.51;54.387
2019.08.02 00:00;54.492;55.954;54.052;55.11
2019.08.05 00:00;55.159;55.527;54.15;54.859
2019.08.06 00:00;54.781;55.345;53.212;53.381
2019.08.07 00:00;53.346;53.699;50.462;52.218
2019.08.08 00:00;52.219;52.981;51.883;52.874
2019.08.09 00:00;52.822;54.848;52.315;54.194
2019.08.12 00:00;54.23;55.139;53.501;54.732
2019.08.13 00:00;54.643;57.422;54.163;56.645
2019.08.14 00:00;56.67;56.803;53.935;54.87
2019.08.15 00:00;54.803;55.289;53.727;54.634
2019.08.16 00:00;54.659;55.633;54.239;54.854
2019.08.19 00:00;55.017;56.33;54.792;56.112
2019.08.20 00:00;56.095;56.609;55.176;56.101
2019.08.21 00:00;56.084;57.148;55.565;55.865
2019.08.22 00:00;55.895;56.477;54.864;55.364
2019.08.23 00:00;55.351;55.611;53.252;53.917
2019.08.26 00:00;53.278;55.27;52.955;53.784
2019.08.27 00:00;53.779;55.707;53.699;55.694
2019.08.28 00:00;55.707;56.739;55.349;55.906
2019.08.29 00:00;55.872;56.901;55.438;56.598
2019.08.30 00:00;56.605;56.73;54.556;55.117
2019.09.02 00:00;54.965;55.237;54.339;54.804
2019.09.03 00:00;54.787;55.036;52.832;53.918
2019.09.04 00:00;53.928;56.585;53.817;55.972
2019.09.05 00:00;55.93;57.754;55.752;56.172
2019.09.06 00:00;56.166;56.943;54.82;56.631
2019.09.09 00:00;56.704;58.161;56.573;58.023
2019.09.10 00:00;58.018;58.755;57.187;57.857
2019.09.11 00:00;57.884;58.289;55.596;55.916
2019.09.12 00:00;55.883;56.338;53.995;55.042
2019.09.13 00:00;55.09;55.677;54.424;54.804
2019.09.16 00:00;54.754;63.364;54.754;61.822
2019.09.17 00:00;61.842;62.574;58.431;58.73
2019.09.18 00:00;58.838;59.413;57.703;58.309
2019.09.19 00:00;58.298;59.611;58.132;58.753
2019.09.20 00:00;58.788;59.367;58.04;58.478
2019.09.23 00:00;59.143;59.231;57.478;58.576
2019.09.24 00:00;58.533;58.6;56.768;56.916
2019.09.25 00:00;56.803;57.113;55.716;56.706
2019.09.26 00:00;56.729;56.927;55.501;56.622
2019.09.27 00:00;56.57;56.842;54.836;56.212
2019.09.30 00:00;56.399;56.47;54.052;54.253
2019.10.01 00:00;54.281;54.904;53.117;54.013
2019.10.02 00:00;54.026;54.48;52.233;52.507
2019.10.03 00:00;52.497;52.975;51.048;52.318
2019.10.04 00:00;52.313;53.4;52.095;53.015
2019.10.07 00:00;52.707;54.099;52.626;52.809
2019.10.08 00:00;52.821;53.306;51.85;52.607
2019.10.09 00:00;52.615;53.771;52.348;52.674
2019.10.10 00:00;52.664;53.981;51.402;53.901
2019.10.11 00:00;53.931;54.953;53.671;54.888
2019.10.14 00:00;54.852;54.88;52.788;53.478
2019.10.15 00:00;53.485;53.798;52.405;52.919
2019.10.16 00:00;52.904;53.744;52.522;52.965
2019.10.17 00:00;52.913;54.141;52.627;54.062
2019.10.18 00:00;54.049;54.597;53.34;53.7
2019.10.21 00:00;53.672;54.078;52.767;53.532
2019.10.22 00:00;53.502;54.72;53.138;54.246
2019.10.23 00:00;54.156;55.991;53.531;55.784
2019.10.24 00:00;55.764;56.433;55.326;55.991
2019.10.25 00:00;55.983;56.665;55.523;56.548
2019.10.28 00:00;56.501;56.852;55.511;55.666
2019.10.29 00:00;55.701;55.836;54.534;55.419
2019.10.30 00:00;55.382;55.668;54.354;54.824
2019.10.31 00:00;54.852;55.52;53.65;54.057
2019.11.01 00:00;54.038;56.263;53.985;56.088
2019.11.04 00:00;56.273;57.369;55.776;56.498
2019.11.05 00:00;56.485;57.442;56.223;57.187
2019.11.06 00:00;57.167;57.794;56.062;56.33
2019.11.07 00:00;56.311;57.826;56.223;57.022
2019.11.08 00:00;57.023;57.43;55.715;57.377
2019.11.11 00:00;57.2;57.287;56.209;56.86
2019.11.12 00:00;56.813;57.509;56.5;56.745
2019.11.13 00:00;56.705;57.492;56.169;57.327
2019.11.14 00:00;57.327;57.754;56.602;56.843
2019.11.15 00:00;56.85;57.947;56.404;57.842
2019.11.18 00:00;57.757;58.063;56.522;56.82
2019.11.19 00:00;56.85;57.093;55.056;55.148
2019.11.20 00:00;55.125;57.279;54.759;56.978
2019.11.21 00:00;56.876;58.571;56.51;58.219
2019.11.22 00:00;58.186;58.643;57.412;57.817
2019.11.25 00:00;57.815;58.062;57.13;57.82
2019.11.26 00:00;57.798;58.484;57.681;58.222
2019.11.27 00:00;58.168;58.596;57.435;58.04
2019.11.28 00:00;58.013;58.22;57.557;58.203
2019.11.29 00:00;58.116;58.119;54.953;55.383
2019.12.02 00:00;55.406;56.611;55.391;55.888
2019.12.03 00:00;55.881;56.735;55.293;56.213
2019.12.04 00:00;56.32;58.596;56.214;58.282
2019.12.05 00:00;58.272;59.058;58.036;58.254
2019.12.06 00:00;58.264;59.79;57.649;59.079
2019.12.09 00:00;59.092;59.199;58.187;58.842
2019.12.10 00:00;58.835;59.472;58.479;59.045
2019.12.11 00:00;59.008;59.174;58.072;58.788
2019.12.12 00:00;58.84;59.677;58.714;59.165
2019.12.13 00:00;59.313;60.439;59.237;59.738
2019.12.16 00:00;59.841;60.318;59.685;60.157
2019.12.17 00:00;60.176;60.991;59.998;60.516
2019.12.18 00:00;60.513;61.13;60.267;60.817
2019.12.19 00:00;60.792;61.419;60.716;61.074
2019.12.20 00:00;61.106;61.218;60.044;60.375
2019.12.23 00:00;60.36;60.784;60.121;60.646
2019.12.24 00:00;60.629;61.173;60.491;61.163
2019.12.26 00:00;61.447;61.841;61.078;61.738
2019.12.27 00:00;61.686;61.98;61.247;61.687
2019.12.30 00:00;61.682;62.347;61.103;61.661
2019.12.31 00:00;61.659;61.895;60.632;61.2
2020.01.02 00:00;61.449;61.509;60.65;61.157
2020.01.03 00:00;61.175;64.093;61.115;63.019
2020.01.06 00:00;63.755;64.73;62.645;62.836
2020.01.07 00:00;62.903;63.148;62.114;62.694
2020.01.08 00:00;62.822;65.63;59.142;59.947
2020.01.09 00:00;59.938;60.305;58.661;59.576
2020.01.10 00:00;59.599;59.773;58.84;59.105
2020.01.13 00:00;58.665;59.26;57.906;58.051
2020.01.14 00:00;58.072;58.708;57.716;58.121
2020.01.15 00:00;58.153;58.378;57.386;58.086
2020.01.16 00:00;58.071;58.849;57.571;58.574
2020.01.17 00:00;58.564;58.969;58.286;58.774
2020.01.20 00:00;59.275;59.675;58.537;58.69
2020.01.21 00:00;58.825;58.835;57.688;58.215
2020.01.22 00:00;58.215;58.335;56.023;56.096
2020.01.23 00:00;56.116;56.226;54.749;55.659
2020.01.24 00:00;55.646;55.932;53.832;54.124
2020.01.27 00:00;53.538;53.628;52.107;52.768
2020.01.28 00:00;52.738;54.018;52.651;53.916
2020.01.29 00:00;53.95;54.343;52.791;53.056
2020.01.30 00:00;53.041;53.174;51.638;52.909
2020.01.31 00:00;52.877;53.334;50.952;51.559
2020.02.03 00:00;50.77;51.945;49.768;49.868
2020.02.04 00:00;49.85;51.535;49.278;49.401
2020.02.05 00:00;49.461;51.856;49.458;51.168
2020.02.06 00:00;51.191;52.166;50.213;51.061
2020.02.07 00:00;51.101;51.438;50.064;50.311
2020.02.10 00:00;49.95;50.467;49.405;49.625
2020.02.11 00:00;49.592;50.667;49.577;49.885
2020.02.12 00:00;49.993;51.708;49.985;51.63
2020.02.13 00:00;51.673;51.923;50.585;51.493
2020.02.14 00:00;51.523;52.308;51.305;52.173
2020.02.17 00:00;52.184;52.364;51.799;52.307
2020.02.18 00:00;52.102;52.164;50.89;52.095
2020.02.19 00:00;52.083;53.598;51.902;53.449
2020.02.20 00:00;53.38;54.386;53.184;53.448
2020.02.21 00:00;53.47;53.588;52.309;53.182
2020.02.24 00:00;52.373;52.39;50.233;51.13
2020.02.25 00:00;51.063;51.801;49.494;49.868
2020.02.26 00:00;49.903;50.237;48.116;48.421
2020.02.27 00:00;48.476;48.568;45.711;46.181
2020.02.28 00:00;46.157;46.849;43.695;45.102
2020.03.02 00:00;43.481;47.401;43.469;47.36
2020.03.03 00:00;47.597;48.505;46.344;46.973
2020.03.04 00:00;46.856;48.275;46.525;47.075
2020.03.05 00:00;47.038;47.443;45.533;45.898
2020.03.06 00:00;46.043;46.253;40.95;41.502
2020.03.09 00:00;30.149;34.791;27.28;30.078
2020.03.10 00:00;30.415;34.945;30.128;34.736
2020.03.11 00:00;34.581;36.269;32.496;33.076
2020.03.12 00:00;32.989;33.573;29.971;30.941
2020.03.13 00:00;30.767;33.889;30.281;32.832
2020.03.16 00:00;32.758;32.765;28.111;28.514
2020.03.17 00:00;28.564;30.202;26.712;26.87
2020.03.18 00:00;26.938;27.236;20.26;22.558
2020.03.19 00:00;22.539;27.936;21.498;25.383
2020.03.20 00:00;25.308;28.14;22.126;23.34
2020.03.23 00:00;22.363;23.808;20.57;23.563
2020.03.24 00:00;23.623;24.894;22.846;24.106
2020.03.25 00:00;24.139;24.957;22.677;24.08
2020.03.26 00:00;24.051;24.401;22.154;22.935
2020.03.27 00:00;23.079;23.181;20.683;21.617
2020.03.30 00:00;20.158;20.671;19.106;20.068
2020.03.31 00:00;20.126;21.713;19.843;19.994
2020.04.01 00:00;19.917;21.376;19.748;21.002
2020.04.02 00:00;21.158;27.134;20.603;24.579
2020.04.03 00:00;24.652;28.922;23.346;28.585
2020.04.06 00:00;25.841;28.062;25.249;26.129
2020.04.07 00:00;26.251;27.079;23.409;24.051
2020.04.08 00:00;24.111;26.299;23.619;26.058
2020.04.09 00:00;26.213;28.203;22.472;23.108
2020.04.13 00:00;23.667;24.472;21.951;22.368
2020.04.14 00:00;22.402;22.905;20.937;21.431
2020.04.15 00:00;21.435;21.646;19.977;20.429
2020.04.16 00:00;20.395;20.94;19.425;20.253
2020.04.17 00:00;20.253;20.909;19.285;19.751
2020.04.20 00:00;19.806;19.859;16.205;17.097
2020.04.21 00:00;17.133;18.154;11.039;12.818
2020.04.22 00:00;12.9;14.697;11.191;13.499
2020.04.23 00:00;13.73;15.162;13.115;14.162
2020.04.24 00:00;14.126;14.943;13.549;13.909
2020.04.27 00:00;14.064;14.147;11.87;12.204
2020.04.28 00:00;12.124;13.182;11.606;12.074
2020.04.29 00:00;12;13.768;11.711;13.005
2020.04.30 00:00;13.059;15.206;13.01;15.023
2020.05.01 00:00;14.964;15.899;14.301;15.347
2020.05.04 00:00;15.187;16.702;14.557;16.516
2020.05.05 00:00;16.612;19.353;16.429;19.215
2020.05.06 00:00;19.483;19.812;17.478;18.243
2020.05.07 00:00;18.351;19.904;17.501;17.821
2020.05.08 00:00;17.844;18.981;17.758;18.808
2020.05.11 00:00;19.033;19.695;18.308;18.737
2020.05.12 00:00;18.811;19.96;18.608;19.272
2020.05.13 00:00;19.264;20.169;18.911;19.439
2020.05.14 00:00;19.501;21.326;19.198;21.098
2020.05.15 00:00;21.13;22.676;20.817;22.609
2020.05.18 00:00;22.899;25.67;22.818;25.147
2020.05.19 00:00;25.069;25.594;24.245;24.984
2020.05.20 00:00;24.98;26.616;24.724;26.432
2020.05.21 00:00;26.423;27.454;26.313;26.988
2020.05.22 00:00;26.923;27.031;24.442;26.717
2020.05.25 00:00;27.128;27.896;26.37;27.521
2020.05.26 00:00;27.62;28.586;27.443;28.093
2020.05.27 00:00;28.11;28.316;26.332;26.699
2020.05.28 00:00;26.549;28.539;25.839;28.124
2020.05.29 00:00;28.149;30.067;27.132;29.782
2020.06.01 00:00;29.877;30.71;29.391;30.617
2020.06.02 00:00;30.542;32.083;30.362;31.928
2020.06.03 00:00;31.903;33.137;31.205;31.977
