2003.03.23 00:00;8310.4;8317.4;8033.1;8076.6
2003.03.30 00:00;7982.5;8306.6;7859.4;8220.9
2003.04.06 00:00;8327.7;8450.2;8078;8128.4
2003.04.13 00:00;8144.7;8448.5;8117.9;8264.3
2003.04.20 00:00;8290.2;8472.9;8205.4;8251.1
2003.04.27 00:00;8243.5;8535.2;8222.6;8521.3
2003.05.04 00:00;8518.7;8590.5;8428.1;8558.5
2003.05.11 00:00;8566.9;8704.2;8525.2;8651.5
2003.05.18 00:00;8611.1;8615.1;8384.5;8579
2003.05.25 00:00;8570.1;8856.9;8518.4;8856.9
2003.06.01 00:00;8881.3;9205.8;8841.2;9032.1
2003.06.08 00:00;9051.6;9244.7;8933.1;9137.6
2003.06.15 00:00;9100.2;9364;9097.2;9181.7
2003.06.22 00:00;9176;9186;8968.1;8977.1
2003.06.29 00:00;9009.5;9153.9;8869.7;9070.6
2003.07.06 00:00;9086.7;9262;8991.4;9124.4
2003.07.13 00:00;9130.8;9276.9;9001.5;9178.5
2003.07.20 00:00;9167.8;9291.6;9030.1;9289.6
2003.07.27 00:00;9298;9358;9129.3;9144.3
2003.08.03 00:00;9153.7;9203.5;8980.9;9194.3
2003.08.10 00:00;9190.7;9339.5;9132.4;9335.4
2003.08.17 00:00;9329.7;9505.5;9319.7;9341.3
2003.08.24 00:00;9349.7;9427.3;9235.1;9427.3
2003.08.31 00:00;9448.3;9617.6;9382.1;9524.2
2003.09.07 00:00;9508.5;9608.2;9383.1;9479
2003.09.14 00:00;9481.4;9693.8;9440.2;9640.4
2003.09.21 00:00;9607.2;9607.2;9295.7;9324.6
2003.09.28 00:00;9317.6;9672.7;9232.5;9581.3
2003.10.05 00:00;9568.2;9774.2;9540.4;9718.4
2003.10.12 00:00;9712.3;9877.6;9707;9715.9
2003.10.19 00:00;9723.9;9818.8;9496;9597.2
2003.10.26 00:00;9593.1;9849;9578.9;9785.2
2003.11.02 00:00;9786.1;9936.2;9763.4;9790.7
2003.11.09 00:00;9784.6;9907.6;9717.9;9771.2
2003.11.16 00:00;9733.1;9756.4;9591.6;9649.6
2003.11.23 00:00;9642.5;9811.5;9635.5;9795.4
2003.11.30 00:00;9788.2;9947;9779.2;9864.9
2003.12.07 00:00;9853.8;10053.5;9833.6;10030.4
2003.12.14 00:00;10162.4;10305.9;10013.7;10264.7
2003.12.21 00:00;10225.9;10380.9;10217.9;10319.7
2003.12.28 00:00;10318;10535;10318;10428.7
2004.01.04 00:00;10448;10597.1;10441.9;10465.5
2004.01.11 00:00;10446.8;10610.6;10362.1;10595.5
2004.01.18 00:00;10599.5;10656.7;10491.8;10569.2
2004.01.25 00:00;10572.5;10704.4;10375.7;10492.8
2004.02.01 00:00;10485.1;10588.6;10431.8;10571.6
2004.02.08 00:00;10572.9;10748.2;10554.4;10633.4
2004.02.15 00:00;10647.4;10759.6;10586.1;10629.1
2004.02.22 00:00;10638.4;10659.2;10524.7;10588.8
2004.02.29 00:00;10611.1;10695.9;10510.5;10611.5
2004.03.07 00:00;10605.8;10637.7;10100.3;10237.1
2004.03.14 00:00;10216.4;10347;10093.2;10185.5
2004.03.21 00:00;10152.9;10267;9994;10203.9
2004.03.28 00:00;10224.4;10504.8;10211.3;10493.7
2004.04.04 00:00;10472.2;10576.5;10389.1;10443.2
2004.04.11 00:00;10424.4;10574.3;10309.6;10455.3
2004.04.18 00:00;10443.7;10492.9;10240.8;10462.6
2004.04.25 00:00;10454;10535.8;10203.6;10207.6
2004.05.02 00:00;10216.1;10386.8;10074.8;10077.8
2004.05.09 00:00;10088.3;10099.3;9848.5;10010.1
2004.05.16 00:00;10000.6;10097;9861.4;9969.4
2004.05.23 00:00;10001;10230.1;9916.5;10185
2004.05.30 00:00;10206.2;10301.3;10132;10252.3
2004.06.06 00:00;10275.8;10431.4;10272.8;10411.9
2004.06.13 00:00;10386.1;10440.7;10308.9;10411.9
2004.06.20 00:00;10429.8;10485.5;10301.5;10383.3
2004.06.27 00:00;10409.1;10468.1;10254.6;10263.6
2004.07.04 00:00;10289.4;10302.4;10160;10220
2004.07.11 00:00;10216.8;10278.6;10124.4;10145.4
2004.07.18 00:00;10148.2;10230;9920.6;9952.7
2004.07.25 00:00;9967.5;10163.2;9904.4;10157.2
2004.08.01 00:00;10087;10191.9;9778.4;9791.4
2004.08.08 00:00;9805.3;9951.1;9779.9;9825.9
2004.08.15 00:00;9822.7;10131.4;9792.7;10117.4
2004.08.22 00:00;10111.2;10212.8;10063;10204.8
2004.08.29 00:00;10197.6;10321.2;10074.4;10269.2
2004.09.05 00:00;10301.9;10363.9;10236.6;10291.6
2004.09.12 00:00;10300.4;10349.3;10232.1;10290.9
2004.09.19 00:00;10284.8;10293.7;10022.2;10059.2
2004.09.26 00:00;10070;10207.7;9975.8;10207.7
2004.10.03 00:00;10200.5;10272.5;10037;10052
2004.10.10 00:00;10068.8;10129.6;9874.4;9934.3
2004.10.17 00:00;9946.1;10017;9746.6;9754.6
2004.10.24 00:00;9725.4;10041.3;9687.4;10010.1
2004.10.31 00:00;10006;10415.7;10002;10398.7
2004.11.07 00:00;10385.5;10546.1;10357.4;10542.1
2004.11.14 00:00;10542.9;10617.7;10450.5;10478.5
2004.11.21 00:00;10459.3;10562.9;10402.3;10503.9
2004.11.28 00:00;10516.7;10652.3;10419.6;10579.2
2004.12.05 00:00;10572;10590;10418.7;10562.6
2004.12.12 00:00;10569.4;10732;10530.4;10682.1
2004.12.19 00:00;10661.2;10871.4;10650.3;10834.4
2004.12.26 00:00;10833.6;10871.6;10759;10761
2005.01.02 00:00;10776.1;10871.1;10568.5;10580.5
2005.01.09 00:00;10608.6;10667.6;10476.9;10546
2005.01.16 00:00;10556.2;10631.2;10379.5;10390.5
2005.01.23 00:00;10403.6;10526.7;10363.7;10446.9
2005.01.30 00:00;10478;10717.3;10449.1;10696.3
2005.02.06 00:00;10708.4;10831.7;10655.6;10810.7
2005.02.13 00:00;10810.9;10857;10730.2;10788.2
2005.02.20 00:00;10785.4;10848.6;10608.5;10844.6
2005.02.27 00:00;10843.8;10970.1;10729.8;10967.1
2005.03.06 00:00;10969.2;10981.3;10762.6;10783.6
2005.03.13 00:00;10789.7;10842.8;10554.4;10611.3
2005.03.20 00:00;10610.9;10626;10428;10448.3
2005.03.27 00:00;10469.1;10565.1;10374.6;10397.5
2005.04.03 00:00;10407.1;10556.8;10350.4;10435.3
2005.04.10 00:00;10444.9;10526.2;10051.8;10052.8
2005.04.17 00:00;10040.4;10226.1;9984.2;10171.5
2005.04.24 00:00;10172;10256.1;10029.2;10184.3
2005.05.01 00:00;10180.8;10398.8;10171.9;10315
2005.05.08 00:00;10332.5;10374.7;10065;10145
2005.05.15 00:00;10141.5;10498.3;10135.6;10484.5
2005.05.22 00:00;10471.1;10562.3;10424.9;10542.4
2005.05.29 00:00;10548.2;10588.7;10443.3;10480.3
2005.06.05 00:00;10472.9;10578.3;10429.1;10515.2
2005.06.12 00:00;10513.8;10663;10477.9;10620.2
2005.06.19 00:00;10606;10651.7;10270.2;10297.5
2005.06.26 00:00;10290.2;10428.7;10247.5;10306.7
2005.07.03 00:00;10307.8;10459.7;10039.2;10457.7
2005.07.10 00:00;10450.4;10650.6;10450.4;10639.7
2005.07.17 00:00;10629.4;10740.4;10568.8;10658
2005.07.24 00:00;10650.8;10718.2;10562.5;10662.4
2005.07.31 00:00;10658.1;10701.1;10541;10552.9
2005.08.07 00:00;10554.7;10721.3;10513;10587.3
2005.08.14 00:00;10585;10657.3;10495.9;10587.6
2005.08.21 00:00;10580.4;10648.5;10384.1;10396.1
2005.08.28 00:00;10338.9;10523;10320.9;10458.4
2005.09.04 00:00;10489.5;10691.7;10482.5;10687.7
2005.09.11 00:00;10693.4;10699.4;10518.7;10630.2
2005.09.18 00:00;10620.1;10631.4;10347.7;10426
2005.09.25 00:00;10457.8;10596.4;10406.3;10587.5
2005.10.02 00:00;10585.4;10605.6;10215.1;10279.4
2005.10.09 00:00;10296.3;10333.4;10151.2;10278.4
2005.10.16 00:00;10282.3;10431.3;10187.5;10218.5
2005.10.23 00:00;10224.4;10426.1;10209.1;10386.1
2005.10.30 00:00;10387;10554.4;10369.2;10518.9
2005.11.06 00:00;10518.8;10703.7;10499.9;10702.7
2005.11.13 00:00;10692.6;10783.6;10660.9;10772.7
2005.11.20 00:00;10773.6;10962.5;10757.8;10930.6
2005.11.27 00:00;10940.6;10977.8;10813;10892.9
2005.12.04 00:00;10880.8;10932.5;10730.9;10777
2005.12.11 00:00;10778;10957.6;10739.3;10861.7
2005.12.18 00:00;10871.9;10920.1;10786.4;10886.8
2005.12.25 00:00;10902.5;10937.8;10684.8;10689.8
2006.01.01 00:00;10736.4;10970.8;10677.1;10961.9
2006.01.08 00:00;10953.2;11045.6;10915.2;10952.2
2006.01.15 00:00;10962;10969;10642.3;10646.3
2006.01.22 00:00;10651.5;10926.6;10640.6;10913.7
2006.01.29 00:00;10913;10960.6;10765.3;10769.3
2006.02.05 00:00;10778.5;10947.4;10724.7;10903.2
2006.02.12 00:00;10901.4;11127;10846;11108.1
2006.02.19 00:00;11104;11155;11009.3;11079.4
2006.02.26 00:00;11090.6;11133.1;10958.5;11003.7
2006.03.05 00:00;11003;11094.8;10916.6;11080.9
2006.03.12 00:00;11082.2;11288.7;11059.7;11286.7
2006.03.19 00:00;11277.7;11334.9;11217.8;11276.1
2006.03.26 00:00;11277;11292.4;11094.5;11124.3
2006.04.02 00:00;11130.1;11265.4;11102.5;11122.5
2006.04.09 00:00;11121.3;11181.6;11041.4;11119.8
2006.04.16 00:00;11125.6;11396.4;11025.7;11334.9
2006.04.23 00:00;11342.8;11406.9;11248.8;11396
2006.04.30 00:00;11391.1;11575.6;11314;11568.8
2006.05.07 00:00;11559.7;11668;11369.7;11379.7
2006.05.14 00:00;11359.6;11460;11072.5;11155.5
2006.05.21 00:00;11172.3;11292.4;11001.4;11287.5
2006.05.28 00:00;11268.3;11307.4;11055.7;11239.8
2006.06.04 00:00;11240.6;11240.6;10749.3;10874.2
2006.06.11 00:00;10871;11045.8;10659.2;11008.1
2006.06.18 00:00;11006.1;11129.7;10904.6;10992.7
2006.06.25 00:00;10998.6;11237.3;10897.8;11183
2006.07.02 00:00;11187.9;11272.7;11063.2;11103
2006.07.09 00:00;11102;11176.2;10695.5;10739.5
2006.07.16 00:00;10727.4;11033.5;10670.1;10857.3
2006.07.23 00:00;10856.2;11233;10843.3;11209.2
2006.07.30 00:00;11202.2;11335;11070.4;11247.6
2006.08.06 00:00;11236.7;11270.3;11012.5;11088.7
2006.08.13 00:00;11127.6;11391.5;11075.5;11390.5
2006.08.20 00:00;11379.6;11386.8;11257.2;11295.4
2006.08.27 00:00;11294.4;11475.7;11268.8;11469.8
2006.09.03 00:00;11488.8;11490.8;11315.6;11382.6
2006.09.10 00:00;11380.6;11621.1;11325;11577.7
2006.09.17 00:00;11570.6;11652.2;11478.5;11510.4
2006.09.24 00:00;11525.2;11737.1;11490;11670.7
2006.10.01 00:00;11674.6;11872;11647;11852.1
2006.10.08 00:00;11853;11965;11789.9;11962
2006.10.15 00:00;11959.9;12044;11882.9;12002.3
2006.10.22 00:00;12008.2;12173.7;11976.9;12093.5
2006.10.29 00:00;12088.5;12115.8;11952.4;11982.4
2006.11.05 00:00;11976.4;12185.4;11967.4;12114.5
2006.11.12 00:00;12107.5;12348.6;12088.1;12342.6
2006.11.19 00:00;12343.6;12362.1;12260.1;12277.3
2006.11.26 00:00;12272.4;12305.7;12078.2;12212.1
2006.12.03 00:00;12199.1;12364.4;12195.6;12299.6
2006.12.10 00:00;12303.6;12488.3;12251.3;12440.9
2006.12.17 00:00;12449.8;12495.9;12331.4;12332.4
2006.12.24 00:00;12350.8;12531.9;12338.9;12468.3
2006.12.31 00:00;12468.4;12580.3;12361.5;12382.6
2007.01.07 00:00;12394.6;12569.5;12340.5;12569.5
2007.01.14 00:00;12581.5;12611.1;12521.2;12556.4
2007.01.21 00:00;12560.5;12624.1;12417.7;12481.6
2007.01.28 00:00;12475.7;12694.4;12451.1;12649.9
2007.02.04 00:00;12638;12697.4;12538;12583
2007.02.11 00:00;12572.1;12774.3;12530;12757.5
2007.02.18 00:00;12765.5;12792.3;12629.5;12642.6
2007.02.25 00:00;12651.7;12701.2;12051.9;12091.1
2007.03.04 00:00;12064.1;12337.2;11959.6;12287.6
2007.03.11 00:00;12282.6;12341.3;11935.2;12121.3
2007.03.18 00:00;12109.5;12513.3;12103.5;12487.7
2007.03.25 00:00;12478.9;12496.3;12240.1;12371.5
2007.04.01 00:00;12363.6;12571.3;12318.5;12555.1
2007.04.08 00:00;12590.4;12621.2;12423.9;12620.3
2007.04.15 00:00;12621.4;12972.8;12614.5;12969.8
2007.04.22 00:00;12964;13136.4;12894;13119.5
2007.04.29 00:00;13120.8;13301;13030.9;13273.4
2007.05.06 00:00;13270.7;13366.4;13199.6;13344.7
2007.05.13 00:00;13346;13571.7;13298.9;13567.7
2007.05.20 00:00;13568;13627.9;13425.5;13509.5
2007.05.27 00:00;13514.8;13690.6;13452.6;13667.9
2007.06.03 00:00;13669.2;13690.1;13198.4;13427.7
2007.06.10 00:00;13419;13693.9;13276.2;13632.7
2007.06.17 00:00;13635.2;13698.8;13363.3;13399.1
2007.06.24 00:00;13393.6;13516.2;13250.8;13414.3
2007.07.01 00:00;13423.8;13631.1;13413.3;13622.3
2007.07.08 00:00;13617.8;13925.8;13453.9;13893.1
2007.07.15 00:00;13889.7;14015.2;13795.1;13875.8
2007.07.22 00:00;13869.4;13970.9;13207.7;13235.6
2007.07.29 00:00;13224.1;13494.5;13053.7;13214.9
2007.08.05 00:00;13188.5;13685.9;13058.4;13200.2
2007.08.12 00:00;13228.6;13337;12516.2;13066.8
2007.08.19 00:00;13031.3;13385.1;12986.3;13375.2
2007.08.26 00:00;13370.7;13428.1;13036.9;13342.5
2007.09.02 00:00;13342.2;13494;13081;13151
2007.09.09 00:00;13135.5;13472;13023.4;13445
2007.09.16 00:00;13442.5;13879.1;13366.4;13800.8
2007.09.23 00:00;13808.8;13948.3;13699.1;13909.1
2007.09.30 00:00;13900.2;14126.8;13882.8;14073.1
2007.10.07 00:00;14072.2;14195.4;13945.7;14122.9
2007.10.14 00:00;14115;14137.4;13460.9;13479.8
2007.10.21 00:00;13473.9;13819.2;13359.9;13818.2
2007.10.28 00:00;13802.3;13942.6;13421.3;13599.9
2007.11.04 00:00;13544.1;13645.6;12974.5;12985.5
2007.11.11 00:00;13011.4;13386.8;12940.4;13156.6
2007.11.18 00:00;13183.5;13197.5;12782;12958.4
2007.11.25 00:00;12981.4;13471.9;12723.6;13420.3
2007.12.02 00:00;13392.3;13675.6;13239;13643.7
2007.12.09 00:00;13637.8;13788.4;13322.7;13343.7
2007.12.16 00:00;13347.6;13485.5;13093.3;13448.8
2007.12.23 00:00;13459.6;13573.6;13294.9;13340.8
2007.12.30 00:00;13349.6;13380.8;12776;12817.8
2008.01.06 00:00;12823.6;12921.4;12489.6;12596.9
2008.01.13 00:00;12610.6;12775.6;12000.3;12044.1
2008.01.20 00:00;12056.8;12443.1;11410.5;12193.3
2008.01.27 00:00;12197;12738.9;12039.8;12713.3
2008.02.03 00:00;12716.1;12737.5;12066.1;12143.9
2008.02.10 00:00;12128.6;12555.3;12040.4;12319.2
2008.02.17 00:00;12320;12489.9;12138.3;12370.9
2008.02.24 00:00;12372.7;12742.4;12211;12289.9
2008.03.02 00:00;12263.6;12341.8;11810.1;12052.9
2008.03.09 00:00;11880.7;12301.6;11726.5;11979.6
2008.03.16 00:00;11962.3;12459.3;11705.5;12327
2008.03.23 00:00;12326.1;12615;12187.4;12231.3
2008.03.30 00:00;12225.4;12753.5;12155.5;12604.5
2008.04.06 00:00;12605.6;12726.6;12292.9;12337.9
2008.04.13 00:00;12331;12894.1;12259.1;12803.1
2008.04.20 00:00;12815.2;12938.4;12652.3;12872.4
2008.04.27 00:00;12877.5;13130.7;12778.7;13058.7
2008.05.04 00:00;13040.8;13057.8;12703.1;12743.1
2008.05.11 00:00;12738.2;13031.4;12730.2;12980.4
2008.05.18 00:00;12984.5;13138.5;12458.8;12471.8
2008.05.25 00:00;12478.9;12724;12438.9;12617.1
2008.06.01 00:00;12626.2;12656.4;12186.4;12210.4
2008.06.08 00:00;12208.5;12371.6;12080.7;12303.7
2008.06.15 00:00;12295.8;12348.9;11835.7;11863.7
2008.06.22 00:00;11870.3;11934.8;11302.4;11372.5
2008.06.29 00:00;11382;11454.6;11154.9;11251.9
2008.07.06 00:00;11256.4;11426.1;10976;11104.2
2008.07.13 00:00;11103.8;11522.3;10828.1;11515.2
2008.07.20 00:00;11498.8;11693.4;11316.6;11321.6
2008.07.27 00:00;11343.2;11610.7;11111.6;11315.1
2008.08.03 00:00;11319.7;11756;11207.4;11698
2008.08.10 00:00;11694.5;11860.5;11450.8;11667.4
2008.08.17 00:00;11668;11718.9;11293.2;11623.9
2008.08.24 00:00;11622.5;11715.7;11345;11551.4
2008.08.31 00:00;11551;11795.7;11042.8;11225.8
2008.09.07 00:00;11342.4;11584.1;11103.6;11463.4
2008.09.14 00:00;11351;11574.9;10465.2;11322.8
2008.09.21 00:00;11292.7;11358.7;10719.4;11110
2008.09.28 00:00;11150.7;11168.6;10305.7;10334.6
2008.10.05 00:00;10312.4;10312.4;7862.7;8346.6
2008.10.12 00:00;8469.9;9876.3;8176.6;8737.8
2008.10.19 00:00;8783.3;9308.5;7965.1;8262.7
2008.10.26 00:00;8239.3;9410.7;7934.9;9294.9
2008.11.02 00:00;9280.6;9620.8;8599.8;8989.5
2008.11.09 00:00;9010.1;9198;7936.5;8347.4
2008.11.16 00:00;8380.9;8547.9;7430.1;7998.6
2008.11.23 00:00;8068.1;8817.9;7900.4;8813.9
2008.11.30 00:00;8815.5;8825.5;8115.2;8606.1
2008.12.07 00:00;8603.7;9021.8;8230;8682.1
2008.12.14 00:00;8673.7;8961.5;8465.9;8595
2008.12.21 00:00;8600.7;8676.1;8389.8;8521.1
2008.12.28 00:00;8514.7;9070.8;8362.3;9003.4
2009.01.04 00:00;8989.9;9090.2;8556.4;8574.5
2009.01.11 00:00;8583.2;8590.9;7984;8287.7
2009.01.18 00:00;8306.5;8430;7885.9;8003.2
2009.01.25 00:00;8013;8387.7;7906.4;8009.1
2009.02.01 00:00;7986.8;8305.9;7824.1;8289.8
2009.02.08 00:00;8299.5;8304.1;7684.5;7801.2
2009.02.15 00:00;7769.9;7790.7;7247;7369.2
2009.02.22 00:00;7381.1;7506.1;7023;7058.9
2009.03.01 00:00;7052.8;7059.8;6466.6;6680.8
2009.03.08 00:00;6686.8;7253.9;6512.2;7237.6
2009.03.15 00:00;7232.5;7576;7174.5;7295.8
2009.03.22 00:00;7308.1;7962.4;7308.1;7838.1
2009.03.29 00:00;7810.9;8105.2;7457.5;8059.5
2009.04.05 00:00;8053.4;8132.1;7722.1;8094.8
2009.04.12 00:00;8059.5;8200.8;7877.4;8147.3
2009.04.19 00:00;8130.1;8137.2;7783.9;8112
2009.04.26 00:00;8090.8;8327.7;7912.2;8233.7
2009.05.03 00:00;8220.5;8614;8220.5;8561.3
2009.05.10 00:00;8538;8549;8241.6;8300.8
2009.05.17 00:00;8298.6;8607;8209;8284.5
2009.05.24 00:00;8295.4;8571.1;8219.6;8551
2009.05.31 00:00;8522.8;8905.6;8491.6;8773
2009.06.07 00:00;8762.7;8888.7;8638.7;8797.4
2009.06.14 00:00;8792.1;8792.1;8464.1;8524.4
2009.06.21 00:00;8509.2;8557.3;8241.8;8418
2009.06.28 00:00;8414.9;8569.3;8247;8277.7
2009.07.05 00:00;8269.5;8335;8073.1;8122.2
2009.07.12 00:00;8121.1;8743.1;8052.7;8732
2009.07.19 00:00;8727.9;9095.4;8700.7;9094.4
2009.07.26 00:00;9082.2;9232.5;8985.5;9129.5
2009.08.02 00:00;9127.3;9429.3;9127.3;9351
2009.08.09 00:00;9344.7;9451.9;9181.9;9336.8
2009.08.16 00:00;9324.5;9525;9109.6;9507.9
2009.08.23 00:00;9502.6;9650;9457.3;9549.7
2009.08.30 00:00;9542.4;9569.4;9255.9;9424.3
2009.09.06 00:00;9417;9653.3;9409;9600.2
2009.09.13 00:00;9588.9;9860.9;9500.8;9806.4
2009.09.20 00:00;9798.7;9928.3;9645.7;9688.9
2009.09.27 00:00;9690.2;9840.9;9398.6;9495
2009.10.04 00:00;9491.3;9870.6;9477.7;9866.6
2009.10.11 00:00;9864.9;10059.7;9813.2;9978.4
2009.10.18 00:00;9962.6;10120.1;9892.8;9978.6
2009.10.25 00:00;9969.8;10069.7;9671.5;9705.6
2009.11.01 00:00;9695.9;10041.3;9640.7;10011
2009.11.08 00:00;10012.3;10341;10002.2;10270.9
2009.11.15 00:00;10271.1;10451.8;10257.9;10328
2009.11.22 00:00;10324.2;10501;10134.1;10307
2009.11.29 00:00;10325.1;10520.3;10266.4;10412
2009.12.06 00:00;10408.2;10492.9;10235.7;10492.9
2009.12.13 00:00;10490.1;10568.9;10309.8;10379.3
2009.12.20 00:00;10386.8;10577.1;10369.6;10576.1
2009.12.27 00:00;10556.9;10625.5;10456.1;10483.4
2010.01.03 00:00;10476.5;10667.4;10476.5;10653.9
2010.01.10 00:00;10658.3;10759.1;10586.8;10642
2010.01.17 00:00;10637.4;10760.8;10178.2;10218.4
2010.01.24 00:00;10231;10325.6;10053;10070.1
2010.01.31 00:00;10068.7;10320.8;9839.8;9988.4
2010.02.07 00:00;10001;10172.2;9910.5;10159.8
2010.02.14 00:00;10148.3;10455.6;10105.7;10411.2
2010.02.21 00:00;10399.6;10464.1;10199.5;10350.5
2010.02.28 00:00;10346.9;10577.3;10346.9;10561.2
2010.03.07 00:00;10559.6;10665.9;10512.6;10643.5
2010.03.14 00:00;10640.9;10820;10574;10748.4
2010.03.21 00:00;10701.5;10954.4;10678.2;10856.1
2010.03.28 00:00;10862.7;10952.9;10826.6;10950.9
2010.04.04 00:00;10951.2;11005.9;10841.1;11004.9
2010.04.11 00:00;11018.5;11148.3;10939;11028
2010.04.18 00:00;10998.4;11193.6;10960.9;11183.6
2010.04.25 00:00;11178;11244.8;10952.5;11010.9
2010.05.02 00:00;11005.4;11163.3;9896.6;10364.2
2010.05.09 00:00;10492.1;10942.9;10479;10636.1
2010.05.16 00:00;10622.6;10719.7;9904.1;10180.4
2010.05.23 00:00;10185;10290.1;9772.3;10133.7
2010.05.30 00:00;10191.2;10315.1;9889.9;9956.9
2010.06.06 00:00;9931.6;10218.5;9702.8;10201.5
2010.06.13 00:00;10210.1;10490.2;10188.5;10441.7
2010.06.20 00:00;10492.5;10602.7;10080.5;10165.9
2010.06.27 00:00;10169.4;10203;9605.8;9651
2010.07.04 00:00;9645.5;10199.9;9556.3;10179.8
2010.07.11 00:00;10166.2;10412;10071.2;10107.4
2010.07.18 00:00;10089.8;10434.7;9989.2;10427.6
2010.07.25 00:00;10430.1;10575.9;10332.3;10467.5
2010.08.01 00:00;10494.1;10700.2;10483;10649.8
2010.08.08 00:00;10646.2;10711.8;10247.7;10290.6
2010.08.15 00:00;10296.1;10479.2;10147.3;10222.3
2010.08.22 00:00;10220.8;10304.5;9935;10157.1
2010.08.29 00:00;10150.6;10452.5;9920.3;10441.3
2010.09.05 00:00;10438.7;10490;10303.8;10463.1
2010.09.12 00:00;10479.5;10728.2;10479.5;10624.4
2010.09.19 00:00;10616.4;10883.8;10599.2;10864.5
2010.09.26 00:00;10876.6;10963.6;10743;10842.5
2010.10.03 00:00;10844.5;11044.2;10717.9;11015.8
2010.10.10 00:00;11018.7;11168;10919.5;11089.2
2010.10.17 00:00;11072;11222.1;10920.3;11147.5
2010.10.24 00:00;11147.4;11254.2;11020.9;11125.3
2010.10.31 00:00;11115.1;11469.9;11055;11420.3
2010.11.07 00:00;11411.1;11439.6;11141.7;11183.3
2010.11.14 00:00;11184.2;11278.6;10978.7;11204.2
2010.11.21 00:00;11255.3;11270.2;10992.9;11051
2010.11.28 00:00;11073.8;11413.6;10933.9;11374.2
2010.12.05 00:00;11375.1;11458.4;11297.6;11420
2010.12.12 00:00;11415.8;11522;11386.8;11495.8
2010.12.19 00:00;11507.3;11584.9;11441.5;11581.9
2010.12.26 00:00;11558.5;11621.8;11511.8;11609.2
2011.01.02 00:00;11601.6;11760.8;11596.8;11666.3
2011.01.09 00:00;11663.8;11786.7;11568.9;11776.6
2011.01.16 00:00;11774.1;11898;11732.5;11867.8
2011.01.23 00:00;11854.2;12009.6;11790.3;11798.3
2011.01.30 00:00;11785.7;12085.1;11724.5;12078.8
2011.02.06 00:00;12076.3;12280;12065.1;12269.9
2011.02.13 00:00;12266.3;12400.7;12190.7;12400.7
2011.02.20 00:00;12391.1;12395.1;11981.5;12125.9
2011.02.27 00:00;12126.3;12305.4;11990.5;12162.5
2011.03.06 00:00;12173;12259.9;11896.5;12072.1
2011.03.13 00:00;12044.6;12059.5;11544.2;11871.6
2011.03.20 00:00;11873.1;12259.6;11867;12237.3
2011.03.27 00:00;12231.8;12417.1;12168.6;12372.7
2011.04.03 00:00;12366.1;12460.5;12320.2;12382.4
2011.04.10 00:00;12390.9;12442.5;12156.1;12350.9
2011.04.17 00:00;12345.3;12511.2;12080.8;12478.8
2011.04.24 00:00;12473.4;12833.7;12430.7;12832.7
2011.05.01 00:00;12824;12910.1;12504.1;12602.6
2011.05.08 00:00;12617;12767.4;12531.9;12586.1
2011.05.15 00:00;12560.4;12636.7;12373.7;12489.5
2011.05.22 00:00;12467.8;12490.2;12245.8;12447
2011.05.29 00:00;12436.4;12602.8;12094.5;12129.3
2011.06.05 00:00;12141.8;12179.9;11927;11955
2011.06.12 00:00;11948.5;12121.1;11836.8;11990.7
2011.06.19 00:00;11973.4;12198.3;11851.9;11923.5
2011.06.26 00:00;11927.4;12579;11864.1;12560.9
2011.07.03 00:00;12558.7;12761.7;12518.5;12657.1
2011.07.10 00:00;12637.8;12637.8;12358.1;12488.5
2011.07.17 00:00;12488.3;12782.5;12273.3;12652.9
2011.07.24 00:00;12567.4;12635.1;12056.5;12162.6
2011.07.31 00:00;12266.7;12306.7;11109.7;11421.2
2011.08.07 00:00;11179.7;11341.8;10419.7;11266.3
2011.08.14 00:00;11285.2;11524.1;10794;10829
2011.08.21 00:00;10816;11391.7;10725.8;11290.9
2011.08.28 00:00;11275.8;11713.2;11206.2;11215.2
2011.09.04 00:00;11193.1;11476.3;10924.4;11030.5
2011.09.11 00:00;10928.4;11540.3;10770.1;11524
2011.09.18 00:00;11428.5;11551.7;10536.8;10771
2011.09.25 00:00;10706.9;11358.4;10618;10868.8
2011.10.02 00:00;10886.2;11238.3;10386;11127.4
2011.10.09 00:00;11137.7;11645;11137.7;11617.8
2011.10.16 00:00;11613;11813.4;11270;11808.4
2011.10.23 00:00;11765.4;12274.8;11669.3;12220.6
2011.10.30 00:00;12195.6;12203.6;11610.8;11983.3
2011.11.06 00:00;11994.4;12179.2;11693.5;12147.3
2011.11.13 00:00;12159.4;12233.6;11668.8;11792
2011.11.20 00:00;11744.1;11746.8;11146.1;11204.9
2011.11.27 00:00;11372.3;12191.1;11327.2;12013.6
2011.12.04 00:00;12045.8;12300.6;11963.7;12216.3
2011.12.11 00:00;12198.4;12224.3;11767.2;11851.2
2011.12.18 00:00;11869.5;12304.9;11735.9;12293.9
2011.12.25 00:00;12306.7;12331.7;12137.5;12218.2
2012.01.01 00:00;12418.1;12481.3;12282.4;12373.8
2012.01.08 00:00;12372.9;12523.4;12304.4;12447.8
2012.01.15 00:00;12404.8;12719.6;12381.4;12710.5
2012.01.22 00:00;12682.5;12832.7;12569.6;12655.9
2012.01.29 00:00;12668;12867.3;12517.9;12836
2012.02.05 00:00;12817;12925.9;12736.5;12798.4
2012.02.12 00:00;12851.6;12971.2;12727.2;12957.2
2012.02.19 00:00;13017.3;13047.4;12879.6;12978.6
2012.02.26 00:00;12976.6;13053.6;12877.9;12980.4
2012.03.04 00:00;12980.4;12980.4;12727.5;12935.1
2012.03.11 00:00;12930.1;13290.2;12900;13227
2012.03.18 00:00;13226.1;13274.4;12994.9;13097.7
2012.03.25 00:00;13091.1;13306.2;13023.3;13209.7
2012.04.01 00:00;13233.7;13284.3;12882.5;12912.4
2012.04.08 00:00;12890;13017.4;12695.9;12843.7
2012.04.15 00:00;12836.6;13113.1;12792.4;13026.1
2012.04.22 00:00;13026.1;13248;12824.9;13198.3
2012.04.29 00:00;13213.2;13318.2;12992.9;12997.4
2012.05.06 00:00;12996.2;13019.8;12727.3;12814.3
2012.05.13 00:00;12792.2;12820.7;12336;12357.6
2012.05.20 00:00;12357.6;12599.5;12301.8;12438
2012.05.27 00:00;12437.2;12609.9;12102.9;12121.4
2012.06.03 00:00;12116.4;12576.9;11992.3;12569.4
2012.06.10 00:00;12699.9;12778.3;12360.5;12774.8
2012.06.17 00:00;12852.7;12898.1;12557.4;12633.8
2012.06.24 00:00;12623.2;12896.9;12437.5;12878.9
2012.07.01 00:00;12881.8;12974.3;12696.9;12783.1
2012.07.08 00:00;12759.5;12821;12476.5;12766.1
2012.07.15 00:00;12762.5;12982.9;12626.5;12819.8
2012.07.22 00:00;12819.8;13103.5;12504.7;13073.7
2012.07.29 00:00;13073.7;13117.2;12757.9;13086
2012.08.05 00:00;13086;13217.2;13068;13198.4
2012.08.12 00:00;13198.4;13281.7;13102;13268.1
2012.08.19 00:00;13268.1;13330.8;13032;13173.5
2012.08.26 00:00;13173.5;13204.5;12981.8;13104.5
2012.09.02 00:00;13081.4;13333.5;12977.2;13305.8
2012.09.09 00:00;13296.6;13656.1;13200.9;13586.7
2012.09.16 00:00;13591;13656.6;13494.5;13563.4
2012.09.23 00:00;13562.4;13612.3;13356.4;13434.8
2012.09.30 00:00;13413.6;13655.9;13373.8;13592.4
2012.10.07 00:00;13598.9;13605.9;13277.9;13301.2
2012.10.14 00:00;13301.2;13577.1;13258;13307.8
2012.10.21 00:00;13307.8;13357.4;12977;13090.2
2012.10.28 00:00;13090.2;13260.9;12962.6;13027.9
2012.11.04 00:00;13011.9;13282.7;12698.2;12805.7
2012.11.11 00:00;12794.9;12880.9;12457.9;12594.3
2012.11.18 00:00;12602.3;13001.2;12602.3;12993.1
2012.11.25 00:00;12957.1;13070.2;12755.8;13023.4
2012.12.02 00:00;13014.4;13161.9;12915.8;13155.1
2012.12.09 00:00;13153;13331.1;13111.2;13153.7
2012.12.16 00:00;13199.9;13380.9;13023.5;13196.2
2012.12.23 00:00;13190.2;13190.2;12860.2;12863.7
2012.12.30 00:00;12840.4;13427.2;12799.9;13401.3
2013.01.06 00:00;13412.8;13480.3;13279;13473.6
2013.01.13 00:00;13472.1;13627.1;13421.9;13614.6
2013.01.20 00:00;13609.2;13875.7;13569.8;13849.2
2013.01.27 00:00;13846.6;13993.9;13832.6;13961.8
2013.02.03 00:00;13965.5;14001.4;13828;13955.9
2013.02.10 00:00;13957.5;14027.8;13899.2;13973
2013.02.17 00:00;13959.1;14051.4;13826.7;13996.1
2013.02.24 00:00;13998.1;14143.2;13757.8;14079.3
2013.03.03 00:00;14066.8;14406;14010;14371.2
2013.03.10 00:00;14354.6;14536.3;14351.1;14500.1
2013.03.17 00:00;14388.7;14529.3;14324.2;14500.4
2013.03.24 00:00;14484.6;14568.1;14370.8;14556
2013.03.31 00:00;14553.2;14656.3;14406;14529.7
2013.04.07 00:00;14523.2;14865.7;14475.4;14822.9
2013.04.14 00:00;14828.1;14836.3;14444.1;14503.6
2013.04.21 00:00;14512.4;14743.9;14428;14680.1
2013.04.28 00:00;14679.1;14981.6;14655;14928.8
2013.05.05 00:00;14926.3;15136.7;14903.1;15089.3
2013.05.12 00:00;15054.2;15354.4;15035.5;15337.4
2013.05.19 00:00;15322.3;15540.6;15160.5;15314.9
2013.05.26 00:00;15320.9;15521.8;15110.4;15130.9
2013.06.02 00:00;15132.8;15307.2;14843.8;15223.1
2013.06.09 00:00;15197.5;15298.9;14877.4;15063.7
2013.06.16 00:00;15063.4;15347.4;14674.8;14778.7
2013.06.23 00:00;14773.9;15065.1;14536.6;14894.8
2013.06.30 00:00;14910.3;15168.6;14807.8;15129.7
2013.07.07 00:00;15135.4;15485.4;15118.1;15419
2013.07.14 00:00;15416.6;15581.1;15393.9;15547.5
2013.07.21 00:00;15556.7;15607.6;15385.3;15541.1
2013.07.28 00:00;15533.2;15636.4;15458.4;15629.4
2013.08.04 00:00;15619.5;15632.4;15336.5;15410.5
2013.08.11 00:00;15398.1;15502.2;15053.6;15066.5
2013.08.18 00:00;15064.7;15101.5;14823.1;15011.2
2013.08.25 00:00;15000.9;15050.3;14756.4;14819.8
2013.09.01 00:00;14868.1;15010.8;14772.9;14922.7
2013.09.08 00:00;14910.4;15390.9;14907.9;15384.7
2013.09.15 00:00;15500.8;15728.8;15464.5;15475.1
2013.09.22 00:00;15500.4;15520.9;15196.3;15254.8
2013.09.29 00:00;15169.2;15197.4;14925.7;15052.8
2013.10.06 00:00;14979.8;15236.3;14698.5;15225.3
2013.10.13 00:00;15111.1;15398.1;15086.7;15361.4
2013.10.20 00:00;15366.6;15555.2;15341.8;15540.4
2013.10.27 00:00;15537.1;15714.6;15507.9;15578.9
2013.11.03 00:00;15569.3;15811;15489.8;15729.8
2013.11.10 00:00;15740.2;15955.8;15640;15939.8
2013.11.17 00:00;15938.6;16063.4;15856.7;16050.4
2013.11.24 00:00;16053.8;16177.2;16047.8;16096
2013.12.01 00:00;16111.3;16127;15795.8;16021.3
2013.12.08 00:00;16035.7;16063;15711.6;15762.7
2013.12.15 00:00;15769.1;16289.8;15675;16244.8
2013.12.22 00:00;16275.1;16527.2;16267.6;16483.6
2013.12.29 00:00;16473.3;16565.8;16391;16462.1
2014.01.05 00:00;16449.5;16548.6;16364.5;16430.6
2014.01.12 00:00;16435.6;16491.5;16227.3;16437.2
2014.01.19 00:00;16440.2;16531.2;15857.1;15860.6
2014.01.26 00:00;15840.2;16019.1;15583.9;15693
2014.02.02 00:00;15683.5;15770.4;15304.8;15764.4
2014.02.09 00:00;15774.7;16172.2;15702.1;16149.1
2014.02.16 00:00;16140.8;16221.7;15968.3;16108.2
2014.02.23 00:00;16116.5;16402;16056.7;16337.9
2014.03.02 00:00;16225.3;16517.3;16070.6;16457.3
2014.03.09 00:00;16436.5;16467.2;16050.5;16063.8
2014.03.16 00:00;16064.5;16448.9;15982.8;16291.9
2014.03.23 00:00;16275.9;16458.6;16176.4;16307
2014.03.30 00:00;16349.8;16635.2;16343;16415.9
2014.04.06 00:00;16411.5;16440;15992.1;16030.2
2014.04.13 00:00;15989.7;16435.1;15962.8;16395.9
2014.04.20 00:00;16396.5;16557;16307.2;16359.3
2014.04.27 00:00;16377;16587.8;16282.9;16482.1
2014.05.04 00:00;16482.7;16606;16338.6;16561.8
2014.05.11 00:00;16564.4;16723.4;16393.3;16493.6
2014.05.18 00:00;16493.7;16614;16332.7;16606.9
2014.05.25 00:00;16612.3;16723.5;16607.7;16716.7
2014.06.01 00:00;16723.8;16945;16674.7;16943
2014.06.08 00:00;16944.2;16970.2;16708.8;16772
2014.06.15 00:00;16771.5;16967.7;16700.1;16933.3
2014.06.22 00:00;16918.5;16981.6;16726.6;16822.4
2014.06.29 00:00;16817.4;17056.8;16780.5;17033.7
2014.07.06 00:00;17027.6;17038.5;16777.5;16932
2014.07.13 00:00;16932.6;17136.2;16885.6;17077.3
2014.07.20 00:00;17073.3;17117.1;16891.3;16937.7
2014.07.27 00:00;16935.3;17035.2;16407.4;16458.2
2014.08.03 00:00;16466.5;16563.1;16240.8;16508.5
2014.08.10 00:00;16507.1;16769.9;16493.5;16658.7
2014.08.17 00:00;16712.1;17073.3;16693.4;17014.1
2014.08.24 00:00;17006.3;17151.1;17006.3;17097.2
2014.08.31 00:00;17091.8;17164.8;17007.6;17125
2014.09.07 00:00;17121.1;17137.5;16940.3;16996.2
2014.09.14 00:00;16952.3;17363.9;16925.8;17304
2014.09.21 00:00;17282.7;17292.4;16941.2;17110.6
2014.09.28 00:00;17110;17137;16659.6;16990.4
2014.10.05 00:00;16982.2;17087.5;16499.5;16524.1
2014.10.12 00:00;16477.8;16584;15824.6;16345.4
2014.10.19 00:00;16391.7;16785.7;16217.3;16779.7
2014.10.26 00:00;16788.3;17400.7;16699.9;17339.5
2014.11.02 00:00;17343.7;17587.2;17249.8;17544.5
2014.11.09 00:00;17531;17695.5;17508.8;17638.7
2014.11.16 00:00;17631.2;17896;17541.1;17803.9
2014.11.23 00:00;17803.6;17896.3;17777.9;17833.2
2014.11.30 00:00;17796.3;17993.3;17718.5;17968.3
2014.12.07 00:00;17962.5;17973.2;17257.6;17272.6
2014.12.14 00:00;17271.9;17911.3;17040.1;17826
2014.12.21 00:00;17814.2;18110.5;17811.9;18068.2
2014.12.28 00:00;18079.5;18094.2;17709;17781.2
2015.01.04 00:00;17771.9;17913.9;17227.7;17701.3
2015.01.11 00:00;17698.3;17900.9;17168.4;17465.4
2015.01.18 00:00;17477.7;17835.6;17312;17632.5
2015.01.25 00:00;17553.1;17668.8;17096.3;17143.5
2015.02.01 00:00;17151.3;17922.3;16993.8;17819.2
2015.02.08 00:00;17763.4;18034.1;17650.3;18005.9
2015.02.15 00:00;17995.6;18141.1;17871.8;18122.8
2015.02.22 00:00;18123.6;18243.1;18051;18154.9
2015.03.01 00:00;18154.4;18281.5;17820.3;17873.5
2015.03.08 00:00;17892.1;18026.2;17623.6;17736.1
2015.03.15 00:00;17743.4;18196.3;17687.5;18109.6
2015.03.22 00:00;18112.8;18202.7;17536.8;17693.2
2015.03.29 00:00;17696.2;17992.9;17541.7;17573
2015.04.05 00:00;17595.8;18048.1;17569.4;18028.8
2015.04.12 00:00;18028.2;18148.4;17719.7;17822.9
2015.04.19 00:00;17865.7;18122.8;17823.7;18063.5
2015.04.26 00:00;18069.2;18156.1;17732.4;17974.6
2015.05.03 00:00;17980.8;18189.8;17664.6;18155.3
2015.05.10 00:00;18165.8;18281;17902.8;18255.3
2015.05.17 00:00;18260.9;18359.4;18213;18248.5
2015.05.24 00:00;18243.2;18274.6;17968.8;18036.4
2015.05.31 00:00;18037.3;18175.7;17819.5;17848.7
2015.06.07 00:00;17854.5;18117.6;17701.7;17906.1
2015.06.14 00:00;17826.6;18183.6;17690.2;17997.9
2015.06.21 00:00;18042.4;18189.6;17864.2;17943
2015.06.28 00:00;17645.6;17831;17547.3;17691.1
2015.07.05 00:00;17448.8;17793.1;17423;17727.6
2015.07.12 00:00;17619.1;18133.9;17617;18054.9
2015.07.19 00:00;18044.2;18113.3;17523.6;17571.1
2015.07.26 00:00;17571;17765.7;17366.6;17679
2015.08.02 00:00;17668.3;17699.2;17258.2;17354.3
2015.08.09 00:00;17348.6;17608.4;17110.5;17463.3
2015.08.16 00:00;17471.5;17562.8;16452.2;16516.8
2015.08.23 00:00;16422.6;16701.7;15240;16672.9
2015.08.30 00:00;16644.8;16644.8;15971.3;16128.9
2015.09.06 00:00;16058.8;16693.7;16058.8;16436.8
2015.09.13 00:00;16453.5;16938.7;16306.1;16416.3
2015.09.20 00:00;16415.3;16571.7;15999.7;16261.5
2015.09.27 00:00;16241.9;16467.5;15883.5;16459.4
2015.10.04 00:00;16434.3;17103.9;16407.9;17057.3
2015.10.11 00:00;17035.4;17196.7;16865;17188.9
2015.10.18 00:00;17170;17661.6;17099.4;17608.3
2015.10.25 00:00;17597.6;17826;17519;17656.6
2015.11.01 00:00;17636.4;17956.7;17579.3;17890.8
2015.11.08 00:00;17874.1;17915.2;17190.8;17199.1
2015.11.15 00:00;17147.6;17915.4;17086.4;17836.5
2015.11.22 00:00;17838.3;17899.7;17650.3;17824.4
2015.11.29 00:00;17817.5;17923;17425.4;17840.6
2015.12.06 00:00;17858.9;17880.9;17226.1;17242
2015.12.13 00:00;17273.4;17822.3;17089.6;17114.7
2015.12.20 00:00;17129.9;17596.4;17103.1;17530
2015.12.27 00:00;17530.2;17734.6;17388.7;17388.7
2016.01.03 00:00;17403.4;17468.4;16275.3;16293.8
2016.01.10 00:00;16275.5;16591;15801;15990.2
2016.01.17 00:00;15921.2;16237.7;15411.2;16052.6
2016.01.24 00:00;16051.6;16414.8;15682.6;16411.3
2016.01.31 00:00;16387.6;16464.5;15910.9;16153.2
2016.02.07 00:00;16165.3;16230.1;15480.1;15954.5
2016.02.14 00:00;15995.5;16539.2;15991.3;16388.9
2016.02.21 00:00;16353.6;16837.9;16151;16609.2
2016.02.28 00:00;16604.6;17054.7;16446.3;16989.2
2016.03.06 00:00;16978.9;17227.9;16821.1;17197.9
2016.03.13 00:00;17183.3;17616.3;17119.2;17597.9
2016.03.20 00:00;17576.4;17644.1;17386.8;17544.3
2016.03.27 00:00;17542.8;17793.3;17416;17785.5
2016.04.03 00:00;17776.2;17831.2;17469.1;17564.3
2016.04.10 00:00;17554.6;17946.4;17482.2;17877.6
2016.04.17 00:00;17788.6;18144.8;17754.6;17975.5
2016.04.24 00:00;18008.6;18060.6;17619.1;17761
2016.05.01 00:00;17761.8;17880.2;17517.3;17725.2
2016.05.08 00:00;17715.5;17903.1;17494.4;17518.6
2016.05.15 00:00;17495.9;17751.6;17325.9;17509.9
2016.05.22 00:00;17531.6;17891.8;17455.8;17883.5
2016.05.29 00:00;17891.8;17928.1;17664;17815.7
2016.06.05 00:00;17817.4;18019.8;17789.4;17868.4
2016.06.12 00:00;17825.2;17892.2;17468.5;17662.5
2016.06.19 00:00;17746.3;18118;17275.7;17342.2
2016.06.26 00:00;17306.9;17997;17055;17959.7
2016.07.03 00:00;17978.8;18162.3;17707.2;18118.5
2016.07.10 00:00;18118.7;18571;18117;18450.5
2016.07.17 00:00;18507.5;18641.6;18468.4;18553.4
2016.07.24 00:00;18555.2;18601.2;18364.3;18445.2
2016.07.31 00:00;18474.2;18542;18241.2;18537.8
2016.08.07 00:00;18533.2;18643.3;18471.2;18571
2016.08.14 00:00;18573.7;18669;18486.5;18572.2
2016.08.21 00:00;18568.8;18639.5;18332;18391.5
2016.08.28 00:00;18400;18550.2;18298.2;18492.7
2016.09.04 00:00;18494.5;18553.5;18021.7;18028.3
2016.09.11 00:00;18037;18357.5;17902;18130.2
2016.09.18 00:00;18126.6;18434.5;18073.2;18255.7
2016.09.25 00:00;18242.2;18350.5;18028.3;18263.8
2016.10.02 00:00;18276.2;18322.5;18091.2;18217
2016.10.09 00:00;18255.7;18383.5;17932;18116.5
2016.10.16 00:00;18126;18236.2;18024.2;18127.2
2016.10.23 00:00;18140;18255.5;18034.3;18151
2016.10.30 00:00;18123.2;18205.3;17853.2;17868.3
2016.11.06 00:00;18064.8;18874.3;17464.3;18821.2
2016.11.13 00:00;18850.2;18957;18791.3;18872.5
2016.11.20 00:00;18872.3;19154.7;18860;19152
2016.11.27 00:00;19137.7;19229.5;19057.2;19158.7
2016.12.04 00:00;19095.8;19783.5;19092.2;19781.7
2016.12.11 00:00;19778.5;19964;19745;19849.5
2016.12.18 00:00;19852.5;19985.7;19846;19926.7
2016.12.25 00:00;19915.2;19975.5;19714.8;19764.3
2017.01.01 00:00;19826;19973.3;19757.2;19936.8
2017.01.08 00:00;19935.5;19970;19742;19866.2
2017.01.15 00:00;19871.5;19876.2;19656.5;19801.7
2017.01.22 00:00;19797.8;20117.3;19715;20060.5
2017.01.29 00:00;20010;20052.2;19758.2;20037.2
2017.02.05 00:00;20044.5;20282;19977;20255.5
2017.02.12 00:00;20264.8;20658.2;20259.2;20614.8
2017.02.19 00:00;20602.2;20833.2;20589.2;20790.2
2017.02.26 00:00;20792.2;21169.2;20771.2;20989.2
2017.03.05 00:00;20973.5;20985.8;20780.2;20885.7
2017.03.12 00:00;20891;21027.5;20787;20915.5
2017.03.19 00:00;20900.5;20964.2;20524.2;20612.2
2017.03.26 00:00;20566.8;20741.5;20403.2;20647.8
2017.04.02 00:00;20647;20876.5;20498.3;20653.3
2017.04.09 00:00;20647;20734.5;20430.5;20451.2
2017.04.16 00:00;20437;20626.5;20352.2;20532.5
2017.04.23 00:00;20711;21050;20672.3;20925.8
2017.04.30 00:00;20928.7;21008;20814;21005.2
2017.05.07 00:00;21039.8;21046.2;20791.3;20879
2017.05.14 00:00;20887.3;21024.5;20496;20812.8
2017.05.21 00:00;20808.8;21111;20784.3;21082
2017.05.28 00:00;21087.5;21235.2;20939.2;21207.2
2017.06.04 00:00;21198.8;21304;21115.3;21250
2017.06.11 00:00;21250.8;21405.5;21181.3;21397.2
2017.06.18 00:00;21401.2;21532.2;21321.5;21354.8
2017.06.25 00:00;21361.8;21493;21177.8;21357.6
2017.07.02 00:00;21357.4;21544.5;21293.3;21399.4
2017.07.09 00:00;21399.1;21662.2;21260.2;21637.8
2017.07.16 00:00;21634.8;21658.8;21451.3;21554.4
2017.07.23 00:00;21554.3;21814.5;21478.3;21811.3
2017.07.30 00:00;21804.9;22075.9;21779.4;22049.6
2017.08.06 00:00;22057.8;22158.5;21810.8;21870.9
2017.08.13 00:00;21881.4;22081.2;21634.8;21677.4
2017.08.20 00:00;21708.6;21907.8;21587.8;21805.3
2017.08.27 00:00;21800.1;22039;21650.9;21986.7
2017.09.03 00:00;21895.5;21949.5;21703;21815.4
2017.09.10 00:00;21878.1;22267.3;21869.9;22265.8
2017.09.17 00:00;22260.9;22419.1;22256.1;22336.4
2017.09.24 00:00;22325.8;22382.5;22206.2;22378.3
2017.10.01 00:00;22379.9;22773.1;22379.1;22721.1
2017.10.08 00:00;22717.1;22880.5;22716.9;22855.9
2017.10.15 00:00;22855.6;23311.1;22854.1;23303.8
2017.10.22 00:00;23300.6;23462.5;23228.3;23383.3
2017.10.29 00:00;23383.8;23519.1;23295.4;23472.9
2017.11.05 00:00;23470.9;23579.8;23279.2;23403.3
2017.11.12 00:00;23420.4;23477.7;23220.2;23320.6
2017.11.19 00:00;23331.8;23611.1;23254.3;23527
2017.11.26 00:00;23524.9;24331.9;23483.9;24234
2017.12.03 00:00;24398.3;24538;24074.6;24330.8
2017.12.10 00:00;24335.1;24687.5;24314.2;24666.4
2017.12.17 00:00;24674.6;24878.5;24674.6;24748.1
2017.12.24 00:00;24743.8;24866.8;24648.4;24658.8
2017.12.31 00:00;24715.6;25263.8;24697.5;25261.4
2018.01.07 00:00;25253.1;25795.3;25193.2;25783.3
2018.01.14 00:00;25800.1;26130.4;25665.8;26040.3
2018.01.21 00:00;25965.8;26593.8;25929.1;26570.8
2018.01.28 00:00;26573.1;26668.8;25395.1;25424.5
2018.02.04 00:00;25398.6;25460;23042.5;24177.3
2018.02.11 00:00;24230.1;25414.7;24205.6;25224.3
2018.02.18 00:00;25226.6;25331.6;24569.4;25288.4
2018.02.25 00:00;25340.1;25806.2;24200.3;24533.5
2018.03.04 00:00;24464.6;25342.7;24307.3;25334.5
2018.03.11 00:00;25333.5;25506.8;24665.8;24941.6
2018.03.18 00:00;24943.1;24973.2;23474.2;23559.8
2018.03.25 00:00;23570.1;24413.5;23529.1;24071.4
2018.04.01 00:00;24040.1;24574.2;23285.3;23893.3
2018.04.08 00:00;23956.1;24607.1;23890.6;24324.1
2018.04.15 00:00;24466.1;24808.2;24318.2;24411.6
2018.04.22 00:00;24518.1;24581.4;23764.8;24260.4
2018.04.29 00:00;24251.5;24438.8;23449.8;24215.6
2018.05.06 00:00;24210.1;24833.2;24117.8;24796.3
2018.05.13 00:00;24842.1;24956.5;24590.3;24700.4
2018.05.20 00:00;24894.6;25070;24576.2;24740.3
2018.05.27 00:00;24826.1;24831.1;24222;24633.6
2018.06.03 00:00;24598.9;25325.8;24566.3;25320.4
2018.06.10 00:00;25248.7;25398.5;24891.3;25075.4
2018.06.17 00:00;25051.1;25130.4;24387.3;24565.1
2018.06.24 00:00;24569.1;24598.1;23962.3;24254.4
2018.07.01 00:00;24271.1;24491.5;24008.9;24447.3
2018.07.08 00:00;24458.1;25013.5;24455.6;25003.8
2018.07.15 00:00;25038.1;25189.2;24894.9;25042.8
2018.07.22 00:00;25063.1;25558.1;24937.6;25413.6
2018.07.29 00:00;25405.1;25471.4;25073.5;25408.8
2018.08.05 00:00;25425.8;25648.5;25203.2;25342.8
2018.08.12 00:00;25293.1;25725.5;24946.2;25692.1
2018.08.19 00:00;25688.8;25880.3;25602.5;25798.1
2018.08.26 00:00;25807.1;26181.8;25800.8;26032.4
2018.09.02 00:00;26016.4;26098.1;25813.3;25940.6
2018.09.09 00:00;25948.9;26235.3;25763.2;26155.9
2018.09.16 00:00;26146.1;26793.1;25962.9;26719.8
2018.09.23 00:00;26699.1;26713.1;26320.8;26475.1
2018.09.30 00:00;26504.1;26938.2;26285.2;26472.1
2018.10.07 00:00;26496.1;26534.3;24868.8;25324.4
2018.10.14 00:00;25300.1;25820.1;25086.1;25410.9
2018.10.21 00:00;25304.8;25541.3;24392.5;24670.1
2018.10.28 00:00;24704.3;25661.1;24063;25200.6
2018.11.04 00:00;25193.1;26247.5;25107.8;25947.1
2018.11.11 00:00;25947.1;26077.1;24768.2;25431.9
2018.11.18 00:00;25371.1;25478.1;24234.5;24244.5
2018.11.25 00:00;24261.4;25594.3;24258.3;25581.6
2018.12.02 00:00;25897.1;26080.8;24251.2;24427.7
2018.12.09 00:00;24339.7;24841.7;23891.7;24056.2
2018.12.16 00:00;24020;24222.8;22365.6;22459.6
2018.12.23 00:00;22317.6;23367.8;21440;23046.3
2018.12.30 00:00;23186.6;23499.6;22561;23384
2019.01.06 00:00;23424.7;23996;23276.4;23949.5
2019.01.13 00:00;23909.3;24740.8;23693.6;24735
2019.01.20 00:00;24690.5;24827.3;24214.6;24721.1
2019.01.27 00:00;24681.9;25139.3;24281.6;24997.9
2019.02.03 00:00;24946.4;25384.4;24859.8;25094.4
2019.02.10 00:00;25115.4;25902.7;24979.5;25891.6
2019.02.17 00:00;25911.5;26079.7;25751.2;26038.2
2019.02.24 00:00;26074;26236.5;25870.7;26042.5
2019.03.03 00:00;26108.3;26167.3;25210.8;25516.2
2019.03.10 00:00;25428.5;25926.5;25214.2;25855.1
2019.03.17 00:00;25836.6;26113.5;25496.4;25503.6
2019.03.24 00:00;25577.1;25930.3;25345.4;25918.1
2019.03.31 00:00;25970.1;26477.1;25966.4;26348.4
2019.04.07 00:00;26355.1;26411.5;26031.2;26386.1
2019.04.14 00:00;26389.9;26571.5;26280.9;26544.4
2019.04.21 00:00;26525.1;26666.8;26264.2;26465.4
2019.04.28 00:00;26484.6;26663.1;26122.2;26488.8
2019.05.05 00:00;26072.6;26420.2;25442.2;25938.1
2019.05.12 00:00;25692.1;25940.5;25197.3;25754.4
2019.05.19 00:00;25759.3;25891.9;25310.2;25598.3
2019.05.26 00:00;25604.3;25706.5;24781.4;24798.3
2019.06.02 00:00;24727.9;26080.9;24602.4;26024.8
2019.06.09 00:00;26233.3;26259.7;25888.8;26132.1
2019.06.16 00:00;26131.8;26911.5;26056.8;26663.3
2019.06.23 00:00;26670.4;26815.1;26434.8;26640.9
2019.06.30 00:00;26792.4;26994.1;26599;26887.1
2019.07.07 00:00;26902.1;27320.5;26646.9;27302.4
2019.07.14 00:00;27299.4;27386.8;27048.3;27070.8
2019.07.21 00:00;27098.8;27349;27030.7;27132.6
2019.07.28 00:00;27139.8;27247.6;26204.2;26444.6
2019.08.04 00:00;26383.4;26450.6;25022.1;26288.8
2019.08.11 00:00;26275.8;26401;25219.4;25907.3
2019.08.18 00:00;25949;26370.2;25487.6;25626
2019.08.25 00:00;25416;26554.5;25259.7;26394.1
2019.09.01 00:00;26173;26865;25975;26835.7
2019.09.08 00:00;26825.4;27320.5;26718.7;27228.9
2019.09.15 00:00;27045.2;27267.5;26878.8;26895.1
2019.09.22 00:00;26999.1;27106.3;26690.8;26839.1
2019.09.29 00:00;26928.1;27044.8;25708.3;26520.9
2019.10.06 00:00;26363.3;26979;25985.9;26786.1
2019.10.13 00:00;26768.4;27091.1;26640.3;26766.6
2019.10.20 00:00;26733.1;26970.6;26590.7;26908.3
2019.10.27 00:00;26942.3;27282.3;26850.1;27269.4
2019.11.03 00:00;27290.9;27741.8;27277.9;27645.8
2019.11.10 00:00;27642.1;27972.2;27473.3;27964.3
2019.11.17 00:00;27949.8;28129.3;27644.3;27859.9
2019.11.24 00:00;27927.2;28172.6;27904.7;28072.9
2019.12.01 00:00;28098.7;28197.7;27312.5;28024.6
2019.12.08 00:00;28028.2;28285.5;27719.3;28158.5
2019.12.15 00:00;28185.9;28549.9;28150.9;28493.5
2019.12.22 00:00;28510.2;28751.8;28503.1;28633.8
2019.12.29 00:00;28661.4;28924;28382.9;28633
2020.01.05 00:00;28501.9;29064.2;28128;28812.2
2020.01.12 00:00;28836.6;29407.6;28787.8;29317.6
2020.01.19 00:00;29323.2;29368.2;28850.2;28965.8
2020.01.26 00:00;28736.3;28952;28165;28285.7
2020.02.02 00:00;28267.8;29540;28251.5;29086.3
2020.02.09 00:00;29067.3;29594.5;28903.9;29422.8
2020.02.16 00:00;29436.3;29499.3;28895.2;29000.5
2020.02.23 00:00;28734.4;28774.4;24685.4;25693.8
2020.03.01 00:00;25044.7;27091.3;24862;25798.5
2020.03.08 00:00;25248;25342.9;20378.6;22823.6
2020.03.15 00:00;22816;22816;18923.6;19025.7
2020.03.22 00:00;18372.5;22645.2;18201;21524.2
2020.03.29 00:00;21073.7;22508.6;20624.9;21054.7
2020.04.05 00:00;21199.5;24004.9;21199.5;23763
2020.04.12 00:00;23945.5;24440.9;23089.7;24257
2020.04.19 00:00;24163.8;24317.2;22933.6;23764.8
2020.04.26 00:00;23853.8;24917.3;23654.3;23726.4
2020.05.03 00:00;23480.2;24432.9;23339.2;24412.9
2020.05.10 00:00;24311.8;24576.5;22802.2;23667.9
2020.05.17 00:00;23660.6;24847.5;23623.2;24519.4
2020.05.24 00:00;24476.9;25845.4;24471;25523.5
